ID;PP global;SE global;N global;f global;Scala Diagnose;PP Diagnose;SE Diagnose;N Diagnose;f Diagnose;alle Skalen;alle PP
P000000;-3,28;0,19;38;0,37;;;;;;Sim/B/B02 Sim/B/B01 Sim/A/A06 Sim/A/A02 Sim/A/A01 Sim/A/A05 ;-3,28 (1022,99 | 1 | 0) -3,29 (3,32 | 5 | 0) -3,29 (2,04 | 5 | 0) -3,31 (0,62 | 5 | 0) -3,31 (0,27 | 10 | 0,7) -3,92 (1,05 | 6 | 0,17) 
P000001;4,58;0,12;54;0,85;;;;;;Sim/C/C08 Sim/C/C04 Sim/B/B03 ;4,43 (0,22 | 5 | 0,4) 4,29 (0,25 | 10 | 0,7) 2,26 (0,85 | 6 | 0,83) 
P000002;1,56;0,16;49;0,69;Sim/B/B03;1,82;0,36;10;0,8;Sim/C/C07 Sim/C/C04 Sim/C/C03 Sim/B/B01 Sim/B/B02 ;1,56 (1,95 | 1 | 0) 1,55 (1,71 | 2 | 0) 1,44 (0,35 | 10 | 0,9) 1,4 (0,3 | 10 | 0,7) 1,32 (0,43 | 10 | 0,5) 
P000003;0,98;0,11;51;0,75;Sim/B/B01;1,89;0,46;10;0,8;Sim/A/A02 Sim/B/B03 Sim/B/B02 ;0,83 (0,39 | 10 | 0,9) 0,6 (0,24 | 5 | 0,2) 0,51 (0,25 | 5 | 0,4) 
P000004;4,24;0,1;70;0,73;Sim/C/C08;5,1;0,22;8;1;Sim/C/C09 Sim/C/C10 Sim/C/C06 Sim/C/C05 Sim/B/B03 ;3,93 (0,26 | 10 | 0,2) 3,78 (0,22 | 6 | 0,67) 3,62 (0,24 | 3 | 0,33) 3 (0,23 | 6 | 0,17) 2,55 (1,2 | 5 | 0,8) 
P000005;-2,51;0,15;37;0,3;Sim/B/B01;-1,79;0,46;10;0,1;Sim/B/B02 Sim/A/A06 Sim/A/A02 ;-2,51 (103,87 | 1 | 0) -2,56 (1,27 | 5 | 0) -3,24 (0,48 | 10 | 0,1) 
P000006;-1;0,09;59;0,34;Sim/A/A04;-0,71;0,24;6;0,67;Sim/B/B02 Sim/C/C03 Sim/C/C01 Sim/A/A02 Sim/A/A07 ;-1,01 (0,65 | 6 | 0) -1,03 (0,53 | 6 | 0,17) -1,17 (0,22 | 9 | 0,22) -1,54 (0,24 | 6 | 0,5) -1,82 (1,04 | 7 | 0,14) 
P000007;-4,1;0,14;27;0,22;Sim/A/A01;-4,08;0,22;6;0,5;Sim/B/B02 Sim/B/B01 Sim/A/A02 Sim/A/A06 Sim/A/A03 ;-4,1 (11584,04 | 1 | 0) -4,1 (4,72 | 5 | 0) -4,1 (2,36 | 5 | 0) -4,1 (3,07 | 5 | 0) -4,1 (0,19 | 5 | 0,6) 
P000008;0,29;0,1;70;0,69;Sim/C/C01;0,61;0,46;10;0,9;Sim/C/C02 Sim/A/A07 Sim/A/A02 Sim/A/A06 Sim/B/B01 Sim/A/A04 ;0,28 (0,28 | 10 | 0,5) 0,24 (0,37 | 10 | 0,8) 0,24 (0,34 | 10 | 0,8) 0,08 (0,54 | 9 | 0,89) -0,04 (0,24 | 5 | 0,6) -0,13 (0,24 | 3 | 0,33) 
P000009;-1,47;0,12;57;0,37;Sim/A/A04;-0,97;0,19;5;0,6;Sim/C/C01 Sim/A/A05 Sim/A/A02 Sim/B/B01 ;-1,59 (0,37 | 10 | 0,1) -1,81 (0,28 | 10 | 0,8) -1,98 (0,22 | 6 | 0,5) -2,51 (1,12 | 8 | 0) 
P000010;-4,31;0,16;24;0,13;Sim/A/A01;-4,27;0,23;5;0,4;Sim/B/B02 Sim/A/A02 Sim/B/B01 Sim/A/A06 Sim/A/A03 ;-4,31 (21599,41 | 1 | 0) -4,31 (3,03 | 5 | 0) -4,31 (5,01 | 5 | 0) -4,32 (3,31 | 5 | 0) -4,34 (0,24 | 3 | 0,33) 
P000011;-4,29;0,15;26;0,19;Sim/A/A01;-4,08;0,22;6;0,5;Sim/B/B02 Sim/A/A02 Sim/B/B01 Sim/A/A03 ;-4,29 (20617,01 | 1 | 0) -4,3 (2,98 | 5 | 0) -4,3 (4,98 | 5 | 0) -4,52 (0,25 | 4 | 0,25) 
P000012;-5,44;0,6;31;0,03;;;;;;Sim/B/B02 Sim/B/B01 Sim/A/A06 Sim/A/A01 ;-5,44 (612449,88 | 1 | 0) -5,45 (7,49 | 5 | 0) -5,46 (4,91 | 5 | 0) -5,55 (1,08 | 5 | 0) 
P000013;-5,65;0,88;26;0;;;;;;;
P000014;-3,83;0,15;31;0,32;Sim/A/A03;-3,81;0,22;7;0,57;Sim/B/B02 Sim/A/A01 Sim/A/A02 Sim/A/A06 ;-3,83 (5131,21 | 1 | 0) -3,84 (0,2 | 8 | 0,63) -3,84 (1,61 | 5 | 0) -3,84 (2,74 | 5 | 0) 
P000015;-1,49;0,13;58;0,21;Sim/C/C01;-1,08;0,23;6;0,5;Sim/B/B02 Sim/C/C02 Sim/C/C03 Sim/A/A06 Sim/A/A02 ;-1,54 (1,61 | 5 | 0) -1,76 (0,94 | 6 | 0,17) -1,89 (1,27 | 5 | 0,2) -1,92 (0,65 | 7 | 0) -1,99 (0,23 | 6 | 0,33) 
P000016;-4,41;0,15;27;0,19;Sim/A/A03;-4,01;0,21;5;0,6;Sim/B/B02 Sim/B/B01 Sim/A/A01 ;-4,41 (28656,64 | 1 | 0) -4,41 (5,14 | 5 | 0) -5,32 (0,73 | 6 | 0,17) 
P000017;-3,94;0,18;33;0,24;;;;;;Sim/B/B02 Sim/A/A02 Sim/A/A06 Sim/A/A05 Sim/A/A03 ;-3,94 (7091,91 | 1 | 0) -3,95 (1,92 | 5 | 0) -3,95 (2,88 | 5 | 0) -3,96 (0,96 | 5 | 0) -4,37 (0,21 | 6 | 0,33) 
P000018;-0,29;0,08;68;0,44;Sim/A/A02;-0,09;0,3;10;0,7;Sim/C/C01 Sim/C/C03 Sim/A/A07 Sim/B/B03 Sim/C/C02 Sim/B/B02 ;-0,3 (0,22 | 4 | 0,5) -0,33 (0,32 | 10 | 0,4) -0,38 (0,2 | 6 | 0,5) -0,41 (0,9 | 5 | 0) -0,46 (0,24 | 4 | 0,5) -0,55 (0,25 | 10 | 0,1) 
P000019;1,15;0,14;32;0,56;Sim/B/B03;1,4;0,24;7;0,57;Sim/B/B04 Sim/B/B02 Sim/C/C03 Sim/C/C07 ;1,15 (21,95 | 1 | 0) 0,82 (0,27 | 10 | 0,5) 0,7 (0,2 | 6 | 0,5) 0,7 (4,92 | 1 | 0) 
P000020;0,06;0,09;73;0,53;Sim/A/A04;0,24;0,21;10;0,6;Sim/B/B03 Sim/C/C01 Sim/B/B01 Sim/C/C03 ;0,06 (0,39 | 10 | 0,1) -0,08 (0,22 | 8 | 0,63) -0,26 (0,25 | 5 | 0,6) -0,36 (0,32 | 10 | 0,3) 
P000021;-4,72;0,19;31;0,13;Sim/A/A03;-4,51;0,2;10;0,3;Sim/B/B02 Sim/B/B01 Sim/A/A01 ;-4,72 (73039,89 | 1 | 0) -4,72 (6,6 | 5 | 0) -5,18 (0,58 | 5 | 0) 
P000022;-4,53;0,18;24;0,08;;;;;;Sim/B/B02 Sim/A/A02 Sim/B/B01 Sim/A/A06 Sim/A/A01 ;-4,53 (41055,22 | 1 | 0) -4,53 (3,75 | 5 | 0) -4,53 (5,31 | 5 | 0) -4,53 (3,52 | 5 | 0) -4,66 (0,25 | 5 | 0,2) 
P000023;5,09;0,17;38;0,95;;;;;;Sim/C/C08 ;4,92 (0,18 | 6 | 0,67) 
P000024;0,73;0,1;58;0,62;Sim/B/B03;1,3;0,22;5;0,6;Sim/B/B04 Sim/B/B02 Sim/B/B01 Sim/A/A04 Sim/A/A02 Sim/C/C02 ;0,73 (75,61 | 1 | 0) 0,57 (0,23 | 6 | 0,5) 0,57 (0,3 | 10 | 0,5) 0,55 (0,32 | 10 | 0,8) 0,24 (0,34 | 10 | 0,8) 0,19 (0,26 | 10 | 0,5) 
P000025;5,27;0,21;46;0,89;;;;;;Sim/C/C09 Sim/C/C10 ;5,02 (0,26 | 10 | 0,7) 4,8 (0,57 | 8 | 0,88) 
P000026;-1,81;0,14;44;0,27;Sim/C/C01;-1,54;0,34;10;0,2;Sim/A/A02 Sim/A/A06 Sim/A/A04 Sim/B/B01 ;-1,83 (0,23 | 4 | 0,5) -2,05 (0,74 | 7 | 0) -2,06 (0,59 | 7 | 0,14) -2,51 (1,12 | 8 | 0) 
P000027;1,85;0,21;34;0,68;Sim/B/B03;2,05;0,49;10;0,8;Sim/C/C10 Sim/C/C04 Sim/C/C07 Sim/B/B04 Sim/B/B02 ;1,84 (2,09 | 1 | 0) 1,84 (1,73 | 1 | 0) 1,84 (1,49 | 1 | 0) 1,83 (2,96 | 1 | 0) 1,22 (0,4 | 10 | 0,5) 
P000028;0,84;0,1;61;0,7;Sim/B/B02;1,29;0,42;10;0,5;Sim/A/A02 Sim/B/B01 Sim/C/C03 ;0,83 (0,39 | 10 | 0,9) 0,43 (0,3 | 10 | 0,5) 0,42 (0,21 | 5 | 0,4) 
P000029;2,17;0,21;35;0,63;Sim/B/B02;2,42;0,33;10;0,6;Sim/C/C10 Sim/C/C04 Sim/C/C07 Sim/B/B04 Sim/B/B01 ;2,17 (3,12 | 1 | 0) 2,16 (1,15 | 1 | 0) 2,15 (1,14 | 1 | 0) 1,9 (0,79 | 5 | 0) 1,8 (0,43 | 10 | 0,9) 
P000030;-2,69;0,15;31;0,32;Sim/A/A02;-2,65;0,24;7;0,29;Sim/B/B02 Sim/B/B01 Sim/A/A05 ;-2,69 (174,21 | 1 | 0) -2,69 (1,77 | 5 | 0) -2,77 (0,22 | 4 | 0,5) 
P000031;-3,31;0,21;32;0,22;Sim/A/A01;-3,03;0,35;10;0,7;Sim/B/B02 Sim/B/B01 Sim/A/A06 Sim/A/A02 Sim/A/A05 ;-3,31 (1122,46 | 1 | 0) -3,32 (3,41 | 5 | 0) -3,32 (2,08 | 5 | 0) -3,34 (0,66 | 5 | 0) -3,92 (1,05 | 6 | 0) 
P000032;-0,24;0,09;58;0,47;Sim/C/C02;0,32;0,29;10;0,6;Sim/B/B03 Sim/B/B02 Sim/C/C01 Sim/A/A07 Sim/A/A06 Sim/C/C03 ;-0,25 (0,73 | 5 | 0) -0,31 (0,25 | 3 | 0,33) -0,37 (0,22 | 4 | 0,5) -0,37 (0,23 | 4 | 0,5) -0,58 (0,22 | 4 | 0,75) -0,8 (0,39 | 10 | 0,2) 
P000033;-3;0,18;38;0,32;Sim/A/A02;-2,95;0,31;10;0,1;Sim/B/B02 Sim/B/B01 Sim/A/A06 Sim/A/A05 ;-3 (443,17 | 1 | 0) -3 (2,63 | 5 | 0) -3,01 (1,7 | 5 | 0) -3,92 (1,05 | 6 | 0) 
P000034;-0,47;0,08;58;0,43;Sim/A/A02;-0,08;0,3;10;0,7;Sim/B/B03 Sim/A/A06 Sim/C/C01 Sim/A/A04 Sim/C/C03 ;-0,47 (0,98 | 5 | 0) -0,49 (0,25 | 4 | 0,75) -0,73 (0,2 | 6 | 0,33) -0,78 (0,22 | 7 | 0,43) -1,03 (0,53 | 6 | 0,17) 
P000035;-5,65;0,88;26;0;;;;;;;
P000036;2,14;0,18;69;0,41;Sim/C/C07;2,66;0,31;10;0,3;Sim/C/C05 Sim/B/B04 Sim/B/B01 Sim/B/B03 ;2,09 (0,9 | 8 | 0) 1,9 (0,79 | 5 | 0) 1,82 (0,43 | 10 | 0,8) 1,52 (0,24 | 9 | 0,67) 
P000037;-3,5;0,2;32;0,22;Sim/A/A01;-3,44;0,23;10;0,5;Sim/A/A06 Sim/A/A02 Sim/A/A05 ;-3,5 (2,33 | 5 | 0) -3,51 (0,92 | 5 | 0) -4,01 (1,07 | 6 | 0,17) 
P000038;0,84;0,1;70;0,71;Sim/C/C03;1,67;0,46;10;0,9;Sim/A/A02 Sim/B/B03 Sim/C/C02 Sim/B/B01 Sim/A/A07 Sim/A/A04 ;0,83 (0,39 | 10 | 0,9) 0,82 (0,21 | 4 | 0,5) 0,69 (0,29 | 10 | 0,7) 0,43 (0,3 | 10 | 0,5) 0,24 (0,37 | 10 | 0,8) 0,18 (0,22 | 6 | 0,67) 
P000039;-2,33;0,16;21;0,24;Sim/A/A02;-1,98;0,22;6;0,5;Sim/B/B01 Sim/A/A06 Sim/A/A05 ;-2,33 (1,02 | 5 | 0) -2,34 (1,08 | 5 | 0) -2,56 (0,2 | 5 | 0,4) 
P000040;4,39;0,1;69;0,8;Sim/C/C04;4,61;0,28;10;0,8;Sim/C/C09 Sim/C/C05 Sim/C/C10 Sim/B/B03 ;4,2 (0,24 | 4 | 0,25) 3,97 (0,24 | 7 | 0,71) 3,89 (0,22 | 6 | 0,67) 2,26 (0,85 | 6 | 0,83) 
P000041;3,11;0,1;57;0,54;Sim/C/C06;3,51;0,2;9;0,33;Sim/B/B04 Sim/C/C10 Sim/C/C04 Sim/B/B03 ;3,06 (0,21 | 4 | 0,5) 2,95 (0,23 | 6 | 0) 2,78 (0,35 | 10 | 0,4) 2,05 (0,49 | 10 | 0,8) 
P000042;-1,22;0,1;56;0,21;Sim/C/C03;-0,6;0,34;10;0,1;Sim/A/A07 Sim/B/B01 Sim/A/A06 ;-1,67 (1 | 5 | 0,2) -1,79 (0,46 | 10 | 0,1) -1,87 (0,54 | 10 | 0,1) 
P000043;2,1;0,21;49;0,29;;;;;;Sim/B/B04 Sim/C/C06 Sim/C/C05 Sim/C/C07 Sim/C/C04 Sim/B/B03 ;2 (0,73 | 6 | 0) 1,88 (25,92 | 1 | 0) 1,86 (1,52 | 5 | 0) 1,79 (1,02 | 5 | 0) 1,76 (0,97 | 5 | 0) 1,41 (0,24 | 6 | 0,5) 
P000044;2,4;0,18;39;0,51;Sim/B/B04;2,6;0,23;6;0,33;Sim/C/C10 Sim/C/C04 Sim/B/B01 ;2,37 (0,63 | 5 | 0) 2,05 (0,73 | 5 | 0) 2,02 (0,55 | 7 | 0,86) 
P000045;0,63;0,1;63;0,62;Sim/B/B02;1,32;0,43;10;0,5;Sim/C/C02 Sim/B/B03 Sim/C/C03 Sim/B/B01 ;0,6 (0,29 | 10 | 0,7) 0,52 (0,23 | 6 | 0,33) 0,5 (0,18 | 7 | 0,29) 0,4 (0,3 | 10 | 0,5) 
P000046;-3,39;0,18;43;0,35;Sim/A/A01;-3,29;0,27;10;0,7;Sim/B/B02 Sim/B/B01 Sim/A/A02 Sim/A/A03 Sim/A/A05 ;-3,39 (1411,09 | 1 | 0) -3,39 (3,62 | 5 | 0) -3,4 (0,75 | 5 | 0) -3,42 (0,33 | 10 | 0,7) -4,01 (1,07 | 6 | 0) 
P000047;-1,06;0,09;50;0,32;Sim/A/A06;-0,8;0,18;5;0,6;Sim/A/A02 Sim/A/A04 Sim/C/C02 ;-1,39 (0,23 | 7 | 0,57) -1,44 (0,25 | 4 | 0,25) -1,68 (0,94 | 5 | 0) 
P000048;-2,71;0,15;36;0,36;;;;;;Sim/B/B02 Sim/B/B01 Sim/A/A06 Sim/A/A02 Sim/A/A03 ;-2,71 (186,27 | 1 | 0) -2,71 (1,83 | 5 | 0) -2,72 (1,4 | 5 | 0) -2,75 (0,25 | 10 | 0,2) -2,93 (0,57 | 6 | 0,83) 
P000049;1,96;0,21;33;0,7;;;;;;Sim/B/B04 Sim/C/C10 Sim/C/C04 Sim/C/C07 Sim/B/B03 Sim/B/B02 ;1,96 (2,05 | 1 | 0) 1,96 (1,76 | 1 | 0) 1,95 (1,49 | 1 | 0) 1,95 (1,35 | 1 | 0) 1,89 (0,4 | 10 | 0,8) 1,83 (0,34 | 10 | 0,6) 
P000050;1,52;0,17;37;0,62;Sim/C/C03;1,58;0,42;8;1;Sim/C/C10 Sim/C/C04 Sim/C/C07 Sim/B/B02 Sim/B/B04 Sim/B/B01 Sim/B/B03 ;1,51 (3,51 | 1 | 0) 1,51 (2,74 | 1 | 0) 1,51 (2,04 | 1 | 0) 1,51 (0,43 | 10 | 0,5) 1,44 (9,41 | 1 | 0) 1,43 (0,31 | 10 | 0,7) 1,41 (0,25 | 5 | 0,6) 
P000051;4,93;0,18;31;0,94;;;;;;Sim/C/C09 ;4,71 (0,25 | 3 | 0,67) 
P000052;3,57;0,09;64;0,45;Sim/C/C09;4,12;0,24;6;0,33;Sim/C/C10 Sim/B/B04 Sim/C/C06 Sim/B/B01 ;3,44 (0,2 | 4 | 0,5) 3,39 (0,25 | 4 | 0,5) 2,97 (0,51 | 10 | 0,1) 2,3 (0,74 | 5 | 0,8) 
P000053;0,14;0,09;70;0,54;Sim/B/B01;0,56;0,3;10;0,6;Sim/B/B03 Sim/B/B02 Sim/A/A02 Sim/C/C03 ;0,13 (0,35 | 10 | 0) 0,12 (0,25 | 4 | 0,5) -0,07 (0,31 | 10 | 0,7) -1,02 (0,53 | 7 | 0,14) 
P000054;3,72;0,09;70;0,53;Sim/C/C10;4,1;0,24;10;0,7;Sim/C/C08 Sim/C/C09 Sim/B/B04 Sim/C/C07 ;3,37 (0,6 | 6 | 0) 3,3 (0,68 | 8 | 0) 3,28 (0,22 | 5 | 0,6) 2,95 (0,24 | 10 | 0,2) 
P000055;2,06;0,21;32;0,56;;;;;;Sim/C/C10 Sim/C/C04 Sim/C/C07 Sim/B/B02 Sim/B/B04 ;2,06 (4,35 | 1 | 0) 2,05 (1,32 | 1 | 0) 2,04 (1,25 | 1 | 0) 2,02 (0,3 | 10 | 0,5) 1,9 (0,79 | 5 | 0) 
P000056;0,89;0,11;54;0,65;Sim/B/B03;1,3;0,22;5;0,6;Sim/B/B04 Sim/A/A02 Sim/B/B01 Sim/C/C03 ;0,89 (46,51 | 1 | 0) 0,83 (0,39 | 10 | 0,9) 0,62 (0,3 | 10 | 0,5) 0,31 (0,23 | 7 | 0,29) 
P000057;0,85;0,1;61;0,67;Sim/B/B02;1,32;0,43;10;0,5;Sim/A/A02 Sim/B/B01 Sim/B/B03 ;0,83 (0,39 | 10 | 0,9) 0,7 (0,28 | 10 | 0,5) 0,56 (0,22 | 6 | 0,33) 
P000058;1,65;0,19;39;0,72;Sim/C/C03;1,7;0,5;8;1;Sim/C/C10 Sim/C/C04 Sim/C/C07 Sim/B/B04 Sim/B/B02 Sim/B/B01 ;1,65 (2,83 | 1 | 0) 1,65 (2,26 | 1 | 0) 1,65 (1,79 | 1 | 0) 1,59 (5,98 | 1 | 0) 1,37 (0,44 | 10 | 0,6) 1,26 (0,26 | 10 | 0,7) 
P000059;0,95;0,11;51;0,76;Sim/B/B01;1,8;0,43;10;0,9;Sim/B/B03 Sim/A/A02 Sim/B/B02 ;0,9 (0,23 | 4 | 0,5) 0,83 (0,39 | 10 | 0,9) 0,24 (0,23 | 6 | 0,33) 
P000060;-1,72;0,13;62;0,23;Sim/C/C01;-1,15;0,23;7;0,43;Sim/A/A07 Sim/C/C02 Sim/A/A05 Sim/C/C03 Sim/A/A06 Sim/A/A04 Sim/B/B01 ;-1,73 (0,88 | 5 | 0) -1,76 (0,94 | 6 | 0) -1,8 (0,28 | 10 | 0,7) -1,89 (1,27 | 5 | 0) -1,94 (0,63 | 8 | 0,13) -2,01 (0,54 | 7 | 0) -2,51 (1,12 | 8 | 0) 
P000061;0,5;0,1;54;0,57;Sim/A/A02;0,83;0,39;10;0,9;Sim/B/B01 Sim/C/C02 Sim/B/B02 Sim/A/A04 ;0,43 (0,3 | 10 | 0,5) 0,39 (0,29 | 10 | 0,6) 0,29 (0,22 | 5 | 0,4) 0,26 (0,23 | 8 | 0,5) 
P000062;-1,18;0,1;46;0,24;Sim/A/A02;-0,78;0,24;7;0,57;Sim/B/B02 Sim/A/A07 Sim/C/C01 Sim/C/C02 ;-1,19 (0,95 | 5 | 0) -1,67 (1 | 5 | 0,2) -2,14 (0,72 | 7 | 0,14) -2,59 (1,86 | 5 | 0) 
P000063;2,66;0,13;58;0,36;Sim/C/C05;2,77;0,26;10;0,1;Sim/C/C07 Sim/C/C04 Sim/B/B02 ;2,1 (0,83 | 5 | 0) 2,05 (0,73 | 5 | 0) 1,96 (0,31 | 10 | 0,5) 
P000064;-2,29;0,17;27;0,22;Sim/A/A05;-2,12;0,24;5;0,6;Sim/B/B02 Sim/B/B01 Sim/A/A02 ;-2,29 (53,26 | 1 | 0) -2,3 (1,05 | 5 | 0) -2,49 (0,24 | 6 | 0,33) 
P000065;3,73;0,09;70;0,56;Sim/C/C04;4,33;0,25;10;0,7;Sim/C/C09 Sim/C/C08 Sim/C/C07 Sim/C/C06 Sim/C/C10 Sim/B/B02 Sim/B/B03 ;3,71 (0,35 | 10 | 0,2) 3,69 (0,35 | 10 | 0) 3,6 (0,21 | 4 | 0,5) 3,6 (0,24 | 3 | 0,33) 3,44 (0,2 | 4 | 0,5) 3,26 (0,79 | 5 | 0,8) 2,13 (0,64 | 7 | 0,86) 
P000066;1,76;0,21;31;0,58;Sim/B/B02;1,96;0,3;10;0,6;Sim/C/C10 Sim/C/C04 Sim/C/C07 Sim/B/B04 Sim/B/B03 ;1,76 (2,4 | 1 | 0) 1,75 (1,95 | 1 | 0) 1,75 (1,61 | 1 | 0) 1,72 (1,64 | 2 | 0) 1,41 (0,24 | 6 | 0,5) 
P000067;5,88;0,68;41;0,98;;;;;;Sim/B/B02 ;3,3 (0,83 | 5 | 0,8) 
P000068;0,07;0,09;74;0,47;Sim/B/B03;0,6;0,24;5;0,2;Sim/C/C02 Sim/A/A07 Sim/C/C03 Sim/A/A02 ;-0,01 (0,23 | 10 | 0,4) -0,08 (0,24 | 10 | 0,6) -0,4 (0,33 | 10 | 0,2) -0,66 (0,24 | 9 | 0,44) 
P000069;-1,31;0,11;51;0,25;Sim/B/B01;-1,07;0,29;10;0,4;Sim/B/B02 Sim/A/A07 Sim/C/C02 Sim/C/C03 Sim/A/A04 ;-1,31 (2,97 | 1 | 0) -1,7 (0,99 | 6 | 0,17) -1,76 (0,94 | 6 | 0,17) -1,89 (1,27 | 5 | 0) -2,01 (0,54 | 7 | 0) 
P000070;-2,48;0,15;22;0,27;Sim/A/A02;-2,47;0,24;6;0,33;Sim/B/B01 Sim/A/A05 ;-2,49 (1,25 | 5 | 0) -2,5 (0,19 | 6 | 0,5) 
P000071;2,87;0,11;48;0,46;Sim/B/B04;2,89;0,2;5;0,4;Sim/C/C06 Sim/C/C10 Sim/C/C04 ;2,81 (0,84 | 5 | 0) 2,59 (0,4 | 10 | 0,2) 2,05 (0,73 | 5 | 0,2) 
P000072;-3,01;0,17;37;0,27;Sim/A/A02;-2,49;0,24;6;0,33;Sim/B/B02 Sim/B/B01 Sim/A/A01 Sim/A/A05 ;-3,01 (460,02 | 1 | 0) -3,02 (2,7 | 5 | 0) -3,31 (0,27 | 10 | 0,5) -3,4 (0,41 | 10 | 0,2) 
P000073;-1,14;0,09;50;0,28;Sim/A/A02;-0,82;0,23;10;0,5;Sim/B/B01 Sim/B/B02 Sim/C/C02 Sim/C/C01 Sim/A/A07 ;-1,43 (0,33 | 10 | 0,2) -1,43 (4,2 | 1 | 0) -1,44 (0,6 | 6 | 0,17) -1,48 (0,32 | 10 | 0,2) -1,87 (1,3 | 5 | 0,2) 
P000074;-2,27;0,15;41;0,15;Sim/B/B01;-1,59;0,37;10;0,1;Sim/C/C03 Sim/C/C02 Sim/C/C01 Sim/A/A06 Sim/A/A04 Sim/A/A05 ;-2,28 (2,11 | 1 | 0) -2,28 (2,04 | 1 | 0) -2,28 (1,01 | 3 | 0) -2,29 (1,04 | 5 | 0) -2,29 (0,89 | 5 | 0) -2,37 (0,23 | 4 | 0,5) 
P000075;-3,13;0,18;48;0,35;Sim/A/A01;-2,79;0,43;10;0,7;Sim/B/B02 Sim/B/B01 Sim/A/A02 Sim/A/A03 ;-3,13 (643,1 | 1 | 0) -3,13 (2,92 | 5 | 0) -3,17 (0,44 | 10 | 0) -3,54 (0,29 | 10 | 0,7) 
P000076;-0,96;0,09;57;0,35;Sim/B/B01;-0,45;0,25;8;0,5;Sim/B/B02 Sim/C/C03 Sim/A/A06 Sim/A/A04 Sim/C/C02 Sim/A/A07 ;-0,96 (0,62 | 5 | 0) -1,03 (0,53 | 6 | 0,17) -1,17 (0,24 | 4 | 0,25) -1,17 (0,22 | 3 | 0,33) -1,27 (0,42 | 10 | 0,3) -1,87 (1,3 | 5 | 0,2) 
P000077;2,82;0,11;59;0,37;Sim/C/C04;2,86;0,33;10;0,3;Sim/C/C05 Sim/C/C06 Sim/C/C10 Sim/C/C07 ;2,72 (0,28 | 10 | 0,1) 2,6 (1,1 | 5 | 0) 2,46 (0,51 | 10 | 0,1) 2,1 (0,83 | 5 | 0,2) 
P000078;-5,65;0,88;26;0;;;;;;;
P000079;2,69;0,13;52;0,46;Sim/C/C05;3,1;0,21;5;0,4;Sim/B/B02 Sim/B/B03 Sim/C/C07 Sim/C/C04 ;2,47 (0,33 | 10 | 0,7) 2,31 (0,93 | 5 | 0,8) 2,1 (0,83 | 5 | 0) 2,05 (0,73 | 5 | 0) 
P000080;0,58;0,1;57;0,67;Sim/A/A02;0,83;0,39;10;0,9;Sim/B/B02 Sim/C/C03 Sim/C/C01 Sim/B/B01 ;0,49 (0,23 | 6 | 0,5) 0,4 (0,21 | 5 | 0,4) 0,32 (0,32 | 10 | 0,8) 0,31 (0,28 | 10 | 0,5) 
P000081;0,63;0,1;65;0,63;Sim/B/B02;1,18;0,39;10;0,5;Sim/C/C02 Sim/C/C03 Sim/A/A02 ;0,63 (0,29 | 10 | 0,7) 0,31 (0,19 | 10 | 0,5) -0,1 (0,3 | 10 | 0,7) 
P000082;3,42;0,1;64;0,48;Sim/C/C07;4,05;0,24;7;0,86;Sim/C/C09 Sim/B/B02 Sim/C/C04 Sim/B/B04 Sim/C/C10 ;3,3 (0,68 | 7 | 0,14) 3,26 (0,79 | 5 | 0,8) 3,14 (0,28 | 10 | 0,4) 3,06 (0,21 | 4 | 0,5) 2,99 (0,24 | 4 | 0,25) 
P000083;-1,51;0,13;53;0,17;Sim/A/A02;-1,11;0,22;6;0,33;Sim/B/B02 Sim/A/A07 Sim/C/C01 Sim/A/A06 Sim/A/A04 ;-1,51 (5,27 | 1 | 0) -1,52 (0,67 | 5 | 0) -1,76 (0,45 | 10 | 0,1) -1,93 (0,65 | 8 | 0,13) -2,01 (0,54 | 7 | 0,14) 
P000084;-3,02;0,17;41;0,27;Sim/A/A02;-2,87;0,28;10;0,1;Sim/B/B02 Sim/B/B01 Sim/A/A06 Sim/A/A05 ;-3,02 (466,62 | 1 | 0) -3,02 (2,71 | 5 | 0) -3,02 (1,72 | 5 | 0) -3,12 (0,27 | 10 | 0,2) 
P000085;-2,52;0,15;22;0,23;Sim/A/A02;-2,47;0,24;6;0,33;Sim/A/A05 Sim/B/B01 Sim/A/A06 ;-2,53 (0,19 | 6 | 0,5) -2,53 (1,3 | 5 | 0) -2,53 (1,25 | 5 | 0) 
P000086;0,83;0,09;60;0,6;Sim/C/C03;1,05;0,23;10;0,7;Sim/C/C07 Sim/B/B02 Sim/B/B01 Sim/B/B03 ;0,83 (4,25 | 1 | 0) 0,82 (0,27 | 10 | 0,5) 0,79 (0,26 | 10 | 0,5) 0,19 (0,32 | 10 | 0,1) 
P000087;-0,56;0,08;65;0,48;Sim/A/A06;-0,21;0,33;10;0,8;Sim/C/C02 Sim/B/B01 Sim/A/A04 Sim/A/A02 Sim/C/C03 ;-0,63 (0,22 | 5 | 0,4) -0,66 (0,26 | 10 | 0,5) -0,68 (0,25 | 6 | 0,5) -1,02 (0,23 | 7 | 0,43) -1,03 (0,53 | 6 | 0,17) 
P000088;5,25;0,24;36;0,94;;;;;;Sim/C/C08 ;5,07 (0,22 | 4 | 0,75) 
P000089;-0,96;0,09;55;0,31;Sim/C/C02;-0,27;0,23;5;0,4;Sim/B/B02 Sim/A/A02 Sim/A/A04 Sim/A/A07 ;-0,97 (0,62 | 5 | 0) -1,25 (0,24 | 5 | 0,4) -1,46 (0,24 | 6 | 0,17) -1,62 (0,98 | 5 | 0) 
P000090;1,62;0,17;46;0,7;Sim/B/B02;1,76;0,36;10;0,5;Sim/B/B04 Sim/C/C07 Sim/C/C04 Sim/C/C03 Sim/B/B01 ;1,62 (5,52 | 1 | 0) 1,53 (2,01 | 1 | 0) 1,52 (1,75 | 2 | 0) 1,44 (0,35 | 10 | 0,9) 1,2 (0,25 | 10 | 0,6) 
P000091;0,17;0,1;60;0,53;Sim/B/B01;1,14;0,24;10;0,5;Sim/B/B02 Sim/C/C03 Sim/C/C02 Sim/C/C01 Sim/A/A04 ;0,16 (0,2 | 8 | 0,38) 0,15 (0,35 | 3 | 0) 0 (0,25 | 8 | 0,5) -0,37 (0,22 | 4 | 0,5) -0,8 (0,24 | 7 | 0,29) 
P000092;0,12;0,09;72;0,54;Sim/C/C02;0,51;0,3;10;0,6;Sim/C/C01 Sim/C/C03 Sim/B/B01 ;-0,2 (0,22 | 4 | 0,5) -0,35 (0,32 | 10 | 0,3) -0,48 (0,25 | 9 | 0,56) 
P000093;-1,71;0,14;60;0,18;Sim/C/C01;-1,15;0,23;7;0,43;Sim/A/A07 Sim/C/C02 Sim/A/A06 Sim/C/C03 Sim/A/A04 Sim/A/A05 ;-1,72 (0,87 | 5 | 0) -1,76 (0,94 | 6 | 0) -1,88 (0,54 | 10 | 0,1) -1,89 (1,27 | 5 | 0) -2,01 (0,54 | 7 | 0) -2,15 (0,25 | 3 | 0,67) 
P000094;1,73;0,2;32;0,66;;;;;;Sim/C/C10 Sim/C/C04 Sim/C/C07 Sim/B/B04 Sim/B/B02 Sim/B/B03 ;1,73 (2,49 | 1 | 0) 1,73 (2,02 | 1 | 0) 1,72 (1,65 | 1 | 0) 1,69 (4,49 | 1 | 0) 1,67 (0,39 | 10 | 0,5) 1,45 (0,24 | 6 | 0,67) 
P000095;0,83;0,1;62;0,71;Sim/C/C02;1,33;0,43;10;0,9;Sim/B/B01 Sim/B/B03 Sim/A/A02 ;0,7 (0,28 | 10 | 0,5) 0,67 (0,21 | 6 | 0,5) 0,41 (0,35 | 10 | 0,8) 
P000096;5,97;0,77;41;1;;;;;;;
P000097;1,62;0,18;39;0,59;Sim/C/C03;1,68;0,49;7;1;Sim/C/C10 Sim/C/C04 Sim/C/C07 Sim/B/B04 Sim/B/B02 ;1,62 (2,95 | 1 | 0) 1,62 (2,35 | 1 | 0) 1,62 (1,83 | 1 | 0) 1,56 (2,19 | 2 | 0) 0,9 (0,34 | 10 | 0,4) 
P000098;3,45;0,09;79;0,47;Sim/C/C04;3,91;0,24;8;0,5;Sim/C/C10 Sim/C/C07 Sim/C/C05 Sim/B/B01 Sim/B/B03 ;3,43 (0,18 | 7 | 0,43) 3,18 (0,23 | 5 | 0,4) 2,9 (0,22 | 10 | 0,3) 2,86 (1,28 | 5 | 0,8) 2,23 (0,89 | 5 | 0,8) 
P000099;1,65;0,18;43;0,67;Sim/B/B03;2,05;0,49;10;0,8;Sim/C/C10 Sim/C/C04 Sim/C/C07 Sim/B/B04 Sim/B/B01 Sim/B/B02 ;1,65 (2,82 | 1 | 0) 1,65 (2,25 | 1 | 0) 1,65 (1,78 | 1 | 0) 1,6 (5,89 | 1 | 0) 1,43 (0,31 | 10 | 0,7) 1,18 (0,39 | 10 | 0,5) 
P000100;-0,43;0,08;70;0,43;Sim/C/C02;0,17;0,28;10;0,5;Sim/B/B01 Sim/B/B02 Sim/A/A06 Sim/C/C03 ;-0,82 (0,27 | 10 | 0,4) -0,89 (0,48 | 10 | 0,1) -0,91 (0,2 | 4 | 0,5) -1,29 (0,77 | 5 | 0) 
P000101;-0,42;0,08;62;0,48;Sim/C/C03;0,12;0,23;9;0,44;Sim/B/B03 Sim/C/C01 Sim/A/A06 Sim/A/A04 ;-0,42 (0,94 | 5 | 0) -0,66 (0,18 | 6 | 0,5) -0,84 (0,18 | 5 | 0,6) -0,96 (0,2 | 4 | 0,5) 
P000102;-4,59;0,17;25;0,12;;;;;;Sim/B/B02 Sim/A/A02 Sim/B/B01 Sim/A/A01 ;-4,59 (49206,24 | 1 | 0) -4,59 (3,95 | 5 | 0) -4,59 (5,4 | 5 | 0) -4,66 (0,25 | 5 | 0,2) 
P000103;-2,3;0,14;36;0,28;Sim/A/A05;-1,54;0,45;10;0,9;Sim/B/B02 Sim/A/A06 Sim/A/A04 Sim/B/B01 Sim/A/A02 ;-2,3 (55,7 | 1 | 0) -2,31 (1,05 | 5 | 0) -2,31 (0,91 | 5 | 0) -2,31 (1,06 | 5 | 0) -2,87 (0,28 | 10 | 0,1) 
P000104;3,09;0,09;51;0,49;Sim/C/C04;3,78;0,24;7;0,71;Sim/C/C06 Sim/B/B04 Sim/B/B03 Sim/C/C05 ;2,9 (0,65 | 7 | 0) 2,7 (0,23 | 5 | 0,2) 2,23 (0,89 | 5 | 0,8) 2,12 (0,9 | 7 | 0) 
P000105;-0,34;0,08;68;0,47;Sim/C/C03;0,02;0,25;10;0,4;Sim/B/B03 Sim/C/C01 Sim/A/A06 Sim/A/A04 ;-0,35 (0,86 | 5 | 0) -0,53 (0,21 | 4 | 0,5) -0,65 (0,22 | 3 | 0,67) -0,84 (0,21 | 7 | 0,43) 
P000106;-0,58;0,08;67;0,4;Sim/A/A07;0,06;0,31;10;0,7;Sim/A/A06 Sim/B/B01 Sim/B/B02 Sim/A/A04 ;-0,66 (0,22 | 3 | 0,67) -0,83 (0,27 | 10 | 0,4) -0,96 (0,59 | 7 | 0) -1,17 (0,2 | 7 | 0,29) 
P000107;3,08;0,09;60;0,45;Sim/B/B04;3,63;0,25;10;0,8;Sim/C/C05 Sim/C/C06 Sim/C/C10 Sim/B/B01 Sim/B/B03 Sim/C/C07 ;3,01 (0,21 | 6 | 0,33) 2,91 (0,66 | 6 | 0) 2,46 (0,51 | 10 | 0,1) 2,39 (0,78 | 5 | 0,8) 2,23 (0,89 | 5 | 0,8) 2,1 (0,83 | 5 | 0,2) 
P000108;0,16;0,09;76;0,61;Sim/C/C01;0,61;0,46;10;0,9;Sim/C/C02 Sim/B/B02 Sim/B/B01 Sim/A/A02 Sim/C/C03 ;0,07 (0,25 | 9 | 0,56) 0,04 (0,21 | 6 | 0,5) -0,09 (0,24 | 6 | 0,5) -0,12 (0,3 | 10 | 0,7) -0,12 (0,3 | 10 | 0,4) 
P000109;1,02;0,11;63;0,73;Sim/B/B02;1,63;0,41;10;0,5;Sim/C/C07 Sim/B/B01 Sim/A/A04 Sim/B/B03 ;1,02 (3,46 | 1 | 0) 0,92 (0,25 | 8 | 0,63) 0,68 (0,38 | 10 | 0,8) 0,4 (0,25 | 8 | 0,25) 
P000110;0,23;0,1;59;0,58;Sim/C/C03;0,69;0,21;5;0,6;Sim/B/B03 Sim/C/C01 Sim/B/B01 Sim/C/C02 ;0,06 (0,39 | 10 | 0,1) 0,02 (0,24 | 8 | 0,63) -0,18 (0,25 | 5 | 0,4) -0,31 (0,25 | 5 | 0,4) 
P000111;0,18;0,09;67;0,54;Sim/C/C01;0,61;0,46;10;0,9;Sim/A/A04 Sim/B/B03 Sim/C/C02 Sim/A/A07 ;0,17 (0,24 | 3 | 0,67) 0,16 (0,33 | 10 | 0) -0,11 (0,23 | 9 | 0,44) -0,18 (0,23 | 7 | 0,71) 
P000112;3,11;0,1;53;0,47;Sim/C/C04;3,5;0,25;7;0,57;Sim/C/C07 Sim/C/C06 Sim/C/C10 Sim/B/B03 ;2,99 (0,24 | 6 | 0,33) 2,9 (0,65 | 7 | 0) 2,76 (0,31 | 10 | 0,2) 2,23 (0,89 | 5 | 0,8) 
P000113;2,71;0,12;58;0,4;Sim/C/C05;2,87;0,25;7;0,29;Sim/C/C06 Sim/B/B04 Sim/C/C10 Sim/B/B03 Sim/C/C07 ;2,71 (2,72 | 1 | 0) 2,62 (0,21 | 10 | 0,2) 2,6 (0,4 | 10 | 0,2) 2,31 (0,93 | 5 | 0,8) 2,1 (0,83 | 5 | 0,2) 
P000114;1,99;0,19;67;0,42;Sim/C/C10;2,55;0,44;10;0,2;Sim/C/C05 Sim/C/C04 Sim/B/B01 Sim/B/B04 Sim/B/B03 ;1,98 (1,33 | 5 | 0) 1,96 (0,8 | 5 | 0) 1,8 (0,43 | 10 | 0,9) 1,76 (0,88 | 5 | 0) 1,64 (0,28 | 10 | 0,7) 
P000115;1,54;0,16;43;0,67;Sim/B/B01;1,89;0,46;10;0,8;Sim/C/C10 Sim/C/C04 Sim/C/C07 Sim/B/B04 Sim/B/B02 ;1,54 (3,39 | 1 | 0) 1,54 (2,66 | 1 | 0) 1,53 (2 | 1 | 0) 1,47 (8,64 | 1 | 0) 0,81 (0,26 | 10 | 0,5) 
P000116;4,66;0,12;63;0,84;Sim/C/C04;4,79;0,33;10;1;Sim/C/C10 Sim/C/C08 Sim/C/C06 Sim/B/B04 Sim/B/B02 Sim/B/B03 ;4,46 (0,34 | 10 | 0,8) 4,43 (0,22 | 5 | 0,4) 4,3 (0,21 | 6 | 0,67) 3,91 (0,36 | 10 | 0,9) 3,3 (0,83 | 5 | 0,8) 2,23 (0,89 | 5 | 0,8) 
P000117;-3,53;0,19;34;0,26;;;;;;Sim/B/B02 Sim/B/B01 Sim/A/A06 Sim/A/A02 Sim/A/A01 Sim/A/A05 ;-3,53 (2147,09 | 1 | 0) -3,54 (3,96 | 5 | 0) -3,54 (2,38 | 5 | 0) -3,54 (0,99 | 5 | 0) -3,69 (0,23 | 6 | 0,5) -4,17 (1,15 | 6 | 0) 
P000118;0,64;0,1;57;0,63;Sim/B/B01;1,07;0,24;7;0,57;Sim/C/C02 Sim/C/C03 Sim/B/B03 Sim/A/A02 ;0,6 (0,29 | 10 | 0,7) 0,53 (0,2 | 4 | 0,5) 0,53 (0,23 | 6 | 0,33) 0,24 (0,34 | 10 | 0,8) 
P000119;1,5;0,15;51;0,71;Sim/B/B03;1,89;0,4;10;0,8;Sim/B/B04 Sim/B/B01 Sim/B/B02 Sim/C/C07 Sim/C/C04 Sim/C/C03 ;1,5 (7,79 | 1 | 0) 1,43 (0,31 | 10 | 0,7) 1,32 (0,43 | 10 | 0,6) 1,3 (2,56 | 1 | 0) 1,29 (2 | 2 | 0) 1,15 (0,25 | 10 | 0,8) 
P000120;1,68;0,19;35;0,69;;;;;;Sim/B/B04 Sim/B/B03 Sim/B/B02 ;1,68 (4,57 | 1 | 0) 1,46 (0,25 | 7 | 0,57) 1,37 (0,44 | 10 | 0,6) 
P000121;-0,02;0,09;68;0,51;Sim/C/C02;0,13;0,25;10;0,5;Sim/B/B03 Sim/A/A02 Sim/A/A04 Sim/B/B02 Sim/C/C03 ;-0,03 (0,46 | 9 | 0) -0,08 (0,3 | 10 | 0,7) -0,13 (0,24 | 3 | 0,33) -0,14 (0,22 | 5 | 0,4) -1,29 (0,77 | 7 | 0) 
P000122;-3,3;0,18;45;0,31;Sim/A/A05;-3,16;0,28;10;0,1;Sim/B/B02 Sim/B/B01 Sim/A/A06 Sim/A/A02 Sim/A/A01 ;-3,3 (1073,89 | 1 | 0) -3,3 (3,37 | 5 | 0) -3,3 (2,06 | 5 | 0) -3,32 (0,63 | 5 | 0) -3,45 (0,25 | 10 | 0,5) 
P000123;1,72;0,19;62;0,4;Sim/C/C04;2,39;0,48;10;0,1;Sim/C/C05 Sim/C/C10 Sim/B/B01 Sim/B/B04 Sim/B/B03 ;1,72 (2,17 | 5 | 0) 1,72 (1,49 | 5 | 0) 1,57 (0,36 | 10 | 0,9) 1,54 (6,89 | 1 | 0) 1,41 (0,24 | 6 | 0,5) 
P000124;4,66;0,11;58;0,79;Sim/C/C09;4,8;0,19;10;0,7;Sim/C/C04 Sim/C/C08 Sim/C/C10 Sim/B/B02 Sim/B/B01 ;4,61 (0,28 | 10 | 0,8) 4,58 (0,19 | 5 | 0,4) 4,27 (0,28 | 10 | 0,8) 4,03 (1,72 | 5 | 0,8) 2,86 (1,28 | 5 | 0,8) 
P000125;-5,44;0,6;31;0,03;;;;;;Sim/B/B02 Sim/B/B01 Sim/A/A06 Sim/A/A01 ;-5,44 (612449,88 | 1 | 0) -5,45 (7,49 | 5 | 0) -5,46 (4,91 | 5 | 0) -5,55 (1,08 | 5 | 0) 
P000126;-0,6;0,09;57;0,32;Sim/C/C03;-0,42;0,32;10;0,2;Sim/A/A06 Sim/A/A07 Sim/C/C02 Sim/B/B02 ;-0,66 (0,22 | 3 | 0,67) -0,7 (0,25 | 3 | 0,33) -0,75 (0,23 | 6 | 0,33) -0,78 (0,39 | 10 | 0) 
P000127;1,03;0,12;46;0,59;Sim/B/B03;1,54;0,25;9;0,67;Sim/B/B04 Sim/B/B01 Sim/C/C02 Sim/C/C03 Sim/B/B02 ;1,03 (30,91 | 1 | 0) 0,94 (0,24 | 9 | 0,56) 0,84 (0,3 | 10 | 0,7) 0,83 (0,2 | 7 | 0,57) 0,81 (0,26 | 10 | 0,5) 
P000128;-3,24;0,21;36;0,33;;;;;;Sim/B/B02 Sim/B/B01 Sim/A/A06 Sim/A/A03 Sim/A/A02 Sim/A/A05 ;-3,24 (893,92 | 1 | 0) -3,24 (3,2 | 5 | 0) -3,24 (1,98 | 5 | 0) -3,25 (0,39 | 10 | 0,8) -3,27 (0,57 | 5 | 0) -3,91 (1,06 | 5 | 0) 
P000129;2,91;0,11;65;0,34;Sim/C/C07;3,18;0,23;5;0,4;Sim/B/B04 Sim/C/C10 Sim/C/C05 Sim/C/C04 ;2,73 (0,22 | 5 | 0,2) 2,46 (0,51 | 10 | 0,1) 2,18 (0,88 | 7 | 0) 2,05 (0,73 | 6 | 0,17) 
P000130;0,76;0,1;61;0,62;Sim/B/B02;1,18;0,39;10;0,5;Sim/C/C03 Sim/C/C01 Sim/C/C02 Sim/A/A04 ;0,62 (0,21 | 4 | 0,5) 0,61 (0,46 | 10 | 0,9) 0,19 (0,27 | 10 | 0,5) 0,15 (0,23 | 4 | 0,5) 
P000131;3,7;0,08;76;0,55;Sim/C/C08;4,21;0,21;9;0,33;Sim/C/C10 Sim/C/C07 Sim/C/C04 Sim/C/C06 ;3,64 (0,2 | 5 | 0,6) 3,41 (0,24 | 4 | 0,5) 3,17 (0,28 | 10 | 0,4) 2,97 (0,51 | 10 | 0,1) 
P000132;-0,26;0,08;73;0,47;Sim/A/A02;0,24;0,34;10;0,8;Sim/B/B03 Sim/C/C03 Sim/A/A06 Sim/C/C02 ;-0,27 (0,71 | 6 | 0) -0,64 (0,34 | 10 | 0,2) -0,74 (0,19 | 4 | 0,5) -0,99 (0,28 | 10 | 0,3) 
P000133;0,68;0,1;56;0,66;Sim/C/C02;0,85;0,3;10;0,8;Sim/A/A04 Sim/B/B01 Sim/B/B02 Sim/A/A02 ;0,68 (0,38 | 10 | 0,8) 0,59 (0,3 | 10 | 0,6) 0,51 (0,25 | 5 | 0,4) -0,08 (0,3 | 10 | 0,7) 
P000134;1,02;0,11;63;0,68;Sim/B/B01;1,63;0,38;10;0,8;Sim/C/C07 Sim/C/C04 Sim/B/B03 Sim/A/A04 Sim/A/A02 ;1,02 (3,47 | 1 | 0) 1,02 (3,34 | 1 | 0) 0,77 (0,22 | 5 | 0,4) 0,68 (0,38 | 10 | 0,8) 0,24 (0,34 | 10 | 0,8) 
P000135;0,06;0,09;72;0,46;Sim/B/B01;0,4;0,3;10;0,5;Sim/A/A02 Sim/A/A04 Sim/C/C03 ;-0,1 (0,3 | 10 | 0,7) -0,13 (0,24 | 3 | 0,33) -0,59 (0,33 | 10 | 0,1) 
P000136;0,03;0,09;86;0,56;Sim/B/B01;0,43;0,3;10;0,5;Sim/B/B03 Sim/A/A02 Sim/A/A07 Sim/A/A04 ;0,02 (0,42 | 10 | 0) -0,07 (0,31 | 10 | 0,7) -0,07 (0,26 | 10 | 0,6) -0,59 (0,25 | 7 | 0,43) 
P000137;1,34;0,14;48;0,71;Sim/B/B01;1,8;0,43;10;0,9;Sim/C/C07 Sim/C/C02 Sim/C/C03 ;1,34 (2,44 | 1 | 0) 1,18 (0,36 | 10 | 0,9) 0,99 (0,22 | 10 | 0,7) 
P000138;-1,74;0,18;40;0,1;;;;;;Sim/A/A07 Sim/C/C02 Sim/A/A06 Sim/A/A04 Sim/C/C01 Sim/B/B01 ;-1,76 (1,02 | 5 | 0) -1,76 (1,64 | 1 | 0) -1,93 (0,65 | 8 | 0,13) -2,01 (0,54 | 7 | 0) -2,14 (0,72 | 7 | 0) -2,51 (1,12 | 8 | 0,13) 
P000139;1,37;0,14;61;0,75;Sim/B/B02;1,87;0,33;10;0,5;Sim/C/C07 Sim/C/C04 Sim/B/B03 Sim/B/B01 Sim/A/A04 ;1,37 (2,36 | 1 | 0) 1,37 (2,05 | 2 | 0) 1,36 (0,24 | 4 | 0,75) 0,98 (0,25 | 7 | 0,57) 0,68 (0,38 | 10 | 0,8) 
P000140;-1,36;0,12;45;0,13;Sim/A/A02;-1,08;0,23;6;0,33;Sim/A/A04 Sim/C/C02 Sim/B/B01 Sim/B/B02 Sim/A/A07 Sim/C/C01 ;-1,43 (0,25 | 4 | 0) -1,44 (0,6 | 6 | 0,17) -1,59 (0,37 | 10 | 0,1) -1,59 (6,63 | 1 | 0) -1,71 (0,99 | 7 | 0) -2,14 (0,72 | 7 | 0) 
P000141;-2,06;0,15;31;0,39;Sim/A/A05;-1,48;0,48;10;0,9;Sim/A/A06 Sim/A/A02 ;-2,08 (0,88 | 5 | 0) -2,47 (0,24 | 6 | 0,33) 
P000142;0,67;0,09;62;0,65;Sim/C/C02;0,91;0,3;10;0,8;Sim/B/B01 Sim/B/B02 Sim/B/B03 ;0,61 (0,29 | 10 | 0,5) 0,55 (0,22 | 7 | 0,57) 0,4 (0,25 | 8 | 0,13) 
P000143;-1,73;0,14;52;0,21;Sim/B/B01;-1,48;0,34;10;0,1;Sim/C/C02 Sim/A/A07 Sim/A/A04 Sim/A/A06 Sim/C/C01 ;-1,74 (1,63 | 1 | 0) -1,75 (0,89 | 5 | 0) -2,01 (0,54 | 7 | 0) -2,06 (0,72 | 8 | 0) -2,14 (0,72 | 7 | 0) 
P000144;2,61;0,14;54;0,43;Sim/C/C07;3,08;0,22;6;0,5;Sim/C/C10 Sim/C/C04 Sim/C/C05 Sim/B/B01 Sim/B/B04 ;2,6 (0,4 | 10 | 0,2) 2,29 (0,58 | 5 | 0,2) 2,09 (0,9 | 8 | 0,13) 2,02 (0,55 | 7 | 0,86) 2 (0,73 | 6 | 0) 
P000145;-1,37;0,11;50;0,22;Sim/C/C02;-0,95;0,27;10;0,4;Sim/A/A04 Sim/A/A06 Sim/B/B01 Sim/B/B02 Sim/C/C01 ;-1,44 (0,25 | 4 | 0,25) -1,51 (0,32 | 10 | 0,2) -1,59 (0,37 | 10 | 0,1) -1,59 (6,63 | 1 | 0) -2,14 (0,72 | 7 | 0) 
P000146;4,27;0,1;63;0,78;Sim/C/C09;4,75;0,24;5;0,8;Sim/C/C04 Sim/C/C06 Sim/C/C10 Sim/B/B01 ;4,16 (0,25 | 10 | 0,6) 4,04 (0,17 | 5 | 0,6) 3,49 (0,17 | 6 | 0,5) 2,19 (0,74 | 5 | 0,8) 
P000147;3,16;0,09;66;0,44;Sim/C/C04;3,44;0,25;8;0,5;Sim/C/C09 Sim/C/C08 Sim/C/C07 Sim/C/C06 Sim/C/C05 Sim/B/B03 ;3,16 (0,88 | 5 | 0) 3,15 (0,77 | 5 | 0) 3,14 (0,24 | 4 | 0,5) 3,14 (0,37 | 10 | 0) 2,99 (0,21 | 8 | 0,38) 2,13 (0,64 | 7 | 0,86) 
P000148;-0,85;0,08;61;0,3;Sim/A/A04;-0,57;0,24;7;0,57;Sim/B/B02 Sim/A/A07 Sim/A/A02 Sim/A/A06 Sim/C/C02 ;-0,86 (0,46 | 10 | 0) -0,88 (0,24 | 4 | 0,25) -0,9 (0,24 | 6 | 0,5) -1,14 (0,23 | 4 | 0,25) -1,68 (0,94 | 5 | 0) 
P000149;-1,79;0,14;58;0,17;Sim/A/A06;-1,23;0,23;5;0,2;Sim/C/C02 Sim/A/A02 Sim/A/A04 Sim/A/A05 ;-1,79 (1,66 | 1 | 0) -1,81 (0,22 | 6 | 0,33) -2,01 (0,54 | 7 | 0) -2,09 (0,24 | 4 | 0,5) 
P000150;3,29;0,09;53;0,57;Sim/C/C07;3,8;0,2;5;0,6;Sim/C/C05 Sim/C/C10 Sim/C/C06 Sim/C/C04 ;3,16 (0,19 | 6 | 0,5) 3,15 (0,19 | 5 | 0,4) 2,9 (0,65 | 7 | 0,14) 2,75 (0,35 | 10 | 0,4) 
P000151;5,71;0,46;41;0,98;;;;;;Sim/C/C09 ;5,37 (0,43 | 10 | 0,9) 
P000152;-1,45;0,13;50;0,22;Sim/A/A07;-1,23;0,34;10;0,3;Sim/A/A02 Sim/C/C02 Sim/A/A06 Sim/B/B01 ;-1,68 (0,23 | 6 | 0,5) -1,68 (0,94 | 5 | 0) -1,92 (0,65 | 7 | 0) -2,51 (1,12 | 8 | 0,13) 
P000153;-1,91;0,14;35;0,31;;;;;;Sim/B/B01 Sim/C/C01 Sim/A/A02 Sim/A/A04 ;-1,93 (0,6 | 5 | 0) -1,93 (0,61 | 4 | 0) -1,98 (0,22 | 6 | 0,5) -2,06 (0,59 | 7 | 0,14) 
P000154;4,34;0,11;63;0,75;Sim/C/C04;4,8;0,34;10;0,9;Sim/C/C09 Sim/B/B04 Sim/C/C10 Sim/B/B02 ;4,04 (0,24 | 9 | 0,33) 3,79 (0,31 | 10 | 0,7) 3,4 (0,17 | 6 | 0,5) 2,98 (0,51 | 6 | 0,67) 
P000155;-3,33;0,2;37;0,22;Sim/A/A05;-3,1;0,26;10;0,3;Sim/B/B02 Sim/B/B01 Sim/A/A06 Sim/A/A02 Sim/A/A01 ;-3,33 (1174,94 | 1 | 0) -3,33 (3,45 | 5 | 0) -3,33 (2,1 | 5 | 0) -3,35 (0,65 | 6 | 0) -3,44 (0,25 | 10 | 0,5) 
P000156;5,97;0,77;41;1;;;;;;;
P000157;-1,69;0,14;61;0,25;Sim/B/B02;-0,89;0,48;10;0,1;Sim/C/C03 Sim/C/C02 Sim/C/C01 Sim/A/A02 Sim/A/A04 Sim/A/A06 ;-1,7 (1,47 | 1 | 0) -1,7 (1,61 | 1 | 0) -1,73 (0,44 | 10 | 0,1) -1,84 (0,23 | 5 | 0,6) -1,94 (0,44 | 10 | 0,1) -2,05 (0,74 | 7 | 0) 
P000158;4,52;0,11;60;0,85;Sim/C/C04;5,07;0,46;10;0,9;Sim/C/C09 Sim/C/C06 Sim/C/C05 Sim/B/B02 ;4,35 (0,22 | 4 | 0,5) 4,27 (0,21 | 5 | 0,8) 4,07 (0,26 | 10 | 0,8) 4,03 (1,72 | 5 | 0,8) 
P000159;-3,18;0,19;42;0,24;Sim/A/A02;-2,87;0,28;10;0,1;Sim/B/B02 Sim/B/B01 Sim/A/A01 Sim/A/A05 ;-3,18 (749,41 | 1 | 0) -3,18 (3,05 | 5 | 0) -3,3 (0,27 | 10 | 0,6) -3,4 (0,41 | 10 | 0,2) 
P000160;-0,08;0,09;68;0,47;Sim/B/B03;0,29;0,27;10;0,1;Sim/C/C01 Sim/B/B01 Sim/C/C02 Sim/C/C03 Sim/A/A02 ;-0,09 (0,23 | 6 | 0,5) -0,18 (0,25 | 5 | 0,4) -0,31 (0,25 | 4 | 0,5) -0,44 (0,32 | 10 | 0,3) -0,74 (0,25 | 8 | 0,5) 
P000161;-1,67;0,14;49;0,29;Sim/B/B01;-1,59;0,37;10;0,1;Sim/C/C02 Sim/A/A06 Sim/A/A02 Sim/C/C01 ;-1,68 (1,6 | 1 | 0) -1,7 (0,41 | 10 | 0,2) -1,84 (0,23 | 5 | 0,6) -2,14 (0,72 | 7 | 0) 
P000162;-0,76;0,08;59;0,37;Sim/B/B01;-0,17;0,24;6;0,67;Sim/C/C02 Sim/A/A06 Sim/A/A04 ;-0,77 (0,24 | 5 | 0,4) -1,17 (0,24 | 4 | 0,25) -1,44 (0,25 | 4 | 0,25) 
P000163;-0,73;0,08;68;0,43;Sim/B/B03;0,58;0,23;5;0,4;Sim/A/A06 Sim/A/A02 Sim/C/C01 Sim/C/C02 Sim/A/A04 Sim/B/B01 Sim/C/C03 ;-0,74 (0,19 | 4 | 0,5) -0,93 (0,22 | 8 | 0,5) -0,95 (0,22 | 5 | 0,4) -1,02 (0,29 | 10 | 0,2) -1,06 (0,17 | 7 | 0,43) -1,23 (0,3 | 10 | 0,3) -1,89 (1,27 | 5 | 0,2) 
P000164;5,97;0,77;41;1;;;;;;;
P000165;-3,95;0,15;32;0,19;Sim/A/A01;-3,69;0,23;6;0,5;Sim/B/B02 Sim/B/B01 Sim/A/A02 Sim/A/A06 Sim/A/A03 ;-3,95 (7394,27 | 1 | 0) -3,95 (4,51 | 5 | 0) -3,95 (1,92 | 5 | 0) -3,95 (2,88 | 5 | 0) -4,47 (0,22 | 6 | 0,17) 
P000166;-1,97;0,15;46;0,15;Sim/A/A02;-1,54;0,24;6;0,5;Sim/C/C02 Sim/B/B01 Sim/A/A04 Sim/C/C01 Sim/A/A05 ;-1,97 (1,77 | 1 | 0) -1,99 (0,65 | 5 | 0) -2,01 (0,5 | 10 | 0) -2,13 (0,73 | 5 | 0,2) -2,21 (0,23 | 4 | 0,5) 
P000167;2,05;0,21;32;0,56;;;;;;Sim/C/C10 Sim/C/C04 Sim/C/C07 Sim/B/B02 Sim/B/B04 ;2,05 (4,41 | 1 | 0) 2,05 (1,33 | 1 | 0) 2,04 (1,25 | 1 | 0) 2,02 (0,3 | 10 | 0,5) 1,9 (0,79 | 5 | 0) 
P000168;0,27;0,09;69;0,65;Sim/B/B03;1,05;0,23;5;0,6;Sim/B/B02 Sim/C/C01 Sim/B/B01 Sim/A/A07 Sim/C/C02 Sim/A/A02 ;0,12 (0,21 | 5 | 0,4) -0,04 (0,21 | 10 | 0,7) -0,04 (0,24 | 5 | 0,6) -0,12 (0,25 | 9 | 0,56) -0,31 (0,25 | 5 | 0,4) -0,72 (0,25 | 8 | 0,5) 
P000169;-5,65;0,88;26;0;;;;;;;
P000170;1,47;0,15;43;0,72;Sim/B/B01;1,53;0,34;10;0,8;Sim/C/C07 Sim/C/C04 Sim/C/C03 Sim/B/B03 ;1,47 (2,14 | 1 | 0) 1,46 (1,8 | 2 | 0) 1,44 (0,35 | 10 | 0,9) 1,39 (0,23 | 5 | 0,8) 
P000171;-1,87;0,14;48;0,23;Sim/B/B01;-1,31;0,31;10;0,3;Sim/B/B02 Sim/C/C02 Sim/A/A04 Sim/A/A06 Sim/A/A05 Sim/C/C01 ;-1,87 (2,29 | 5 | 0) -1,87 (1,71 | 1 | 0) -1,92 (0,42 | 10 | 0,1) -1,93 (0,74 | 5 | 0) -1,96 (0,25 | 6 | 0,67) -2,13 (0,72 | 6 | 0) 
P000172;2,25;0,19;53;0,3;Sim/C/C04;2,81;0,34;10;0,2;Sim/C/C06 Sim/C/C05 Sim/C/C10 Sim/C/C07 Sim/B/B04 Sim/B/B03 ;2,25 (9,53 | 1 | 0) 2,23 (0,81 | 5 | 0) 2,23 (0,77 | 5 | 0) 2,01 (0,82 | 6 | 0) 2 (0,73 | 6 | 0,17) 1,52 (0,24 | 10 | 0,6) 
P000173;2,37;0,19;40;0,6;Sim/B/B02;2,54;0,34;10;0,8;Sim/C/C10 Sim/C/C04 Sim/B/B01 ;2,36 (1,78 | 1 | 0) 2,05 (0,73 | 5 | 0) 2,02 (0,55 | 7 | 0,86) 
P000174;-1,45;0,12;51;0,14;Sim/A/A02;-0,96;0,23;6;0,5;Sim/C/C02 Sim/B/B01 Sim/B/B02 Sim/C/C01 Sim/A/A07 Sim/A/A04 ;-1,47 (0,71 | 5 | 0) -1,59 (0,37 | 10 | 0,1) -1,59 (6,63 | 1 | 0) -1,76 (0,45 | 10 | 0,1) -1,94 (1,26 | 7 | 0,14) -2,01 (0,54 | 7 | 0) 
P000175;-2,2;0,16;44;0,18;Sim/C/C01;-1,59;0,36;10;0,2;Sim/A/A06 Sim/A/A07 Sim/B/B01 Sim/A/A05 ;-2,21 (1,07 | 5 | 0) -2,21 (1,32 | 5 | 0) -2,21 (0,87 | 5 | 0) -2,65 (0,2 | 6 | 0,33) 
P000176;1,07;0,11;60;0,72;Sim/C/C03;1,41;0,33;10;1;Sim/A/A04 Sim/A/A02 Sim/C/C02 Sim/B/B01 ;0,99 (0,65 | 5 | 0,8) 0,83 (0,39 | 10 | 0,9) 0,69 (0,29 | 10 | 0,7) 0,69 (0,28 | 10 | 0,5) 
P000177;-0,47;0,08;65;0,46;Sim/A/A02;-0,08;0,3;10;0,7;Sim/B/B01 Sim/B/B02 Sim/A/A04 ;-0,55 (0,25 | 10 | 0,5) -0,79 (0,39 | 10 | 0) -1,16 (0,23 | 6 | 0,33) 
P000178;0,82;0,1;56;0,68;Sim/C/C03;1,17;0,26;10;0,8;Sim/C/C07 Sim/C/C04 Sim/B/B02 Sim/A/A04 Sim/A/A02 ;0,82 (4,33 | 1 | 0) 0,82 (3,88 | 1 | 0) 0,51 (0,25 | 5 | 0,4) 0,03 (0,21 | 5 | 0,4) -0,07 (0,31 | 10 | 0,7) 
P000179;1,81;0,19;56;0,52;Sim/B/B02;2,44;0,33;10;0,7;Sim/C/C10 Sim/C/C04 Sim/B/B01 Sim/C/C03 Sim/B/B03 ;1,8 (1,24 | 5 | 0) 1,79 (0,95 | 5 | 0) 1,53 (0,34 | 10 | 0,8) 1,44 (0,35 | 10 | 0,9) 1,41 (0,24 | 6 | 0,5) 
P000180;2,46;0,15;63;0,33;Sim/C/C07;2,76;0,28;10;0,3;Sim/C/C05 Sim/B/B04 Sim/C/C10 Sim/B/B03 ;2,09 (0,9 | 8 | 0) 2 (0,73 | 6 | 0) 1,98 (1,02 | 8 | 0,13) 1,78 (0,34 | 10 | 0,7) 
P000181;1,7;0,19;40;0,68;;;;;;Sim/C/C10 Sim/C/C04 Sim/C/C07 Sim/B/B03 Sim/B/B04 Sim/B/B01 Sim/B/B02 ;1,69 (2,64 | 1 | 0) 1,69 (2,13 | 1 | 0) 1,69 (1,71 | 1 | 0) 1,68 (0,29 | 10 | 0,8) 1,65 (5,03 | 1 | 0) 1,63 (0,38 | 10 | 0,8) 1,62 (0,4 | 10 | 0,5) 
P000182;2,56;0,14;61;0,44;Sim/C/C10;2,72;0,32;10;0,3;Sim/B/B02 Sim/C/C05 Sim/C/C04 ;2,38 (0,32 | 10 | 0,6) 2,09 (0,9 | 8 | 0) 2,05 (0,73 | 5 | 0,2) 
P000183;2,6;0,13;62;0,42;Sim/C/C04;3,04;0,3;10;0,4;Sim/C/C06 Sim/C/C07 Sim/B/B02 Sim/B/B03 Sim/C/C05 Sim/C/C10 ;2,6 (3,66 | 1 | 0) 2,57 (0,35 | 10 | 0,2) 2,49 (0,34 | 10 | 0,7) 2,31 (0,93 | 5 | 0,8) 2,09 (0,9 | 8 | 0,13) 2,05 (1,01 | 7 | 0,14) 
P000184;-4,93;0,26;36;0,08;Sim/A/A01;-4,89;0,33;10;0,1;Sim/B/B02 Sim/B/B01 Sim/A/A06 Sim/A/A03 ;-4,93 (135883,81 | 1 | 0) -4,93 (5,9 | 5 | 0) -4,93 (3,93 | 5 | 0) -4,95 (0,41 | 10 | 0,2) 
P000185;-0,45;0,08;69;0,54;Sim/A/A07;-0,01;0,28;10;0,8;Sim/A/A04 Sim/C/C01 Sim/C/C02 ;-0,59 (0,25 | 7 | 0,43) -0,93 (0,22 | 5 | 0,4) -1,44 (0,6 | 6 | 0,17) 
P000186;-0,72;0,08;57;0,39;Sim/C/C02;-0,2;0,21;8;0,5;Sim/A/A06 Sim/A/A07 Sim/A/A02 Sim/B/B01 Sim/B/B02 Sim/C/C03 ;-0,82 (0,18 | 4 | 0,5) -0,88 (0,24 | 4 | 0,25) -0,93 (0,22 | 8 | 0,5) -0,94 (0,28 | 10 | 0,4) -1,05 (0,7 | 7 | 0) -1,89 (1,27 | 5 | 0,2) 
P000187;1,74;0,2;35;0,6;;;;;;Sim/C/C10 Sim/C/C04 Sim/C/C07 Sim/B/B04 Sim/B/B03 Sim/B/B02 ;1,74 (2,45 | 1 | 0) 1,74 (1,99 | 1 | 0) 1,74 (1,64 | 1 | 0) 1,71 (1,68 | 2 | 0) 1,58 (0,26 | 10 | 0,6) 1,51 (0,43 | 10 | 0,5) 
P000188;4,45;0,1;67;0,81;Sim/C/C04;4,79;0,33;10;1;Sim/C/C09 Sim/C/C08 Sim/B/B02 ;4,37 (0,18 | 5 | 0,4) 3,37 (0,6 | 7 | 0) 3,26 (0,79 | 5 | 0,8) 
P000189;2,8;0,12;57;0,39;Sim/C/C06;3,15;0,36;10;0,2;Sim/C/C04 Sim/B/B03 Sim/C/C07 Sim/C/C10 ;2,29 (0,54 | 7 | 0,14) 2,13 (0,64 | 7 | 0,86) 2,1 (0,83 | 5 | 0) 2,05 (1,01 | 7 | 0) 
P000190;-0,51;0,08;71;0,42;Sim/B/B01;0,11;0,24;10;0,4;Sim/B/B03 Sim/A/A02 Sim/C/C01 Sim/A/A04 ;-0,51 (1,11 | 5 | 0) -0,54 (0,25 | 8 | 0,5) -1,11 (0,22 | 8 | 0,38) -1,17 (0,2 | 7 | 0,29) 
P000191;-1;0,09;50;0,28;Sim/B/B01;-0,32;0,24;7;0,57;Sim/B/B02 Sim/C/C03 Sim/A/A02 Sim/C/C02 Sim/A/A04 ;-1,01 (0,67 | 5 | 0) -1,03 (0,53 | 6 | 0,17) -1,13 (0,23 | 6 | 0,5) -1,68 (0,94 | 5 | 0) -2,01 (0,54 | 8 | 0) 
P000192;3,23;0,09;64;0,41;Sim/C/C06;3,3;0,27;10;0,1;Sim/C/C09 Sim/C/C08 Sim/B/B04 Sim/C/C05 Sim/B/B02 Sim/C/C04 ;3,23 (0,81 | 5 | 0) 3,23 (0,71 | 5 | 0) 3,2 (0,25 | 4 | 0,5) 3,14 (0,19 | 6 | 0,33) 2,98 (0,51 | 6 | 0,67) 2,81 (0,35 | 10 | 0,3) 
P000193;2,16;0,21;35;0,69;Sim/B/B02;2,5;0,34;10;0,8;Sim/C/C10 Sim/C/C04 Sim/C/C07 Sim/B/B04 Sim/B/B01 ;2,16 (3,26 | 1 | 0) 2,15 (1,17 | 1 | 0) 2,14 (1,16 | 1 | 0) 1,9 (0,79 | 5 | 0,2) 1,53 (0,34 | 10 | 0,8) 
P000194;-1,22;0,1;55;0,24;Sim/A/A07;-1,05;0,25;9;0,22;Sim/A/A02 Sim/C/C02 Sim/A/A04 Sim/C/C03 ;-1,24 (0,24 | 4 | 0,5) -1,44 (0,6 | 6 | 0,17) -1,44 (0,25 | 4 | 0,25) -1,89 (1,27 | 5 | 0) 
P000195;-0,06;0,08;78;0,56;Sim/C/C02;0,51;0,3;10;0,6;Sim/C/C03 Sim/B/B03 Sim/C/C01 Sim/A/A02 Sim/A/A04 Sim/B/B02 Sim/B/B01 ;-0,07 (0,28 | 10 | 0,4) -0,07 (0,49 | 8 | 0) -0,08 (0,22 | 8 | 0,63) -0,08 (0,3 | 10 | 0,7) -0,13 (0,24 | 3 | 0,33) -0,18 (0,23 | 4 | 0,5) -0,26 (0,25 | 5 | 0,6) 
P000196;-1,17;0,1;52;0,27;Sim/B/B02;-0,89;0,48;10;0,1;Sim/A/A02 Sim/C/C02 Sim/C/C01 ;-1,54 (0,24 | 6 | 0,5) -1,68 (0,94 | 5 | 0,2) -2,14 (0,72 | 7 | 0) 
P000197;-1,62;0,13;53;0,26;Sim/A/A06;-1,23;0,23;5;0,2;Sim/C/C02 Sim/A/A05 Sim/A/A04 Sim/C/C01 Sim/B/B01 ;-1,63 (1,57 | 1 | 0) -1,68 (0,34 | 10 | 0,8) -2,01 (0,54 | 7 | 0) -2,14 (0,72 | 7 | 0) -2,51 (1,12 | 8 | 0) 
P000198;-4,55;0,16;27;0,11;Sim/A/A03;-4,24;0,19;5;0,4;Sim/B/B02 Sim/B/B01 Sim/A/A06 Sim/A/A01 ;-4,55 (43811,78 | 1 | 0) -4,55 (5,34 | 5 | 0) -4,55 (3,54 | 5 | 0) -5,32 (0,73 | 6 | 0,17) 
P000199;1,34;0,14;43;0,65;Sim/B/B01;1,63;0,38;10;0,8;Sim/C/C04 Sim/C/C07 Sim/C/C03 Sim/B/B02 ;1,34 (3,51 | 1 | 0) 1,34 (2,44 | 1 | 0) 1,08 (0,24 | 9 | 0,67) 1 (0,33 | 10 | 0,5) 
P000200;-1,87;0,14;48;0,25;Sim/B/B01;-1,45;0,33;10;0,2;Sim/B/B02 Sim/C/C02 Sim/A/A06 Sim/A/A04 Sim/C/C01 ;-1,87 (15,2 | 1 | 0) -1,87 (1,71 | 1 | 0) -1,93 (0,74 | 5 | 0) -1,95 (0,45 | 10 | 0) -2,13 (0,72 | 6 | 0) 
P000201;-2,26;0,16;25;0,2;Sim/A/A02;-2,2;0,24;6;0,5;Sim/A/A06 Sim/A/A04 Sim/B/B01 ;-2,26 (1,02 | 5 | 0) -2,26 (0,85 | 5 | 0) -2,27 (0,94 | 5 | 0) 
P000202;-0,91;0,09;58;0,34;Sim/A/A04;-0,47;0,24;10;0,5;Sim/B/B02 Sim/B/B01 Sim/C/C01 Sim/A/A02 Sim/C/C02 ;-0,92 (0,55 | 6 | 0) -0,94 (0,28 | 10 | 0,4) -1 (0,25 | 3 | 0,33) -1,54 (0,24 | 6 | 0,5) -1,68 (0,94 | 5 | 0) 
P000203;2,01;0,21;33;0,61;;;;;;Sim/C/C10 Sim/C/C04 Sim/C/C07 Sim/B/B04 Sim/B/B02 ;2,01 (1,62 | 1 | 0) 2,01 (1,39 | 1 | 0) 2 (1,29 | 1 | 0) 1,98 (0,66 | 5 | 0) 1,77 (0,35 | 10 | 0,5) 
P000204;-1,41;0,12;49;0,24;Sim/B/B01;-1,09;0,29;10;0,4;Sim/B/B02 Sim/C/C02 Sim/A/A04 Sim/A/A02 Sim/C/C01 Sim/A/A07 ;-1,41 (3,93 | 1 | 0) -1,44 (0,6 | 6 | 0,17) -1,44 (0,25 | 4 | 0,25) -1,54 (0,24 | 6 | 0,5) -1,59 (0,36 | 10 | 0,2) -1,94 (1,26 | 7 | 0) 
P000205;-2,85;0,17;25;0,16;Sim/A/A02;-2,81;0,27;10;0,1;Sim/B/B01 Sim/A/A05 ;-2,85 (1,83 | 5 | 0) -2,9 (0,23 | 5 | 0,4) 
P000206;2,68;0,12;64;0,39;Sim/C/C10;2,97;0,22;6;0,17;Sim/B/B04 Sim/C/C04 Sim/C/C07 Sim/B/B02 ;2,67 (0,2 | 8 | 0,38) 2,47 (0,45 | 10 | 0,1) 2,46 (0,4 | 10 | 0,2) 2,45 (0,33 | 10 | 0,7) 
P000207;2,33;0,18;53;0,34;;;;;;Sim/C/C06 Sim/C/C05 Sim/C/C10 Sim/B/B02 Sim/B/B03 Sim/C/C04 Sim/B/B04 ;2,31 (1,29 | 5 | 0) 2,31 (0,65 | 6 | 0) 2,3 (0,71 | 6 | 0) 2,16 (0,3 | 10 | 0,5) 2,13 (0,64 | 7 | 0,86) 2,05 (0,73 | 5 | 0) 1,9 (0,79 | 5 | 0) 
P000208;-3,17;0,2;38;0,29;Sim/A/A01;-2,7;0,46;10;0,9;Sim/B/B02 Sim/B/B01 Sim/A/A02 Sim/A/A05 ;-3,17 (725,11 | 1 | 0) -3,17 (3,02 | 5 | 0) -3,22 (0,47 | 10 | 0) -3,92 (1,05 | 6 | 0,17) 
P000209;-0,88;0,08;58;0,29;Sim/A/A04;-0,48;0,24;8;0,5;Sim/A/A02 Sim/A/A06 Sim/B/B01 Sim/C/C02 Sim/C/C03 ;-0,9 (0,24 | 6 | 0,5) -0,95 (0,17 | 6 | 0,5) -1,43 (0,33 | 10 | 0,2) -1,68 (0,94 | 5 | 0) -1,89 (1,27 | 5 | 0,2) 
P000210;1,04;0,11;63;0,67;Sim/C/C03;1,67;0,46;10;0,9;Sim/C/C07 Sim/C/C04 Sim/A/A02 Sim/B/B01 Sim/C/C02 ;1,04 (3,38 | 1 | 0) 1,04 (2,29 | 2 | 0) 0,83 (0,39 | 10 | 0,9) 0,69 (0,28 | 10 | 0,5) 0,41 (0,29 | 10 | 0,5) 
P000211;5,41;0,26;50;0,94;Sim/C/C08;5,56;0,45;10;1;Sim/C/C09 Sim/B/B02 ;5,07 (0,28 | 10 | 0,8) 3,3 (0,83 | 5 | 0,8) 
P000212;4,86;0,15;46;0,91;Sim/C/C04;5,05;0,45;10;0,9;Sim/C/C09 ;4,49 (0,2 | 4 | 0,5) 
P000213;-1,63;0,14;54;0,3;Sim/C/C01;-0,66;0,22;6;0,67;Sim/C/C02 Sim/C/C03 Sim/A/A02 Sim/A/A04 Sim/B/B01 ;-1,68 (0,94 | 5 | 0,2) -1,89 (1,27 | 5 | 0) -1,98 (0,22 | 6 | 0,5) -2,01 (0,54 | 7 | 0) -2,51 (1,12 | 8 | 0) 
P000214;-2,9;0,18;27;0,26;Sim/A/A02;-2,49;0,24;6;0,33;Sim/B/B02 Sim/B/B01 Sim/A/A06 Sim/A/A01 ;-2,9 (331,34 | 1 | 0) -2,91 (2,35 | 5 | 0) -2,91 (1,6 | 5 | 0) -3,68 (0,24 | 6 | 0,5) 
P000215;0,09;0,1;65;0,54;Sim/B/B01;0,61;0,29;10;0,5;Sim/B/B03 Sim/A/A04 Sim/C/C02 ;0,07 (0,38 | 10 | 0) -0,13 (0,24 | 3 | 0,33) -0,46 (0,24 | 4 | 0,5) 
P000216;0,82;0,1;60;0,63;Sim/B/B03;0,85;0,19;7;0,29;Sim/B/B04 Sim/B/B01 Sim/C/C03 ;0,82 (58,37 | 1 | 0) 0,8 (0,26 | 10 | 0,5) 0,73 (0,22 | 5 | 0,6) 
P000217;0,53;0,09;73;0,6;Sim/C/C03;0,83;0,2;7;0,57;Sim/A/A07 Sim/B/B03 Sim/B/B01 Sim/A/A02 ;0,49 (0,48 | 10 | 0,8) 0,48 (0,23 | 7 | 0,29) 0,28 (0,27 | 10 | 0,5) -0,72 (0,25 | 9 | 0,44) 
P000218;4,01;0,09;64;0,67;Sim/C/C06;4,28;0,21;5;1;Sim/C/C10 Sim/C/C08 Sim/C/C07 Sim/B/B02 ;3,88 (0,21 | 6 | 0,67) 3,37 (0,6 | 6 | 0) 3,36 (0,21 | 6 | 0,33) 3,26 (0,79 | 5 | 0,8) 
P000219;-3,28;0,21;28;0,21;Sim/A/A05;-2,9;0,23;5;0,4;Sim/B/B02 Sim/B/B01 Sim/A/A06 Sim/A/A02 Sim/A/A01 ;-3,28 (1008,37 | 1 | 0) -3,28 (3,31 | 5 | 0) -3,29 (2,04 | 5 | 0) -3,31 (0,62 | 5 | 0) -3,51 (0,23 | 7 | 0,57) 
P000220;2,93;0,11;55;0,42;Sim/C/C10;3,33;0,18;5;0,6;Sim/C/C06 Sim/B/B04 Sim/B/B01 Sim/B/B03 Sim/B/B02 Sim/C/C05 ;2,91 (0,66 | 6 | 0) 2,84 (0,23 | 3 | 0,33) 2,39 (0,78 | 5 | 0,8) 2,31 (0,93 | 5 | 0,8) 2,18 (0,3 | 10 | 0,5) 2,12 (0,9 | 7 | 0) 
P000221;0,85;0,1;59;0,69;Sim/C/C03;1,41;0,33;10;1;Sim/C/C07 Sim/C/C04 Sim/C/C02 Sim/B/B02 Sim/B/B03 Sim/A/A04 ;0,85 (4,16 | 1 | 0) 0,85 (3,78 | 1 | 0) 0,79 (0,3 | 10 | 0,7) 0,51 (0,25 | 4 | 0,5) 0,45 (0,24 | 7 | 0,29) 0,25 (0,22 | 9 | 0,67) 
P000222;-2,04;0,15;31;0,39;Sim/A/A05;-1,64;0,37;10;0,9;Sim/A/A04 Sim/B/B01 Sim/A/A02 ;-2,04 (0,59 | 5 | 0) -2,05 (0,71 | 5 | 0) -2,2 (0,24 | 6 | 0,5) 
P000223;-4,33;0,15;26;0,15;Sim/A/A03;-4,07;0,2;5;0,6;Sim/B/B02 Sim/A/A02 Sim/B/B01 Sim/A/A06 Sim/A/A01 ;-4,33 (23215,36 | 1 | 0) -4,34 (3,11 | 5 | 0) -4,34 (5,04 | 5 | 0) -4,34 (3,33 | 5 | 0) -4,66 (0,25 | 5 | 0,2) 
P000224;-2,01;0,15;31;0,39;;;;;;Sim/B/B02 Sim/A/A06 Sim/B/B01 Sim/A/A04 Sim/A/A02 ;-2,01 (22,97 | 1 | 0) -2,01 (0,81 | 5 | 0) -2,02 (0,72 | 5 | 0) -2,05 (0,59 | 5 | 0,2) -2,22 (0,23 | 7 | 0,43) 
P000225;0,02;0,08;75;0,51;Sim/C/C01;0,66;0,48;10;0,9;Sim/A/A02 Sim/A/A04 Sim/A/A07 Sim/B/B02 ;-0,09 (0,3 | 10 | 0,7) -0,13 (0,24 | 3 | 0,33) -0,27 (0,21 | 7 | 0,57) -0,57 (0,27 | 10 | 0) 
P000226;0,84;0,1;65;0,68;Sim/B/B02;1,18;0,39;10;0,5;Sim/B/B01 Sim/C/C03 Sim/A/A04 Sim/A/A02 ;0,81 (0,26 | 10 | 0,5) 0,68 (0,2 | 6 | 0,5) 0,31 (0,23 | 10 | 0,7) 0,24 (0,34 | 10 | 0,8) 
P000227;3,97;0,09;66;0,65;Sim/C/C04;4,26;0,25;10;0,7;Sim/C/C07 Sim/C/C10 Sim/C/C06 Sim/B/B02 ;3,79 (0,21 | 4 | 0,5) 3,78 (0,24 | 5 | 0,6) 3,73 (0,17 | 6 | 0,33) 3,3 (0,83 | 5 | 0,8) 
P000228;0,99;0,11;51;0,71;Sim/C/C03;1,36;0,32;10;0,9;Sim/A/A04 Sim/B/B03 Sim/B/B02 ;0,99 (0,65 | 5 | 0,8) 0,76 (0,22 | 5 | 0,4) 0,41 (0,19 | 8 | 0,5) 
P000229;-0,17;0,08;69;0,51;Sim/A/A02;-0,08;0,3;10;0,7;Sim/B/B03 Sim/B/B01 Sim/C/C03 Sim/C/C02 ;-0,17 (0,65 | 5 | 0) -0,17 (0,23 | 8 | 0,38) -0,3 (0,32 | 10 | 0,3) -0,46 (0,24 | 4 | 0,5) 
P000230;-3,45;0,22;32;0,22;Sim/A/A01;-3,33;0,27;10;0,6;Sim/B/B02 Sim/B/B01 Sim/A/A06 Sim/A/A02 Sim/A/A05 ;-3,45 (1666,44 | 1 | 0) -3,45 (3,79 | 5 | 0) -3,45 (2,27 | 5 | 0) -3,46 (0,84 | 5 | 0) -4,01 (1,07 | 6 | 0,17) 
P000231;0,97;0,11;61;0,7;Sim/C/C02;1,33;0,43;10;0,9;Sim/A/A02 Sim/A/A04 Sim/B/B01 ;0,83 (0,39 | 10 | 0,9) 0,68 (0,38 | 10 | 0,8) 0,31 (0,28 | 10 | 0,5) 
P000232;-2,95;0,17;33;0,27;Sim/A/A02;-2,62;0,23;8;0,25;Sim/B/B02 Sim/B/B01 Sim/A/A06 Sim/A/A01 ;-2,95 (385,62 | 1 | 0) -2,96 (2,52 | 5 | 0) -2,96 (1,65 | 5 | 0) -3,42 (0,25 | 9 | 0,56) 
P000233;-0,34;0,08;58;0,5;Sim/B/B02;-0,23;0,22;5;0,4;Sim/A/A02 Sim/A/A07 Sim/A/A06 Sim/B/B01 ;-0,34 (0,25 | 10 | 0,6) -0,37 (0,23 | 4 | 0,5) -0,48 (0,24 | 7 | 0,86) -0,83 (0,27 | 10 | 0,4) 
P000234;-2,39;0,16;25;0,24;Sim/A/A05;-2,28;0,21;8;0,5;Sim/B/B02 Sim/B/B01 Sim/A/A06 Sim/A/A02 ;-2,39 (71,87 | 1 | 0) -2,4 (1,2 | 5 | 0) -2,4 (1,13 | 5 | 0) -2,49 (0,24 | 6 | 0,33) 
P000235;0,4;0,1;49;0,59;Sim/B/B03;0,6;0,24;5;0,2;Sim/C/C02 Sim/A/A02 Sim/B/B01 Sim/B/B02 ;0,39 (0,29 | 10 | 0,6) 0,24 (0,34 | 10 | 0,8) 0,16 (0,25 | 9 | 0,56) 0,12 (0,25 | 5 | 0,4) 
P000236;1,82;0,21;34;0,68;;;;;;Sim/C/C10 Sim/C/C04 Sim/C/C07 Sim/B/B04 Sim/B/B01 Sim/B/B02 ;1,82 (2,18 | 1 | 0) 1,81 (1,8 | 1 | 0) 1,81 (1,53 | 1 | 0) 1,8 (3,25 | 1 | 0) 1,66 (0,38 | 10 | 0,8) 1,51 (0,43 | 10 | 0,5) 
P000237;3,71;0,09;60;0,52;Sim/C/C06;4,3;0,21;6;0,67;Sim/C/C04 Sim/C/C05 Sim/C/C08 Sim/C/C10 Sim/B/B04 Sim/B/B03 ;3,66 (0,25 | 6 | 0,5) 3,51 (0,22 | 4 | 0,5) 3,37 (0,6 | 6 | 0) 3,36 (0,21 | 4 | 0,5) 3,2 (0,25 | 4 | 0,5) 2,23 (0,89 | 5 | 0,8) 
P000238;-0,43;0,08;68;0,49;Sim/A/A02;0,24;0,34;10;0,8;Sim/A/A04 Sim/B/B01 Sim/C/C03 Sim/B/B02 Sim/A/A06 ;-0,44 (0,24 | 8 | 0,5) -0,82 (0,27 | 10 | 0,4) -0,88 (0,43 | 10 | 0,2) -0,96 (0,57 | 8 | 0) -1,14 (0,23 | 4 | 0,25) 
P000239;-0,51;0,08;61;0,38;Sim/C/C02;-0,13;0,24;6;0,5;Sim/B/B03 Sim/C/C03 Sim/C/C01 Sim/A/A02 Sim/B/B01 ;-0,51 (1,01 | 5 | 0) -0,64 (0,34 | 10 | 0,2) -0,71 (0,2 | 5 | 0,4) -0,74 (0,25 | 8 | 0,5) -0,96 (0,29 | 10 | 0,4) 
P000240;-2,99;0,16;41;0,27;Sim/A/A01;-2,78;0,43;10;0,8;Sim/B/B02 Sim/B/B01 Sim/A/A06 Sim/A/A05 ;-2,99 (432,88 | 1 | 0) -3 (2,63 | 5 | 0) -3 (1,69 | 5 | 0) -3,13 (0,27 | 10 | 0,2) 
P000241;-3,49;0,17;39;0,31;Sim/A/A03;-3,39;0,34;10;0,7;Sim/B/B02 Sim/A/A06 Sim/B/B01 Sim/A/A02 Sim/A/A05 ;-3,49 (1917,01 | 1 | 0) -3,5 (2,32 | 5 | 0) -3,5 (3,91 | 5 | 0) -3,5 (0,91 | 5 | 0) -4,01 (1,07 | 6 | 0,17) 
P000242;3,88;0,09;71;0,62;Sim/C/C09;4,39;0,17;7;0,43;Sim/B/B04 Sim/C/C04 Sim/C/C06 Sim/C/C08 Sim/C/C05 ;3,8 (0,31 | 10 | 0,8) 3,74 (0,24 | 6 | 0,5) 3,62 (0,24 | 3 | 0) 3,61 (0,39 | 10 | 0,1) 3,58 (0,2 | 5 | 0,4) 
P000243;-2,43;0,16;22;0,23;Sim/A/A05;-2,34;0,22;5;0,6;Sim/B/B02 Sim/B/B01 Sim/A/A06 Sim/A/A02 ;-2,43 (81,09 | 1 | 0) -2,44 (1,26 | 5 | 0) -2,44 (1,16 | 5 | 0) -2,49 (0,24 | 6 | 0,33) 
P000244;-3,03;0,18;36;0,19;Sim/A/A02;-2,87;0,28;10;0,1;Sim/B/B02 Sim/B/B01 Sim/A/A06 Sim/A/A05 ;-3,03 (482,34 | 1 | 0) -3,03 (2,69 | 5 | 0) -3,04 (1,73 | 5 | 0) -3,27 (0,33 | 10 | 0,2) 
P000245;4,75;0,13;49;0,88;;;;;;Sim/C/C04 Sim/C/C09 ;4,62 (0,29 | 10 | 0,8) 4,52 (0,18 | 5 | 0,6) 
P000246;-2,92;0,16;45;0,38;Sim/A/A06;-1,63;0,38;10;0,2;Sim/B/B02 Sim/B/B01 Sim/A/A01 ;-2,92 (352,06 | 1 | 0) -2,93 (2,41 | 5 | 0) -3,5 (0,25 | 8 | 0,63) 
P000247;-3,38;0,2;35;0,29;Sim/A/A05;-2,8;0,2;5;0,4;Sim/B/B02 Sim/B/B01 Sim/A/A06 Sim/A/A02 Sim/A/A01 Sim/A/A03 ;-3,38 (1382,98 | 1 | 0) -3,39 (3,6 | 5 | 0) -3,39 (2,18 | 5 | 0) -3,4 (0,74 | 5 | 0) -3,6 (0,25 | 7 | 0,57) -3,71 (0,25 | 7 | 0,57) 
P000248;-0,58;0,08;64;0,48;Sim/B/B01;-0,17;0,24;6;0,67;Sim/B/B03 Sim/C/C02 Sim/A/A02 Sim/A/A04 Sim/C/C01 ;-0,58 (1,14 | 5 | 0) -0,62 (0,23 | 4 | 0,5) -0,65 (0,24 | 7 | 0,57) -0,68 (0,25 | 6 | 0,5) -1,34 (0,27 | 10 | 0,3) 
P000249;-3,96;0,15;30;0,23;Sim/A/A03;-3,68;0,25;9;0,56;Sim/B/B02 Sim/B/B01 Sim/A/A02 Sim/A/A06 Sim/A/A01 ;-3,96 (7595,5 | 1 | 0) -3,96 (4,53 | 5 | 0) -3,96 (1,95 | 5 | 0) -3,96 (2,89 | 5 | 0) -4,27 (0,23 | 5 | 0,4) 
P000250;-2,51;0,15;28;0,29;Sim/A/A06;-1,27;0,25;6;0,33;Sim/A/A05 ;-3 (0,24 | 6 | 0,33) 
P000251;4,43;0,1;67;0,75;Sim/C/C10;4,62;0,41;10;0,9;Sim/C/C08 Sim/B/B04 Sim/B/B02 Sim/B/B01 ;3,67 (0,38 | 10 | 0,1) 3,43 (0,23 | 5 | 0,6) 3,3 (0,83 | 5 | 0,8) 2,02 (0,55 | 7 | 0,86) 
P000252;1,23;0,12;52;0,75;Sim/B/B02;1,49;0,43;10;0,6;Sim/B/B03 Sim/A/A04 Sim/C/C03 Sim/A/A02 ;1,23 (0,21 | 5 | 0,6) 0,99 (0,65 | 5 | 0,8) 0,98 (0,25 | 6 | 0,67) 0,83 (0,39 | 10 | 0,9) 
P000253;-0,34;0,08;70;0,56;Sim/C/C03;0,47;0,21;6;0,67;Sim/B/B02 Sim/C/C01 Sim/C/C02 ;-0,54 (0,25 | 10 | 0,2) -0,95 (0,22 | 5 | 0,4) -0,96 (0,27 | 10 | 0,4) 
P000254;3,64;0,08;73;0,53;Sim/C/C10;4,06;0,23;10;0,7;Sim/C/C06 Sim/C/C08 Sim/C/C05 Sim/B/B02 Sim/C/C09 Sim/B/B03 ;3,58 (0,24 | 4 | 0) 3,37 (0,6 | 6 | 0,17) 3,31 (0,21 | 5 | 0,4) 3,3 (0,83 | 5 | 0,8) 3,28 (0,68 | 8 | 0) 2,55 (1,2 | 5 | 0,8) 
P000255;-1,38;0,11;59;0,22;Sim/C/C01;-1,08;0,23;6;0,5;Sim/A/A04 Sim/B/B01 Sim/B/B02 Sim/A/A06 ;-1,44 (0,25 | 4 | 0,25) -1,71 (0,42 | 10 | 0,1) -1,71 (9,5 | 1 | 0) -1,93 (0,65 | 8 | 0) 
P000256;1,04;0,11;59;0,71;Sim/C/C03;1,08;0,24;9;0,67;Sim/B/B02 Sim/B/B03 Sim/A/A04 Sim/C/C02 Sim/A/A02 ;1 (0,33 | 10 | 0,5) 1 (0,19 | 6 | 0,5) 0,92 (0,55 | 7 | 0,86) 0,6 (0,29 | 10 | 0,7) 0,41 (0,35 | 10 | 0,8) 
P000257;-0,95;0,09;53;0,34;Sim/C/C03;-0,27;0,31;10;0,4;Sim/A/A04 Sim/A/A07 Sim/C/C02 Sim/B/B01 ;-1,16 (0,19 | 5 | 0,4) -1,62 (0,98 | 5 | 0,2) -1,68 (0,94 | 5 | 0,2) -1,79 (0,46 | 10 | 0,1) 
P000258;-1,53;0,13;61;0,26;Sim/A/A06;-1,23;0,23;5;0,2;Sim/C/C03 Sim/C/C02 Sim/A/A07 Sim/B/B01 Sim/B/B02 Sim/A/A02 Sim/A/A05 ;-1,53 (1,36 | 1 | 0) -1,54 (0,73 | 5 | 0) -1,54 (0,7 | 5 | 0) -1,59 (0,37 | 10 | 0,1) -1,64 (1,81 | 5 | 0) -1,68 (0,23 | 6 | 0,5) -1,83 (0,27 | 10 | 0,8) 
P000259;2,96;0,11;62;0,39;Sim/C/C10;3,64;0,2;5;0,6;Sim/C/C06 Sim/B/B04 Sim/C/C04 Sim/C/C05 ;2,91 (0,66 | 6 | 0,17) 2,65 (0,24 | 5 | 0,2) 2,29 (0,57 | 6 | 0,17) 2,18 (0,88 | 7 | 0,14) 
P000260;-1,5;0,13;52;0,17;Sim/A/A06;-1,31;0,23;8;0,25;Sim/C/C03 Sim/C/C02 Sim/C/C01 Sim/B/B01 Sim/B/B02 Sim/A/A04 ;-1,51 (1,35 | 1 | 0) -1,51 (1,53 | 1 | 0) -1,66 (0,4 | 10 | 0,2) -1,73 (0,43 | 10 | 0,1) -1,73 (10,19 | 1 | 0) -2,01 (0,54 | 7 | 0) 
P000261;-0,69;0,08;58;0,38;Sim/A/A06;-0,41;0,24;8;0,75;Sim/B/B02 Sim/B/B01 Sim/A/A04 Sim/A/A02 ;-0,7 (0,34 | 8 | 0) -0,76 (0,27 | 10 | 0,4) -0,89 (0,19 | 6 | 0,5) -1,26 (0,25 | 4 | 0,25) 
P000262;-0,06;0,09;80;0,59;Sim/B/B02;0,49;0,23;6;0,67;Sim/A/A04 Sim/A/A06 Sim/B/B01 Sim/C/C01 ;-0,13 (0,24 | 3 | 0,33) -0,17 (0,35 | 10 | 0,8) -0,65 (0,26 | 10 | 0,5) -0,71 (0,2 | 5 | 0,4) 
P000263;0,91;0,11;57;0,75;Sim/B/B02;1,39;0,44;10;0,6;Sim/B/B03 Sim/B/B01 Sim/C/C03 Sim/A/A02 ;0,9 (0,23 | 4 | 0,5) 0,85 (0,25 | 10 | 0,6) 0,68 (0,23 | 3 | 0,67) 0,24 (0,34 | 10 | 0,8) 
P000264;-0,79;0,08;56;0,38;Sim/A/A02;-0,1;0,31;10;0,7;Sim/B/B02 Sim/A/A06 Sim/B/B01 Sim/A/A04 Sim/C/C03 Sim/A/A07 ;-0,8 (0,43 | 7 | 0) -0,84 (0,18 | 5 | 0,6) -0,97 (0,29 | 10 | 0,3) -0,98 (0,2 | 4 | 0,5) -1,03 (0,53 | 6 | 0,17) -1,67 (1 | 5 | 0,2) 
P000265;-1,04;0,09;47;0,28;Sim/C/C01;-0,31;0,21;6;0,67;Sim/A/A06 Sim/A/A04 Sim/C/C02 Sim/A/A07 Sim/C/C03 Sim/B/B01 ;-1,17 (0,24 | 4 | 0,25) -1,44 (0,25 | 4 | 0,25) -1,68 (0,94 | 5 | 0) -1,87 (1,3 | 5 | 0,2) -1,89 (1,27 | 5 | 0) -2,51 (1,12 | 8 | 0) 
P000266;-0,28;0,08;68;0,51;Sim/C/C03;0,65;0,22;6;0,67;Sim/C/C01 Sim/A/A07 Sim/A/A02 Sim/B/B02 Sim/B/B01 ;-0,42 (0,22 | 4 | 0,5) -0,44 (0,19 | 6 | 0,5) -0,44 (0,25 | 8 | 0,63) -0,55 (0,25 | 10 | 0,1) -1,23 (0,3 | 10 | 0,3) 
P000267;-1,22;0,1;60;0,32;Sim/B/B01;-1,04;0,29;10;0,3;Sim/B/B02 Sim/A/A06 Sim/A/A04 Sim/A/A02 Sim/C/C03 Sim/A/A07 ;-1,22 (1 | 5 | 0) -1,23 (0,23 | 5 | 0,2) -1,54 (0,25 | 7 | 0,14) -1,54 (0,24 | 6 | 0,5) -1,89 (1,27 | 5 | 0) -1,92 (1,28 | 6 | 0) 
P000268;-3,61;0,16;39;0,33;Sim/A/A01;-3,47;0,25;7;0,57;Sim/A/A02 Sim/A/A03 Sim/A/A05 ;-3,62 (1,15 | 5 | 0) -3,75 (0,22 | 10 | 0,6) -4,01 (1,07 | 6 | 0,17) 
P000269;-1,8;0,15;47;0,19;Sim/B/B01;-1,69;0,42;10;0,2;Sim/C/C02 Sim/A/A07 Sim/A/A06 Sim/C/C01 ;-1,81 (1,67 | 1 | 0) -1,9 (1,05 | 5 | 0,2) -2,05 (0,73 | 8 | 0,13) -2,13 (0,72 | 6 | 0) 
P000270;-1,64;0,14;58;0,34;Sim/A/A06;-1,02;0,18;5;0,4;Sim/C/C03 Sim/C/C01 Sim/A/A02 Sim/B/B01 ;-1,94 (1,69 | 1 | 0) -2,14 (0,72 | 7 | 0,14) -2,28 (0,24 | 6 | 0,33) -2,51 (1,12 | 8 | 0,13) 
P000271;-1,35;0,11;68;0,31;Sim/B/B02;-0,89;0,48;10;0,1;Sim/A/A05 Sim/A/A04 Sim/A/A02 Sim/C/C01 Sim/C/C02 ;-1,38 (0,58 | 7 | 0,86) -1,42 (0,24 | 5 | 0,4) -1,54 (0,24 | 6 | 0,5) -1,59 (0,37 | 10 | 0,1) -1,75 (0,95 | 5 | 0,2) 
P000272;2,6;0,14;57;0,46;Sim/C/C04;2,9;0,32;10;0,4;Sim/C/C06 Sim/B/B03 Sim/C/C05 Sim/C/C10 Sim/B/B04 Sim/B/B01 ;2,6 (3,67 | 1 | 0) 2,13 (0,64 | 7 | 0,86) 2,12 (0,9 | 7 | 0) 2,05 (1,01 | 7 | 0,14) 2 (0,73 | 6 | 0,17) 1,89 (0,46 | 10 | 0,8) 
P000273;1,15;0,11;60;0,75;Sim/C/C02;1,33;0,43;10;0,9;Sim/B/B04 Sim/A/A02 Sim/B/B02 ;1,15 (21,88 | 1 | 0) 0,83 (0,39 | 10 | 0,9) 0,81 (0,26 | 10 | 0,5) 
P000274;0,2;0,1;65;0,6;Sim/B/B02;0,56;0,23;6;0,67;Sim/B/B03 Sim/A/A04 Sim/A/A07 Sim/C/C02 Sim/B/B01 ;0,19 (0,32 | 10 | 0,1) 0,08 (0,22 | 4 | 0,5) 0,01 (0,29 | 10 | 0,8) -0,12 (0,25 | 6 | 0,5) -0,18 (0,25 | 5 | 0,4) 
P000275;-0,82;0,09;61;0,34;Sim/C/C03;-0,28;0,32;10;0,4;Sim/A/A07 Sim/A/A06 Sim/A/A02 Sim/C/C01 ;-0,88 (0,24 | 4 | 0,25) -0,91 (0,2 | 4 | 0,5) -1,25 (0,24 | 5 | 0,4) -2,13 (0,72 | 8 | 0) 
P000276;1,04;0,11;60;0,75;Sim/C/C03;1,36;0,32;10;0,9;Sim/C/C07 Sim/C/C04 Sim/A/A04 Sim/B/B03 Sim/B/B02 ;1,04 (3,39 | 1 | 0) 1,04 (3,29 | 1 | 0) 0,82 (0,46 | 10 | 0,9) 0,77 (0,22 | 5 | 0,4) 0,51 (0,25 | 5 | 0,4) 
P000277;-2,48;0,17;23;0,26;Sim/A/A02;-2,2;0,24;6;0,5;Sim/B/B01 Sim/A/A05 ;-2,49 (1,24 | 5 | 0) -2,75 (0,22 | 4 | 0,5) 
P000278;-0,38;0,08;64;0,42;Sim/C/C01;-0,08;0,23;6;0,5;Sim/A/A06 Sim/C/C03 Sim/B/B02 Sim/A/A02 ;-0,41 (0,24 | 8 | 0,75) -0,51 (0,33 | 10 | 0,3) -0,58 (0,27 | 10 | 0) -0,81 (0,23 | 8 | 0,5) 
P000279;4,79;0,13;51;0,88;Sim/C/C08;5,08;0,22;5;1;Sim/C/C09 Sim/B/B02 ;4,09 (0,23 | 7 | 0,29) 4,03 (1,72 | 5 | 0,8) 
P000280;0,47;0,09;73;0,62;Sim/C/C03;0,81;0,2;7;0,57;Sim/A/A02 Sim/A/A07 Sim/B/B03 Sim/A/A04 ;0,24 (0,34 | 10 | 0,8) 0,08 (0,32 | 10 | 0,7) 0,06 (0,39 | 10 | 0,1) -0,27 (0,23 | 6 | 0,5) 
P000281;0,96;0,11;56;0,73;Sim/C/C03;1,67;0,46;10;0,9;Sim/C/C07 Sim/C/C04 Sim/B/B03 Sim/A/A02 Sim/B/B01 Sim/B/B02 ;0,96 (3,7 | 1 | 0) 0,96 (3,49 | 1 | 0) 0,9 (0,23 | 4 | 0,5) 0,83 (0,39 | 10 | 0,9) 0,68 (0,29 | 10 | 0,5) 0,39 (0,24 | 5 | 0,4) 
P000282;3,62;0,08;67;0,54;Sim/C/C08;3,84;0,29;10;0,2;Sim/C/C07 Sim/C/C06 Sim/C/C04 Sim/B/B03 Sim/C/C05 Sim/C/C09 ;3,6 (0,21 | 4 | 0,5) 3,6 (0,24 | 3 | 0,33) 3,48 (0,24 | 8 | 0,5) 3,39 (2,16 | 5 | 0,8) 3,32 (0,21 | 5 | 0,4) 3,28 (0,68 | 8 | 0,13) 
P000283;0,15;0,1;67;0,6;Sim/A/A02;0,83;0,39;10;0,9;Sim/B/B03 Sim/B/B01 Sim/B/B02 Sim/A/A04 ;0,06 (0,39 | 10 | 0,1) 0,04 (0,23 | 10 | 0,5) -0,14 (0,22 | 5 | 0,4) -0,41 (0,25 | 7 | 0,57) 
P000284;1,14;0,12;46;0,63;Sim/C/C03;1,67;0,46;10;0,9;Sim/B/B01 Sim/B/B02 Sim/C/C02 ;1,03 (0,24 | 8 | 0,5) 0,81 (0,26 | 10 | 0,5) 0,71 (0,29 | 10 | 0,7) 
P000285;-3,6;0,21;26;0,27;;;;;;Sim/B/B02 Sim/B/B01 Sim/A/A06 Sim/A/A02 Sim/A/A01 ;-3,6 (2623,86 | 1 | 0) -3,61 (4,05 | 5 | 0) -3,61 (2,47 | 5 | 0) -3,61 (1,11 | 5 | 0) -3,79 (0,24 | 5 | 0,6) 
P000286;4,63;0,11;49;0,82;Sim/C/C04;4,96;0,4;10;0,9;Sim/C/C08 Sim/B/B02 Sim/C/C10 ;4,6 (0,19 | 5 | 0,4) 4,03 (1,72 | 5 | 0,8) 3,97 (0,23 | 6 | 0,67) 
P000287;2,38;0,17;61;0,36;Sim/C/C04;2,89;0,33;10;0,4;Sim/B/B02 Sim/C/C05 Sim/C/C10 Sim/B/B04 ;2,24 (0,3 | 10 | 0,5) 2,09 (0,9 | 8 | 0,13) 1,98 (1,02 | 8 | 0,13) 1,9 (0,79 | 5 | 0) 
P000288;-5,65;0,88;26;0;;;;;;;
P000289;-2,78;0,16;39;0,21;Sim/B/B01;-1,48;0,34;10;0,1;Sim/A/A02 ;-3,1 (0,39 | 10 | 0) 
P000290;-1,15;0,09;58;0,26;Sim/A/A04;-0,97;0,19;5;0,6;Sim/B/B01 Sim/B/B02 Sim/C/C02 Sim/C/C01 Sim/A/A07 ;-1,27 (0,3 | 10 | 0,2) -1,34 (1,21 | 5 | 0) -1,38 (0,5 | 10 | 0,2) -1,58 (0,35 | 10 | 0,2) -1,82 (1,04 | 7 | 0) 
P000291;-1,47;0,12;44;0,23;Sim/A/A06;-1,06;0,19;7;0,43;Sim/C/C02 Sim/C/C01 Sim/A/A02 Sim/A/A07 Sim/B/B01 ;-1,5 (1,52 | 1 | 0) -1,53 (0,34 | 10 | 0,2) -1,68 (0,23 | 6 | 0,5) -1,94 (1,26 | 7 | 0) -2,51 (1,12 | 8 | 0) 
P000292;4,27;0,1;59;0,73;Sim/C/C09;4,8;0,24;5;0,8;Sim/C/C04 Sim/C/C08 Sim/B/B02 Sim/C/C06 Sim/C/C10 ;4,24 (0,25 | 10 | 0,6) 4,15 (0,24 | 5 | 0,4) 4,03 (1,72 | 5 | 0,8) 3,85 (0,2 | 4 | 0,5) 3,78 (0,24 | 5 | 0,6) 
P000293;-2,85;0,18;30;0,33;Sim/A/A02;-2,65;0,24;7;0,29;Sim/B/B02 Sim/B/B01 Sim/A/A06 Sim/A/A05 ;-2,85 (284,06 | 1 | 0) -2,85 (2,2 | 5 | 0) -2,86 (1,54 | 5 | 0) -3,91 (1,06 | 5 | 0,2) 
P000294;-5,65;0,88;26;0;;;;;;;
P000295;-1,11;0,09;60;0,28;Sim/C/C02;-0,77;0,24;5;0,4;Sim/A/A06 Sim/A/A04 Sim/A/A07 ;-1,23 (0,23 | 5 | 0,2) -1,24 (0,19 | 5 | 0,4) -1,67 (1 | 5 | 0,2) 
P000296;2,68;0,14;70;0,34;Sim/C/C07;2,99;0,24;6;0,33;Sim/C/C04 Sim/B/B02 Sim/C/C05 Sim/B/B04 ;2,55 (0,43 | 10 | 0,2) 2,38 (0,32 | 10 | 0,6) 2,11 (0,9 | 8 | 0,13) 1,9 (0,79 | 5 | 0,2) 
P000297;0,3;0,09;70;0,56;Sim/A/A02;0,83;0,39;10;0,9;Sim/B/B03 Sim/B/B01 Sim/C/C02 Sim/C/C03 ;0,25 (0,29 | 10 | 0,1) -0,04 (0,24 | 6 | 0,33) -0,31 (0,25 | 4 | 0,5) -0,35 (0,32 | 10 | 0,3) 
P000298;4,55;0,11;62;0,85;Sim/C/C10;4,7;0,46;10;1;Sim/C/C04 Sim/C/C09 Sim/C/C06 ;4,52 (0,27 | 10 | 0,8) 4,47 (0,2 | 4 | 0,5) 4,27 (0,21 | 5 | 0,8) 
P000299;0,58;0,1;64;0,63;Sim/B/B02;1,18;0,39;10;0,5;Sim/C/C02 Sim/C/C03 Sim/A/A02 ;0,31 (0,28 | 10 | 0,6) 0,28 (0,24 | 4 | 0,25) 0,18 (0,34 | 10 | 0,8) 
P000300;-0,27;0,08;73;0,48;Sim/B/B02;0,47;0,24;6;0,67;Sim/B/B03 Sim/C/C01 Sim/A/A04 Sim/B/B01 Sim/C/C03 Sim/A/A06 Sim/A/A02 ;-0,28 (0,72 | 6 | 0) -0,37 (0,22 | 4 | 0,5) -0,42 (0,24 | 7 | 0,43) -0,45 (0,24 | 9 | 0,56) -0,46 (0,32 | 10 | 0,3) -0,49 (0,25 | 4 | 0,75) -1,02 (0,23 | 7 | 0,43) 
P000301;-0,68;0,08;66;0,41;Sim/C/C03;0,13;0,23;9;0,44;Sim/C/C02 Sim/A/A07 Sim/B/B01 Sim/C/C01 ;-0,78 (0,25 | 4 | 0,25) -0,79 (0,25 | 3 | 0,33) -0,96 (0,28 | 10 | 0,4) -1,07 (0,2 | 10 | 0,3) 
P000302;1,22;0,13;44;0,66;Sim/B/B02;1,29;0,42;10;0,5;Sim/B/B04 Sim/C/C03 Sim/B/B01 Sim/C/C02 ;1,22 (17,92 | 1 | 0) 1,15 (0,25 | 10 | 0,8) 0,95 (0,25 | 7 | 0,43) 0,81 (0,3 | 10 | 0,8) 
P000303;-2,27;0,16;44;0,18;Sim/A/A06;-1,4;0,27;10;0,3;Sim/C/C02 Sim/B/B01 Sim/C/C01 Sim/A/A05 ;-2,28 (2,03 | 1 | 0) -2,28 (0,95 | 5 | 0) -2,29 (0,88 | 5 | 0) -2,81 (0,2 | 7 | 0,29) 
P000304;-1,42;0,12;53;0,21;;;;;;Sim/A/A04 Sim/A/A02 Sim/A/A06 Sim/B/B01 Sim/B/B02 Sim/C/C02 Sim/C/C03 Sim/A/A07 ;-1,44 (0,25 | 4 | 0,25) -1,54 (0,24 | 6 | 0,5) -1,56 (0,34 | 10 | 0,3) -1,71 (0,42 | 10 | 0,1) -1,71 (9,5 | 1 | 0) -1,76 (0,94 | 6 | 0) -1,89 (1,27 | 5 | 0) -1,94 (1,26 | 7 | 0,14) 
P000305;-0,66;0,08;57;0,39;Sim/C/C01;-0,17;0,23;6;0,67;Sim/A/A07 Sim/B/B01 Sim/B/B02 Sim/C/C03 Sim/C/C02 ;-0,67 (0,19 | 5 | 0,4) -0,96 (0,29 | 10 | 0,4) -1,07 (0,74 | 6 | 0) -1,3 (0,77 | 5 | 0,2) -1,68 (0,94 | 6 | 0) 
P000306;-1,14;0,1;51;0,18;Sim/A/A04;-0,74;0,23;6;0,5;Sim/A/A02 Sim/C/C01 Sim/A/A07 Sim/C/C02 Sim/B/B01 Sim/C/C03 ;-1,25 (0,24 | 5 | 0,4) -1,37 (0,28 | 10 | 0,1) -1,62 (0,98 | 5 | 0) -1,76 (0,94 | 6 | 0) -1,79 (0,46 | 10 | 0,1) -1,89 (1,27 | 5 | 0) 
P000307;2,28;0,2;40;0,6;Sim/B/B04;2,39;0,29;10;0,3;Sim/C/C10 Sim/C/C04 Sim/B/B01 ;2,28 (2,28 | 1 | 0) 2,05 (0,73 | 5 | 0) 2,02 (0,55 | 7 | 0,86) 
P000308;0,31;0,1;70;0,56;Sim/C/C03;1,67;0,46;10;0,9;Sim/A/A07 Sim/A/A04 Sim/B/B02 Sim/C/C02 Sim/A/A06 Sim/A/A02 ;0,3 (0,4 | 10 | 0,7) 0,14 (0,23 | 3 | 0,67) 0,12 (0,25 | 4 | 0,5) -0,11 (0,24 | 7 | 0,43) -0,21 (0,33 | 10 | 0,8) -1,15 (0,25 | 8 | 0,25) 
P000309;-3,01;0,17;46;0,37;Sim/A/A05;-2,77;0,2;5;0,4;Sim/B/B02 Sim/B/B01 Sim/A/A02 Sim/A/A03 Sim/A/A01 ;-3,01 (460,53 | 1 | 0) -3,02 (2,7 | 5 | 0) -3,1 (0,39 | 10 | 0) -3,21 (0,4 | 10 | 0,8) -3,23 (0,29 | 10 | 0,6) 
P000310;0,98;0,11;51;0,69;Sim/B/B02;1,51;0,43;10;0,5;Sim/B/B01 Sim/C/C02 Sim/A/A02 Sim/C/C03 ;0,95 (0,25 | 7 | 0,43) 0,83 (0,3 | 10 | 0,8) 0,83 (0,39 | 10 | 0,9) 0,64 (0,21 | 4 | 0,5) 
P000311;1,41;0,15;46;0,67;Sim/B/B02;1,76;0,36;10;0,5;Sim/B/B04 Sim/C/C04 Sim/C/C07 Sim/B/B01 Sim/C/C02 ;1,41 (10,2 | 1 | 0) 1,23 (4,12 | 1 | 0) 1,23 (2,75 | 1 | 0) 1,07 (0,24 | 7 | 0,57) 0,85 (0,3 | 10 | 0,8) 
P000312;4,77;0,13;53;0,89;;;;;;Sim/C/C09 Sim/C/C06 Sim/C/C04 Sim/C/C10 ;4,74 (0,21 | 5 | 0,8) 4,62 (0,31 | 10 | 0,9) 4,61 (0,28 | 10 | 0,8) 4,53 (0,37 | 10 | 0,9) 
P000313;-2,12;0,15;27;0,26;Sim/A/A05;-1,94;0,25;6;0,67;Sim/A/A06 Sim/A/A04 Sim/B/B01 Sim/A/A02 ;-2,12 (0,92 | 5 | 0) -2,13 (0,69 | 5 | 0) -2,14 (0,79 | 5 | 0) -2,2 (0,24 | 6 | 0,5) 
P000314;-4,63;0,17;30;0,13;;;;;;Sim/B/B02 Sim/B/B01 Sim/A/A06 Sim/A/A03 ;-4,63 (55120,44 | 1 | 0) -4,63 (5,45 | 5 | 0) -4,63 (3,62 | 5 | 0) -4,82 (0,32 | 10 | 0,2) 
P000315;0,39;0,1;62;0,56;Sim/A/A02;0,83;0,39;10;0,9;Sim/C/C02 Sim/C/C03 Sim/B/B03 Sim/B/B02 ;0,39 (0,29 | 10 | 0,6) 0,38 (0,24 | 3 | 0,33) 0,29 (0,27 | 10 | 0) 0,22 (0,22 | 4 | 0,5) 
P000316;0,61;0,1;61;0,69;Sim/B/B01;1,26;0,26;10;0,7;Sim/B/B02 Sim/C/C02 Sim/C/C03 ;0,51 (0,25 | 4 | 0,5) 0,27 (0,28 | 10 | 0,6) -0,02 (0,26 | 10 | 0,4) 
P000317;4,55;0,11;64;0,8;Sim/C/C09;4,82;0,25;5;0,6;Sim/C/C06 Sim/C/C04 Sim/B/B04 Sim/B/B02 Sim/B/B01 ;4,35 (0,19 | 10 | 0,8) 4,29 (0,25 | 10 | 0,7) 4,05 (0,44 | 10 | 0,9) 4,03 (1,72 | 5 | 0,8) 2,19 (0,74 | 5 | 0,8) 
P000318;-3,45;0,21;32;0,19;Sim/A/A01;-3,32;0,27;10;0,6;Sim/B/B02 Sim/B/B01 Sim/A/A06 Sim/A/A02 Sim/A/A05 ;-3,45 (1691,24 | 1 | 0) -3,45 (3,8 | 5 | 0) -3,46 (2,27 | 5 | 0) -3,47 (0,85 | 5 | 0) -3,92 (1,05 | 6 | 0) 
P000319;-1,27;0,11;62;0,34;Sim/C/C03;-0,36;0,32;10;0,3;Sim/B/B02 Sim/A/A04 Sim/A/A02 Sim/A/A06 ;-1,28 (1,1 | 5 | 0) -1,44 (0,25 | 4 | 0,25) -1,84 (0,23 | 5 | 0,6) -1,92 (0,65 | 7 | 0) 
P000320;-1,79;0,15;38;0,13;Sim/A/A02;-1,68;0,23;6;0,5;Sim/C/C02 Sim/A/A07 Sim/A/A06 Sim/C/C01 Sim/B/B01 ;-1,79 (1,66 | 1 | 0) -1,8 (0,95 | 5 | 0) -2,06 (0,72 | 8 | 0) -2,13 (0,72 | 6 | 0) -2,51 (1,12 | 8 | 0,13) 
P000321;5,97;0,77;41;1;;;;;;;
P000322;2,06;0,19;54;0,33;Sim/C/C07;2,31;0,47;10;0,1;Sim/C/C05 Sim/C/C10 Sim/C/C04 Sim/B/B01 ;1,93 (1,46 | 5 | 0) 1,9 (1,19 | 5 | 0) 1,83 (0,91 | 5 | 0) 1,08 (0,25 | 7 | 0,43) 
P000323;1,66;0,18;75;0,45;Sim/C/C04;2,68;0,38;10;0,2;Sim/B/B02 Sim/B/B03 ;1,18 (0,39 | 10 | 0,5) 1,16 (0,2 | 5 | 0,6) 
P000324;0,07;0,09;75;0,57;Sim/B/B02;0,48;0,23;6;0,67;Sim/C/C02 Sim/A/A04 Sim/B/B01 Sim/A/A06 ;-0,06 (0,25 | 6 | 0,5) -0,13 (0,24 | 3 | 0,33) -0,32 (0,25 | 6 | 0,5) -0,48 (0,23 | 6 | 0,67) 
P000325;0,63;0,1;54;0,63;Sim/A/A02;1,08;0,38;10;1;Sim/B/B03 Sim/A/A04 Sim/B/B01 Sim/C/C02 ;0,58 (0,23 | 5 | 0,4) 0,26 (0,23 | 7 | 0,71) 0,26 (0,27 | 10 | 0,5) -0,12 (0,25 | 6 | 0,5) 
P000326;-3,58;0,19;32;0,22;;;;;;Sim/B/B02 Sim/B/B01 Sim/A/A06 Sim/A/A02 Sim/A/A05 Sim/A/A01 ;-3,58 (2498,13 | 1 | 0) -3,59 (4,03 | 5 | 0) -3,59 (2,45 | 5 | 0) -3,59 (1,09 | 5 | 0) -3,62 (0,64 | 5 | 0) -3,69 (0,23 | 6 | 0,5) 
P000327;-1,38;0,11;67;0,33;Sim/B/B01;-0,84;0,27;10;0,4;Sim/B/B02 Sim/A/A02 Sim/A/A04 Sim/C/C02 Sim/A/A07 ;-1,38 (1,3 | 5 | 0) -1,54 (0,24 | 6 | 0,5) -1,62 (0,26 | 10 | 0,3) -1,76 (0,94 | 6 | 0,17) -1,94 (1,26 | 7 | 0) 
P000328;-5,65;0,88;26;0;;;;;;;
P000329;1,55;0,16;49;0,69;Sim/B/B01;1,66;0,38;10;0,8;Sim/C/C07 Sim/C/C04 Sim/C/C03 Sim/B/B02 ;1,55 (1,97 | 1 | 0) 1,55 (1,72 | 2 | 0) 1,44 (0,35 | 10 | 0,9) 1,37 (0,44 | 10 | 0,6) 
P000330;-2,55;0,14;37;0,22;Sim/A/A06;-1,7;0,41;10;0,2;Sim/B/B02 Sim/A/A02 ;-2,55 (115,1 | 1 | 0) -2,87 (0,28 | 10 | 0,1) 
P000331;-4,28;0,17;24;0,17;;;;;;Sim/B/B02 Sim/A/A02 Sim/B/B01 Sim/A/A06 Sim/A/A01 ;-4,28 (19731,35 | 1 | 0) -4,28 (2,93 | 5 | 0) -4,28 (4,96 | 5 | 0) -4,29 (3,28 | 5 | 0) -4,46 (0,24 | 4 | 0,5) 
P000332;1,82;0,19;54;0,67;Sim/B/B02;2,33;0,31;10;0,5;Sim/C/C10 Sim/C/C04 Sim/C/C07 Sim/C/C03 Sim/C/C02 ;1,82 (8,92 | 1 | 0) 1,81 (1,81 | 1 | 0) 1,81 (1,53 | 1 | 0) 1,27 (0,29 | 10 | 0,8) 0,79 (0,3 | 10 | 0,7) 
P000333;0,78;0,1;63;0,7;Sim/B/B03;1,16;0,2;5;0,6;Sim/C/C02 Sim/C/C03 Sim/B/B01 ;0,58 (0,3 | 10 | 0,7) 0,49 (0,19 | 5 | 0,4) 0,43 (0,3 | 10 | 0,5) 
P000334;-0,16;0,08;80;0,45;Sim/C/C01;0,61;0,46;10;0,9;Sim/C/C03 Sim/B/B02 Sim/A/A02 ;-0,35 (0,32 | 10 | 0,3) -0,5 (0,24 | 9 | 0) -1,59 (0,25 | 8 | 0,25) 
P000335;-3,16;0,19;37;0,24;Sim/A/A02;-2,65;0,23;10;0,3;Sim/B/B02 Sim/B/B01 Sim/A/A06 Sim/A/A01 Sim/A/A05 ;-3,16 (703,13 | 1 | 0) -3,16 (3 | 5 | 0) -3,16 (1,88 | 5 | 0) -3,33 (0,26 | 10 | 0,6) -3,92 (1,05 | 6 | 0) 
P000336;-0,65;0,08;55;0,38;Sim/A/A02;-0,35;0,26;10;0,6;Sim/C/C01 Sim/C/C02 Sim/B/B01 Sim/C/C03 ;-0,75 (0,22 | 4 | 0,5) -0,98 (0,28 | 10 | 0,1) -1,3 (0,31 | 10 | 0,3) -1,89 (1,27 | 5 | 0) 
P000337;-3,15;0,21;36;0,19;Sim/A/A02;-2,87;0,28;10;0,1;Sim/B/B02 Sim/B/B01 Sim/A/A06 Sim/A/A05 ;-3,15 (689,74 | 1 | 0) -3,15 (2,98 | 5 | 0) -3,16 (1,87 | 5 | 0) -3,91 (1,06 | 5 | 0) 
P000338;-5,65;0,88;26;0;;;;;;;
P000339;-1,45;0,12;54;0,19;Sim/B/B01;-0,96;0,29;10;0,3;Sim/B/B02 Sim/A/A02 Sim/C/C01 Sim/C/C03 Sim/C/C02 Sim/A/A07 ;-1,45 (1,44 | 5 | 0) -1,54 (0,24 | 6 | 0,5) -1,73 (0,44 | 10 | 0,1) -1,92 (1,67 | 1 | 0) -1,93 (1,74 | 1 | 0) -1,94 (1,26 | 7 | 0) 
P000340;0,11;0,09;73;0,52;Sim/C/C02;0,45;0,3;10;0,6;Sim/B/B03 Sim/A/A07 Sim/C/C01 ;0,09 (0,37 | 10 | 0) 0,08 (0,3 | 10 | 0,7) -0,25 (0,21 | 6 | 0,5) 
P000341;-2,62;0,16;26;0,19;Sim/B/B01;-1,47;0,34;10;0,2;Sim/A/A06 Sim/A/A05 ;-2,63 (1,33 | 5 | 0) -2,89 (0,24 | 4 | 0,25) 
P000342;2,15;0,18;73;0,36;Sim/C/C07;2,71;0,29;10;0,2;Sim/C/C06 Sim/C/C05 Sim/C/C10 Sim/B/B02 Sim/B/B04 Sim/B/B01 ;2,14 (1,43 | 5 | 0) 2,09 (0,9 | 8 | 0,13) 1,98 (1,02 | 8 | 0) 1,96 (0,3 | 10 | 0,6) 1,9 (0,79 | 5 | 0) 1,66 (0,38 | 10 | 0,8) 
P000343;5,4;0,27;42;0,95;;;;;;Sim/C/C08 ;5,21 (0,23 | 10 | 0,8) 
P000344;1,45;0,15;40;0,68;Sim/B/B03;1,73;0,32;10;0,9;Sim/C/C10 Sim/C/C04 Sim/C/C07 Sim/B/B04 Sim/B/B01 Sim/B/B02 ;1,44 (3,92 | 1 | 0) 1,44 (3,03 | 1 | 0) 1,44 (2,2 | 1 | 0) 1,37 (11,55 | 1 | 0) 1,12 (0,25 | 8 | 0,63) 1 (0,35 | 10 | 0,5) 
P000345;-2,73;0,15;22;0,18;Sim/A/A02;-2,47;0,24;6;0,33;Sim/B/B01 Sim/A/A05 ;-2,74 (1,63 | 5 | 0) -2,93 (0,23 | 6 | 0,17) 
P000346;-3,79;0,16;30;0,27;Sim/A/A03;-3,73;0,23;9;0,56;Sim/B/B02 Sim/A/A06 Sim/A/A02 Sim/A/A01 ;-3,79 (4619,31 | 1 | 0) -3,8 (2,7 | 5 | 0) -3,8 (1,53 | 5 | 0) -3,85 (0,24 | 5 | 0,4) 
P000347;3,2;0,08;82;0,44;Sim/C/C09;3,71;0,35;10;0,2;Sim/C/C08 Sim/C/C10 Sim/C/C05 Sim/B/B01 Sim/B/B03 ;3,15 (0,77 | 5 | 0) 2,94 (0,24 | 5 | 0,4) 2,77 (0,26 | 10 | 0,2) 2,39 (0,78 | 5 | 0,8) 2,13 (0,64 | 7 | 0,86) 
P000348;1,1;0,13;42;0,62;Sim/B/B02;1,77;0,35;10;0,5;Sim/B/B04 Sim/C/C03 Sim/B/B01 ;1,1 (25,49 | 1 | 0) 0,98 (0,25 | 6 | 0,67) 0,41 (0,31 | 10 | 0,5) 
P000349;3,1;0,1;53;0,45;Sim/C/C04;3,6;0,24;6;0,5;Sim/C/C06 Sim/B/B04 Sim/C/C07 Sim/B/B01 ;3,09 (0,4 | 10 | 0) 3 (0,22 | 4 | 0,5) 2,78 (0,27 | 10 | 0,3) 2,39 (0,78 | 5 | 0,8) 
P000350;-0,32;0,08;64;0,48;Sim/C/C01;0,16;0,26;10;0,7;Sim/B/B01 Sim/A/A07 Sim/B/B02 Sim/C/C03 ;-0,43 (0,25 | 7 | 0,43) -0,63 (0,2 | 5 | 0,4) -0,89 (0,48 | 10 | 0,1) -1,02 (0,53 | 7 | 0,14) 
P000351;0,39;0,1;68;0,75;Sim/C/C02;1,03;0,33;10;0,9;Sim/C/C03 Sim/A/A02 Sim/A/A04 Sim/B/B01 ;0,27 (0,2 | 8 | 0,5) -0,08 (0,3 | 10 | 0,7) -0,13 (0,24 | 3 | 0,33) -0,21 (0,25 | 5 | 0,6) 
P000352;-0,21;0,08;72;0,56;Sim/A/A02;0,41;0,35;10;0,8;Sim/A/A04 Sim/A/A07 Sim/B/B01 Sim/C/C03 ;-0,27 (0,23 | 6 | 0,5) -0,45 (0,18 | 6 | 0,5) -1 (0,29 | 10 | 0,3) -1,02 (0,53 | 7 | 0,14) 
P000353;-4,55;0,16;31;0,13;Sim/A/A01;-4,27;0,23;5;0,4;Sim/B/B02 Sim/B/B01 Sim/A/A03 ;-4,55 (44511,23 | 1 | 0) -4,56 (5,35 | 5 | 0) -5,06 (0,5 | 10 | 0,1) 
P000354;1,43;0,14;54;0,78;Sim/B/B02;2,06;0,3;10;0,7;Sim/C/C07 Sim/C/C04 Sim/C/C03 Sim/B/B01 Sim/B/B03 ;1,43 (2,23 | 1 | 0) 1,43 (1,84 | 2 | 0) 1,36 (0,32 | 10 | 0,9) 1,33 (0,28 | 10 | 0,7) 1,16 (0,2 | 5 | 0,6) 
P000355;0,7;0,1;72;0,68;Sim/B/B02;1,18;0,39;10;0,5;Sim/A/A04 Sim/C/C03 Sim/C/C01 Sim/A/A02 ;0,59 (0,34 | 10 | 0,8) 0,42 (0,21 | 5 | 0,4) 0,33 (0,32 | 10 | 0,9) -0,59 (0,23 | 10 | 0,5) 
P000356;0,93;0,11;57;0,72;Sim/C/C03;1;0,23;9;0,67;Sim/C/C07 Sim/C/C04 Sim/A/A02 Sim/A/A04 Sim/B/B03 Sim/B/B02 ;0,93 (3,81 | 1 | 0) 0,93 (3,56 | 1 | 0) 0,83 (0,39 | 10 | 0,9) 0,68 (0,38 | 10 | 0,8) 0,6 (0,24 | 5 | 0,2) 0,37 (0,21 | 7 | 0,43) 
P000357;-1,04;0,09;53;0,32;Sim/A/A02;-0,64;0,24;9;0,56;Sim/C/C01 Sim/B/B01 Sim/B/B02 Sim/A/A04 Sim/C/C02 ;-1,18 (0,24 | 7 | 0,43) -1,23 (0,3 | 10 | 0,3) -1,24 (2,38 | 1 | 0) -1,27 (0,2 | 6 | 0,33) -1,76 (0,94 | 6 | 0) 
P000358;3,45;0,09;58;0,57;Sim/C/C07;3,96;0,21;6;0,67;Sim/C/C04 Sim/B/B04 Sim/C/C10 Sim/B/B02 ;3,07 (0,29 | 10 | 0,4) 3,06 (0,21 | 4 | 0,5) 3,01 (0,22 | 5 | 0,2) 2,98 (0,51 | 6 | 0,67) 
P000359;-1,87;0,14;47;0,13;Sim/A/A02;-1,54;0,24;6;0,5;Sim/C/C02 Sim/B/B01 Sim/A/A06 Sim/A/A05 Sim/C/C01 ;-1,88 (1,71 | 1 | 0) -1,9 (0,53 | 7 | 0) -2,07 (0,72 | 8 | 0) -2,09 (0,24 | 4 | 0,5) -2,13 (0,72 | 6 | 0) 
P000360;-1,52;0,13;56;0,14;Sim/A/A07;-1,44;0,48;10;0,1;Sim/B/B01 Sim/C/C03 Sim/A/A04 Sim/A/A06 ;-1,71 (0,42 | 10 | 0,2) -1,89 (1,27 | 5 | 0) -1,92 (0,42 | 10 | 0,1) -1,93 (0,65 | 8 | 0) 
P000361;-2,69;0,15;22;0,18;Sim/A/A02;-2,47;0,24;6;0,33;Sim/B/B01 Sim/A/A06 Sim/A/A05 ;-2,7 (1,56 | 5 | 0) -2,7 (1,39 | 5 | 0) -2,81 (0,2 | 6 | 0,33) 
P000362;0,72;0,11;59;0,68;Sim/B/B02;1,51;0,43;10;0,5;Sim/A/A04 Sim/C/C03 Sim/A/A02 Sim/C/C01 ;0,68 (0,38 | 10 | 0,8) 0,38 (0,24 | 3 | 0,33) 0,24 (0,34 | 10 | 0,8) -0,2 (0,22 | 4 | 0,5) 
P000363;-4,39;0,17;23;0,17;;;;;;Sim/B/B02 Sim/A/A02 Sim/B/B01 Sim/A/A01 ;-4,39 (27496,27 | 1 | 0) -4,39 (3,3 | 5 | 0) -4,39 (5,12 | 5 | 0) -4,46 (0,24 | 4 | 0,5) 
P000364;-0,04;0,08;82;0,48;Sim/B/B01;0,31;0,28;10;0,5;Sim/C/C03 Sim/A/A04 Sim/B/B03 Sim/B/B02 ;-0,06 (0,27 | 10 | 0,4) -0,13 (0,24 | 3 | 0,33) -0,22 (0,6 | 10 | 0) -0,54 (0,25 | 10 | 0,2) 
P000365;5,97;0,77;41;1;;;;;;;
P000366;-2,41;0,15;21;0,24;Sim/A/A05;-2,32;0,21;5;0,6;Sim/B/B01 Sim/A/A06 Sim/A/A02 ;-2,41 (1,13 | 5 | 0) -2,42 (1,14 | 5 | 0) -2,47 (0,24 | 6 | 0,33) 
P000367;1,29;0,12;65;0,74;Sim/B/B02;1,7;0,38;10;0,6;Sim/B/B04 Sim/C/C07 Sim/C/C04 Sim/C/C02 Sim/A/A04 Sim/A/A02 ;1,29 (14,66 | 1 | 0) 1,29 (2,59 | 1 | 0) 1,28 (2,75 | 1 | 0) 1,14 (0,35 | 10 | 0,8) 0,92 (0,55 | 7 | 0,86) 0,83 (0,39 | 10 | 0,9) 
P000368;-0,35;0,08;63;0,59;Sim/A/A07;0,37;0,43;10;0,9;Sim/B/B01 Sim/A/A06 Sim/C/C02 Sim/A/A04 Sim/C/C03 ;-0,45 (0,25 | 8 | 0,5) -0,67 (0,17 | 8 | 0,63) -0,69 (0,24 | 5 | 0,4) -0,7 (0,25 | 6 | 0,5) -1,02 (0,53 | 6 | 0,17) 
P000369;0,06;0,09;66;0,48;Sim/B/B01;0,54;0,3;10;0,5;Sim/B/B02 Sim/A/A02 Sim/C/C02 Sim/A/A04 Sim/A/A07 ;0,04 (0,21 | 6 | 0,5) -0,08 (0,3 | 10 | 0,7) -0,13 (0,24 | 6 | 0,5) -0,13 (0,24 | 3 | 0,33) -0,23 (0,22 | 7 | 0,57) 
P000370;1,38;0,15;36;0,61;Sim/B/B02;1,51;0,43;10;0,5;Sim/C/C04 Sim/C/C07 Sim/B/B04 Sim/B/B01 ;1,38 (3,34 | 1 | 0) 1,37 (2,36 | 1 | 0) 1,26 (16,06 | 1 | 0) 0,99 (0,24 | 7 | 0,57) 
P000371;1,93;0,2;54;0,39;Sim/C/C07;2,31;0,47;10;0,1;Sim/B/B04 Sim/B/B02 ;1,92 (1,15 | 2 | 0) 1,51 (0,43 | 10 | 0,5) 
P000372;3,64;0,08;74;0,45;Sim/C/C08;3,84;0,29;10;0,2;Sim/C/C07 Sim/C/C06 Sim/C/C05 Sim/B/B02 Sim/B/B01 ;3,6 (0,21 | 4 | 0,5) 3,54 (0,19 | 9 | 0,22) 3,47 (0,25 | 3 | 0,33) 2,98 (0,51 | 6 | 0,67) 2,19 (0,74 | 5 | 0,8) 
P000373;-3,82;0,18;27;0,26;;;;;;Sim/B/B02 Sim/B/B01 Sim/A/A02 Sim/A/A06 Sim/A/A01 ;-3,82 (4985,03 | 1 | 0) -3,82 (4,34 | 5 | 0) -3,82 (1,58 | 5 | 0) -3,82 (2,72 | 5 | 0) -4,08 (0,22 | 6 | 0,5) 
P000374;4,54;0,1;59;0,76;Sim/C/C09;4,81;0,22;6;0,67;Sim/C/C04 Sim/C/C08 Sim/C/C06 Sim/B/B02 Sim/B/B01 ;4,48 (0,26 | 10 | 0,7) 4,42 (0,2 | 6 | 0,33) 4,34 (0,18 | 10 | 0,7) 3,3 (0,83 | 5 | 0,8) 2,19 (0,74 | 5 | 0,8) 
P000375;-5,65;0,88;26;0;;;;;;;
P000376;-1,26;0,11;52;0,21;Sim/B/B01;-1,16;0,29;10;0,3;Sim/B/B02 Sim/C/C01 Sim/A/A07 Sim/C/C03 Sim/A/A04 ;-1,26 (2,55 | 1 | 0) -1,64 (0,39 | 10 | 0,1) -1,68 (0,99 | 6 | 0) -1,89 (1,27 | 5 | 0,2) -2,01 (0,54 | 8 | 0) 
P000377;-2,95;0,16;40;0,28;Sim/A/A02;-2,87;0,28;10;0,1;Sim/B/B02 Sim/B/B01 Sim/A/A06 Sim/A/A05 Sim/A/A01 ;-2,95 (384,32 | 1 | 0) -2,96 (2,52 | 5 | 0) -2,96 (1,65 | 5 | 0) -2,97 (0,23 | 9 | 0,33) -2,98 (0,37 | 10 | 0,7) 
P000378;-3,71;0,17;31;0,32;Sim/A/A03;-3,54;0,29;10;0,7;Sim/B/B02 Sim/B/B01 Sim/A/A02 Sim/A/A01 ;-3,71 (3633,29 | 1 | 0) -3,71 (4,2 | 5 | 0) -3,71 (1,32 | 5 | 0) -3,85 (0,24 | 5 | 0,4) 
P000379;0,69;0,1;61;0,57;Sim/B/B02;1,63;0,41;10;0,5;Sim/B/B01 Sim/B/B03 ;0,43 (0,3 | 10 | 0,5) 0,13 (0,35 | 10 | 0,1) 
P000380;1,93;0,2;63;0,38;;;;;;Sim/C/C05 Sim/C/C10 Sim/C/C04 Sim/B/B03 Sim/B/B02 Sim/B/B04 Sim/B/B01 ;1,93 (1,31 | 6 | 0) 1,92 (1,24 | 6 | 0) 1,9 (0,84 | 5 | 0) 1,71 (0,31 | 10 | 0,8) 1,67 (0,39 | 10 | 0,5) 1,62 (1,1 | 5 | 0) 1,53 (0,34 | 10 | 0,8) 
P000381;-3,03;0,17;43;0,33;Sim/A/A05;-3;0,24;6;0,33;Sim/B/B02 Sim/B/B01 Sim/A/A02 Sim/A/A03 ;-3,03 (488,73 | 1 | 0) -3,04 (2,77 | 5 | 0) -3,1 (0,39 | 10 | 0) -3,42 (0,33 | 10 | 0,6) 
P000382;-0,01;0,08;75;0,53;Sim/C/C03;0,26;0,24;5;0,4;Sim/C/C01 Sim/B/B03 Sim/A/A04 Sim/A/A02 Sim/B/B02 Sim/B/B01 ;-0,01 (0,23 | 7 | 0,57) -0,02 (0,46 | 8 | 0) -0,05 (0,22 | 4 | 0,5) -0,08 (0,3 | 10 | 0,7) -0,13 (0,21 | 6 | 0,5) -0,18 (0,25 | 5 | 0,4) 
P000383;2,7;0,17;41;0,59;;;;;;Sim/B/B02 Sim/C/C07 Sim/C/C10 Sim/B/B01 ;2,45 (0,33 | 10 | 0,7) 2,1 (0,83 | 5 | 0,2) 1,9 (1,21 | 7 | 0,14) 1,82 (0,43 | 10 | 0,8) 
P000384;-2,03;0,15;28;0,32;;;;;;Sim/A/A04 Sim/B/B01 Sim/A/A02 ;-2,03 (0,58 | 5 | 0) -2,04 (0,7 | 5 | 0) -2,2 (0,24 | 6 | 0,5) 
P000385;0,79;0,09;65;0,72;Sim/C/C03;1,41;0,33;10;1;Sim/C/C02 Sim/B/B02 Sim/B/B01 Sim/B/B03 ;0,68 (0,29 | 10 | 0,6) 0,48 (0,23 | 5 | 0,6) 0,44 (0,31 | 10 | 0,6) 0,32 (0,26 | 10 | 0,2) 
P000386;2,92;0,11;49;0,45;Sim/C/C10;3,08;0,19;7;0,29;Sim/C/C06 Sim/C/C04 Sim/B/B03 Sim/C/C07 ;2,91 (0,7 | 5 | 0) 2,29 (0,58 | 5 | 0,2) 2,13 (0,64 | 7 | 0,86) 2,1 (0,83 | 5 | 0) 
P000387;3,46;0,09;55;0,65;Sim/C/C05;3,96;0,24;6;0,83;Sim/C/C06 Sim/B/B02 Sim/C/C07 Sim/C/C10 Sim/C/C04 ;3,45 (0,25 | 5 | 0,2) 3,26 (0,79 | 5 | 0,8) 3,17 (0,23 | 5 | 0,4) 3,15 (0,19 | 5 | 0,4) 3,08 (0,29 | 10 | 0,5) 
P000388;0,68;0,1;57;0,65;Sim/C/C02;0,89;0,3;10;0,7;Sim/C/C03 Sim/B/B01 Sim/A/A04 ;0,64 (0,21 | 4 | 0,5) 0,61 (0,29 | 10 | 0,5) 0,23 (0,23 | 7 | 0,71) 
P000389;-2,16;0,15;26;0,31;Sim/A/A05;-1,83;0,27;10;0,6;Sim/A/A06 Sim/B/B01 Sim/A/A02 ;-2,17 (0,95 | 5 | 0) -2,18 (0,83 | 5 | 0) -2,47 (0,24 | 6 | 0,33) 
P000390;4,97;0,17;38;0,87;;;;;;Sim/C/C09 Sim/B/B02 Sim/B/B01 ;4,82 (0,25 | 5 | 0,6) 4,03 (1,72 | 5 | 0,8) 2,19 (0,74 | 5 | 0,8) 
P000391;-2,7;0,15;37;0,16;Sim/A/A06;-1,23;0,23;5;0,2;Sim/C/C01 Sim/B/B01 Sim/A/A04 Sim/A/A02 Sim/A/A05 ;-2,71 (1,57 | 4 | 0) -2,71 (1,58 | 5 | 0) -2,73 (1,44 | 5 | 0) -2,78 (0,26 | 10 | 0,2) -2,88 (0,23 | 7 | 0,29) 
P000392;0,27;0,1;61;0,57;Sim/C/C02;0,97;0,31;10;0,7;Sim/A/A06 Sim/A/A02 Sim/B/B01 Sim/B/B02 ;0,13 (0,7 | 5 | 0,8) -0,07 (0,31 | 10 | 0,7) -0,18 (0,25 | 5 | 0,4) -0,36 (0,23 | 6 | 0,17) 
P000393;0,36;0,1;63;0,62;Sim/A/A02;0,83;0,39;10;0,9;Sim/C/C03 Sim/B/B02 Sim/C/C01 Sim/B/B01 Sim/C/C02 ;0,35 (0,22 | 4 | 0,25) 0,31 (0,23 | 5 | 0,4) 0,18 (0,27 | 10 | 0,9) 0,16 (0,25 | 9 | 0,56) 0,12 (0,25 | 10 | 0,5) 
P000394;2,9;0,11;58;0,45;Sim/B/B04;3,1;0,21;5;0,6;Sim/B/B02 Sim/C/C05 Sim/C/C04 ;2,24 (0,3 | 10 | 0,7) 2,12 (0,9 | 7 | 0) 2,05 (0,73 | 5 | 0,2) 
P000395;-2,36;0,16;25;0,2;Sim/A/A05;-2,12;0,24;5;0,6;Sim/B/B02 Sim/A/A06 Sim/B/B01 Sim/A/A02 ;-2,36 (66,8 | 1 | 0) -2,37 (1,1 | 5 | 0) -2,37 (1,16 | 5 | 0) -2,52 (0,22 | 9 | 0,22) 
P000396;-2,98;0,18;33;0,24;Sim/A/A02;-2,87;0,28;10;0,1;Sim/B/B02 Sim/B/B01 Sim/A/A01 ;-2,98 (415,19 | 1 | 0) -2,98 (2,58 | 5 | 0) -3,51 (0,24 | 7 | 0,57) 
P000397;2,06;0,2;38;0,55;Sim/B/B04;2,37;0,3;10;0,2;Sim/C/C10 Sim/C/C04 Sim/C/C07 Sim/B/B02 ;2,05 (1,53 | 1 | 0) 2,05 (1,32 | 1 | 0) 2,04 (1,25 | 1 | 0) 1,63 (0,4 | 10 | 0,5) 
P000398;2,49;0,14;67;0,39;Sim/C/C07;2,88;0,24;10;0,3;Sim/B/B04 Sim/B/B02 Sim/C/C04 ;2,31 (0,33 | 10 | 0,2) 2,1 (0,29 | 10 | 0,5) 2,05 (0,73 | 5 | 0,2) 
P000399;0,12;0,09;66;0,56;Sim/A/A04;0,27;0,22;10;0,6;Sim/B/B03 Sim/B/B01 Sim/C/C02 Sim/C/C03 ;0,1 (0,37 | 10 | 0) 0,05 (0,24 | 6 | 0,67) -0,29 (0,23 | 5 | 0,6) -0,36 (0,32 | 10 | 0,3) 
P000400;3,31;0,09;67;0,46;Sim/C/C08;3,85;0,29;10;0,2;Sim/C/C05 Sim/B/B04 Sim/C/C10 Sim/B/B02 Sim/C/C06 ;3,28 (0,19 | 6 | 0,5) 3,07 (0,21 | 4 | 0,5) 2,99 (0,24 | 4 | 0,25) 2,98 (0,51 | 6 | 0,67) 2,9 (0,65 | 7 | 0,14) 
P000401;-1,22;0,1;65;0,23;Sim/A/A02;-0,83;0,23;8;0,5;Sim/B/B02 Sim/B/B01 Sim/C/C01 Sim/A/A07 Sim/A/A06 ;-1,22 (2,24 | 1 | 0) -1,28 (0,3 | 10 | 0,3) -1,32 (0,26 | 10 | 0,3) -1,67 (1 | 5 | 0) -1,93 (0,65 | 8 | 0) 
P000402;2,55;0,14;59;0,36;Sim/C/C07;2,94;0,24;8;0,38;Sim/B/B01 Sim/B/B03 Sim/C/C05 Sim/B/B04 Sim/C/C10 ;2,39 (0,78 | 5 | 0,8) 2,13 (0,64 | 7 | 0,86) 2,09 (0,9 | 8 | 0) 2 (0,73 | 6 | 0) 1,98 (1,02 | 8 | 0) 
P000403;1,01;0,11;61;0,7;Sim/C/C02;1,38;0,45;10;0,9;Sim/C/C07 Sim/C/C04 Sim/A/A02 Sim/B/B03 ;1,01 (3,51 | 1 | 0) 1,01 (3,37 | 1 | 0) 0,83 (0,39 | 10 | 0,9) 0,58 (0,21 | 7 | 0,43) 
P000404;-0,49;0,08;73;0,44;Sim/A/A02;-0,08;0,3;10;0,7;Sim/B/B01 Sim/C/C03 Sim/B/B02 Sim/C/C02 Sim/A/A07 ;-0,55 (0,25 | 10 | 0,5) -0,57 (0,33 | 10 | 0,2) -0,78 (0,39 | 10 | 0) -0,9 (0,26 | 10 | 0,3) -0,98 (0,24 | 6 | 0) 
P000405;0,19;0,12;48;0,46;Sim/B/B03;1,41;0,25;5;0,6;Sim/B/B04 Sim/C/C03 Sim/C/C02 ;0,19 (366,18 | 1 | 0) -0,27 (0,33 | 10 | 0,2) -0,65 (0,22 | 6 | 0,33) 
P000406;1,27;0,13;45;0,64;Sim/B/B02;1,67;0,39;10;0,5;Sim/B/B04 Sim/C/C07 Sim/B/B01 Sim/C/C02 ;1,27 (15,37 | 1 | 0) 1,02 (3,46 | 1 | 0) 0,95 (0,25 | 7 | 0,43) 0,5 (0,29 | 10 | 0,6) 
P000407;-3,73;0,15;41;0,24;Sim/A/A02;-3,24;0,48;10;0,1;Sim/B/B02 Sim/A/A06 Sim/A/A03 ;-3,73 (3810,56 | 1 | 0) -3,74 (2,62 | 5 | 0) -3,83 (0,23 | 5 | 0,6) 
P000408;4,85;0,13;48;0,9;;;;;;Sim/C/C08 Sim/C/C09 ;4,76 (0,2 | 4 | 0,5) 4,7 (0,2 | 5 | 0,6) 
P000409;-1,19;0,09;55;0,24;Sim/B/B01;-0,94;0,28;10;0,4;Sim/B/B02 Sim/A/A06 Sim/C/C02 Sim/C/C01 ;-1,19 (0,95 | 5 | 0) -1,35 (0,25 | 10 | 0,3) -1,68 (0,94 | 5 | 0) -2,14 (0,72 | 7 | 0) 
P000410;-0,61;0,08;65;0,45;Sim/C/C02;-0,04;0,24;7;0,57;Sim/B/B01 Sim/A/A04 Sim/A/A07 Sim/C/C03 ;-0,82 (0,27 | 10 | 0,4) -0,91 (0,18 | 6 | 0,5) -1,01 (0,25 | 6 | 0,17) -1,89 (1,27 | 5 | 0,2) 
P000411;-2,19;0,16;23;0,3;Sim/A/A05;-2,09;0,25;5;0,8;Sim/B/B02 Sim/A/A06 Sim/B/B01 Sim/A/A02 ;-2,19 (40,35 | 1 | 0) -2,2 (0,97 | 5 | 0) -2,21 (0,92 | 5 | 0) -2,22 (0,23 | 7 | 0,43) 
P000412;-0,95;0,09;55;0,38;Sim/A/A07;-0,6;0,17;6;0,5;Sim/B/B01 Sim/B/B02 Sim/A/A02 Sim/C/C01 ;-1,53 (0,36 | 10 | 0,2) -1,53 (5,58 | 1 | 0) -1,55 (0,24 | 7 | 0,43) -1,64 (0,39 | 10 | 0,1) 
P000413;0,08;0,1;61;0,51;Sim/C/C02;0,81;0,3;10;0,8;Sim/B/B01 Sim/A/A04 Sim/A/A07 Sim/B/B02 ;0,04 (0,23 | 10 | 0,5) -0,13 (0,24 | 3 | 0,33) -0,27 (0,21 | 7 | 0,57) -0,32 (0,22 | 7 | 0,29) 
P000414;-0,78;0,08;63;0,4;Sim/A/A02;-0,1;0,31;10;0,7;Sim/A/A06 Sim/B/B02 Sim/B/B01 Sim/A/A04 Sim/C/C01 Sim/C/C03 Sim/C/C02 ;-0,84 (0,18 | 5 | 0,6) -0,89 (0,48 | 10 | 0,1) -0,94 (0,28 | 10 | 0,4) -0,96 (0,2 | 4 | 0,5) -1 (0,25 | 3 | 0,33) -1,03 (0,53 | 6 | 0,17) -1,3 (0,45 | 10 | 0,3) 
P000415;2,96;0,1;62;0,44;Sim/B/B04;3,97;0,39;10;0,8;Sim/C/C05 Sim/C/C07 Sim/C/C06 Sim/C/C04 Sim/B/B01 Sim/C/C10 ;2,87 (0,25 | 7 | 0,29) 2,57 (0,35 | 10 | 0,2) 2,48 (1,39 | 5 | 0) 2,05 (0,73 | 5 | 0) 2,02 (0,55 | 7 | 0,86) 1,98 (1,02 | 8 | 0) 
P000416;2,37;0,17;59;0,41;Sim/C/C07;2,66;0,31;10;0,3;Sim/B/B02 Sim/C/C05 Sim/C/C04 Sim/B/B04 ;2,33 (0,31 | 10 | 0,7) 2,09 (0,9 | 8 | 0) 2,05 (0,73 | 5 | 0,2) 1,9 (0,79 | 5 | 0) 
P000417;-5,44;0,6;31;0,03;;;;;;Sim/B/B02 Sim/B/B01 Sim/A/A06 Sim/A/A01 ;-5,44 (612449,88 | 1 | 0) -5,45 (7,49 | 5 | 0) -5,46 (4,91 | 5 | 0) -5,55 (1,08 | 5 | 0) 
P000418;-2,41;0,16;28;0,39;Sim/A/A02;-2,09;0,22;8;0,5;Sim/B/B02 Sim/B/B01 Sim/A/A06 Sim/A/A05 ;-2,41 (76,8 | 1 | 0) -2,42 (1,23 | 5 | 0) -2,43 (1,15 | 5 | 0) -2,77 (0,22 | 4 | 0,5) 
P000419;-1,9;0,15;36;0,36;Sim/B/B01;-1,42;0,33;10;0,3;Sim/A/A06 Sim/A/A04 Sim/A/A02 ;-1,92 (0,73 | 5 | 0) -2,06 (0,59 | 7 | 0,14) -2,2 (0,24 | 6 | 0,5) 
P000420;-1,41;0,11;57;0,25;Sim/B/B01;-0,96;0,28;10;0,4;Sim/B/B02 Sim/A/A04 Sim/C/C01 Sim/A/A02 Sim/C/C02 Sim/A/A07 ;-1,42 (1,36 | 5 | 0) -1,44 (0,25 | 4 | 0,25) -1,48 (0,32 | 10 | 0,2) -1,54 (0,24 | 6 | 0,5) -1,75 (0,95 | 5 | 0,2) -2,12 (1,38 | 7 | 0,14) 
P000421;3,87;0,09;73;0,59;Sim/C/C06;3,98;0,18;5;0,6;Sim/C/C08 Sim/C/C04 Sim/C/C10 Sim/C/C09 Sim/B/B02 Sim/B/B03 ;3,71 (0,34 | 10 | 0) 3,58 (0,24 | 7 | 0,43) 3,44 (0,2 | 4 | 0,5) 3,3 (0,68 | 8 | 0,13) 3,3 (0,83 | 5 | 0,8) 2,55 (1,2 | 5 | 0,8) 
P000422;4,92;0,13;57;0,89;Sim/C/C09;5,26;0,37;10;0,8;Sim/C/C08 Sim/C/C10 ;4,71 (0,18 | 6 | 0,5) 4,63 (0,42 | 10 | 0,9) 
P000423;-4,2;0,14;44;0,14;Sim/A/A02;-2,87;0,28;10;0,1;Sim/B/B02 Sim/B/B01 Sim/A/A05 Sim/A/A03 ;-4,2 (15604,56 | 1 | 0) -4,2 (4,85 | 5 | 0) -4,21 (1,25 | 5 | 0) -4,67 (0,25 | 10 | 0) 
P000424;1,41;0,14;50;0,66;Sim/B/B01;1,63;0,38;10;0,8;Sim/C/C07 Sim/B/B03 Sim/C/C04 Sim/C/C02 Sim/C/C03 ;1,41 (2,28 | 1 | 0) 1,41 (0,24 | 6 | 0,5) 1,4 (1,99 | 2 | 0) 1,38 (0,45 | 10 | 0,9) 1,22 (0,27 | 10 | 0,8) 
P000425;2,41;0,19;40;0,55;;;;;;Sim/C/C10 Sim/B/B02 Sim/B/B03 Sim/C/C04 ;2,38 (0,62 | 5 | 0) 2,18 (0,3 | 10 | 0,6) 2,05 (0,49 | 10 | 0,8) 2,05 (0,73 | 5 | 0) 
P000426;-1,24;0,1;58;0,33;Sim/C/C01;-0,72;0,21;5;0,6;Sim/C/C03 Sim/A/A02 Sim/A/A07 Sim/B/B01 Sim/B/B02 Sim/A/A05 Sim/A/A04 ;-1,3 (0,77 | 5 | 0,2) -1,54 (0,24 | 6 | 0,5) -1,67 (1 | 5 | 0) -1,73 (0,43 | 10 | 0,1) -1,73 (10,19 | 1 | 0) -1,75 (0,31 | 10 | 0,7) -2,01 (0,54 | 7 | 0) 
P000427;-2,11;0,14;44;0,25;Sim/A/A04;-1,92;0,42;10;0,1;Sim/B/B01 Sim/C/C01 Sim/A/A02 ;-2,12 (0,77 | 5 | 0) -2,12 (0,76 | 4 | 0) -2,33 (0,22 | 8 | 0,38) 
P000428;-4,67;0,18;33;0,09;Sim/A/A01;-4,44;0,23;5;0,4;Sim/B/B02 Sim/A/A02 Sim/A/A06 Sim/A/A03 ;-4,67 (62543,31 | 1 | 0) -4,7 (4,34 | 5 | 0) -4,71 (3,69 | 5 | 0) -5,41 (0,87 | 10 | 0) 
P000429;2,72;0,14;39;0,51;Sim/B/B04;3,08;0,19;7;0,57;Sim/B/B03 Sim/B/B02 Sim/C/C07 Sim/C/C10 ;2,23 (0,89 | 5 | 0,8) 2,12 (0,29 | 10 | 0,6) 2,1 (0,83 | 5 | 0,2) 2,05 (1,01 | 7 | 0) 
P000430;5,42;0,27;49;0,92;Sim/C/C08;5,43;0,35;10;0,9;Sim/C/C06 Sim/C/C10 Sim/B/B03 ;4,89 (0,55 | 9 | 0,89) 4,8 (0,57 | 8 | 0,88) 3,39 (2,16 | 5 | 0,8) 
P000431;3,21;0,1;54;0,5;Sim/C/C05;3,96;0,24;6;0,83;Sim/C/C07 Sim/C/C10 Sim/C/C04 Sim/B/B04 ;3,17 (0,23 | 5 | 0,4) 3,01 (0,22 | 5 | 0,2) 2,93 (0,32 | 10 | 0,4) 2,84 (0,23 | 3 | 0,33) 
P000432;3,88;0,09;73;0,58;Sim/C/C05;4;0,24;8;0,63;Sim/C/C08 Sim/C/C04 Sim/C/C06 Sim/B/B02 Sim/B/B03 ;3,84 (0,29 | 10 | 0,2) 3,78 (0,25 | 6 | 0,5) 3,62 (0,24 | 3 | 0,33) 3,3 (0,83 | 5 | 0,8) 2,13 (0,64 | 7 | 0,86) 
P000433;5,97;0,77;41;1;;;;;;;
P000434;2,43;0,16;54;0,41;Sim/C/C04;2,65;0,38;10;0,3;Sim/C/C05 Sim/C/C10 Sim/B/B02 Sim/C/C07 ;2,4 (0,52 | 7 | 0) 2,4 (0,6 | 5 | 0) 2,24 (0,3 | 10 | 0,6) 1,92 (0,84 | 6 | 0,17) 
P000435;-5,65;0,88;26;0;;;;;;;
P000436;0,55;0,1;51;0,61;Sim/C/C03;0,7;0,18;8;0,5;Sim/C/C02 Sim/B/B02 Sim/A/A02 Sim/B/B01 ;0,39 (0,29 | 10 | 0,6) 0,38 (0,24 | 4 | 0,5) 0,24 (0,34 | 10 | 0,8) 0,19 (0,25 | 10 | 0,5) 
P000437;2,42;0,19;35;0,54;Sim/B/B04;2,68;0,19;10;0,3;Sim/C/C10 Sim/C/C04 Sim/C/C07 Sim/B/B01 Sim/B/B02 ;2,42 (1,53 | 1 | 0) 2,4 (0,89 | 1 | 0) 2,4 (0,98 | 1 | 0) 2,39 (0,78 | 5 | 0,8) 2,02 (0,3 | 10 | 0,5) 
P000438;-3,57;0,16;41;0,27;Sim/A/A05;-3,27;0,33;10;0,1;Sim/B/B02 Sim/A/A01 Sim/A/A06 Sim/A/A02 Sim/A/A03 ;-3,57 (2403,61 | 1 | 0) -3,58 (0,22 | 7 | 0,57) -3,58 (2,44 | 5 | 0) -3,59 (1,08 | 5 | 0) -3,68 (0,24 | 8 | 0,63) 
P000439;3,19;0,09;82;0,4;Sim/C/C07;4,33;0,33;10;0,7;Sim/C/C10 Sim/B/B02 Sim/C/C05 Sim/C/C04 Sim/B/B04 Sim/B/B03 ;3,13 (0,19 | 5 | 0,4) 3,01 (0,56 | 5 | 0,6) 2,88 (0,25 | 8 | 0,25) 2,86 (0,34 | 10 | 0,4) 2,63 (0,25 | 6 | 0,33) 2,13 (0,64 | 7 | 0,86) 
P000440;-5,65;0,88;26;0;;;;;;;
P000441;-3,44;0,21;36;0,19;Sim/A/A05;-3,27;0,33;10;0,2;Sim/B/B02 Sim/A/A06 Sim/B/B01 Sim/A/A02 Sim/A/A01 ;-3,44 (1628,53 | 1 | 0) -3,44 (2,25 | 5 | 0) -3,44 (3,78 | 5 | 0) -3,45 (0,82 | 5 | 0) -3,47 (0,24 | 10 | 0,5) 
P000442;3,17;0,1;50;0,56;;;;;;Sim/C/C10 Sim/C/C04 Sim/C/C07 Sim/B/B04 Sim/B/B03 ;3,15 (0,19 | 5 | 0,4) 3,11 (0,29 | 10 | 0,5) 3,08 (0,25 | 4 | 0,5) 2,58 (0,24 | 8 | 0,25) 2,23 (0,89 | 5 | 0,8) 
P000443;-4,8;0,23;28;0,07;Sim/A/A03;-4,49;0,23;5;0,4;Sim/B/B02 Sim/B/B01 Sim/A/A06 Sim/A/A01 ;-4,8 (92838,66 | 1 | 0) -4,8 (6,7 | 5 | 0) -4,81 (4,26 | 5 | 0) -5,33 (0,73 | 7 | 0) 
P000444;-2,04;0,15;36;0,22;;;;;;Sim/C/C02 Sim/A/A05 Sim/B/B01 Sim/C/C01 ;-2,05 (1,83 | 1 | 0) -2,06 (0,21 | 10 | 0,6) -2,06 (0,71 | 5 | 0) -2,06 (0,7 | 4 | 0) 
P000445;3,3;0,09;78;0,44;Sim/C/C09;4,22;0,19;9;0,33;Sim/B/B02 Sim/C/C08 Sim/C/C04 Sim/C/C05 Sim/C/C07 Sim/B/B03 Sim/B/B01 ;3,3 (0,83 | 5 | 0,8) 3,29 (0,67 | 5 | 0) 3,04 (0,3 | 10 | 0,4) 2,98 (0,21 | 8 | 0,25) 2,69 (0,3 | 10 | 0,2) 2,55 (1,2 | 5 | 0,8) 2,39 (0,78 | 5 | 0,8) 
P000446;2,65;0,13;84;0,36;Sim/C/C05;3;0,23;5;0,2;Sim/C/C09 Sim/C/C08 Sim/B/B02 Sim/B/B04 Sim/B/B03 Sim/B/B01 ;2,64 (1,53 | 5 | 0) 2,64 (1,23 | 5 | 0) 2,41 (0,32 | 10 | 0,7) 2,26 (0,37 | 10 | 0,2) 2,13 (0,64 | 7 | 0,86) 1,79 (0,43 | 10 | 0,8) 
P000447;-1,66;0,14;49;0,24;Sim/A/A06;-1,23;0,23;5;0,2;Sim/C/C02 Sim/A/A04 Sim/C/C01 Sim/B/B01 ;-1,67 (1,59 | 1 | 0) -1,92 (0,42 | 10 | 0,1) -2,14 (0,72 | 7 | 0) -2,51 (1,12 | 8 | 0,13) 
P000448;2,06;0,21;36;0,61;Sim/B/B02;2,16;0,3;10;0,5;Sim/C/C10 Sim/C/C04 Sim/C/C07 Sim/B/B04 Sim/B/B01 ;2,06 (4,36 | 1 | 0) 2,05 (1,32 | 1 | 0) 2,04 (1,25 | 1 | 0) 1,9 (0,79 | 5 | 0) 1,8 (0,43 | 10 | 0,9) 
P000449;3,05;0,1;58;0,5;Sim/C/C04;3,28;0,26;10;0,5;Sim/C/C05 Sim/C/C07 Sim/C/C10 Sim/C/C06 Sim/B/B02 Sim/B/B03 ;3,03 (0,21 | 6 | 0,33) 3 (0,23 | 8 | 0,38) 2,99 (0,24 | 4 | 0,25) 2,91 (0,66 | 6 | 0) 2,63 (0,36 | 10 | 0,7) 2,23 (0,89 | 5 | 0,8) 
P000450;0,06;0,09;72;0,6;Sim/B/B03;0,32;0,26;10;0,2;Sim/B/B01 Sim/C/C02 Sim/A/A04 Sim/C/C01 ;-0,04 (0,24 | 5 | 0,6) -0,04 (0,24 | 8 | 0,5) -0,13 (0,24 | 3 | 0,33) -0,2 (0,22 | 4 | 0,5) 
P000451;-2,11;0,15;46;0,22;Sim/A/A04;-1,48;0,25;5;0,2;Sim/C/C03 Sim/C/C02 Sim/A/A05 ;-2,11 (1,88 | 1 | 0) -2,11 (1,88 | 1 | 0) -2,61 (0,22 | 5 | 0,4) 
P000452;-1,04;0,09;53;0,32;Sim/A/A02;0,23;0,35;10;0,8;Sim/B/B02 Sim/C/C02 Sim/A/A04 Sim/C/C01 ;-1,05 (0,73 | 5 | 0) -1,68 (0,94 | 5 | 0,2) -2,01 (0,54 | 7 | 0) -2,14 (0,72 | 7 | 0) 
P000453;3,75;0,08;70;0,56;Sim/C/C09;4,36;0,2;5;0,4;Sim/C/C07 Sim/C/C10 Sim/C/C06 Sim/B/B02 ;3,6 (0,21 | 4 | 0,5) 3,44 (0,2 | 4 | 0,5) 3,42 (0,23 | 9 | 0) 3,26 (0,79 | 5 | 0,8) 
P000454;-2,03;0,19;41;0,07;Sim/A/A02;-1,86;0,22;6;0,33;Sim/B/B01 Sim/C/C01 ;-2,06 (0,71 | 5 | 0) -2,06 (0,69 | 5 | 0) 
P000455;0,92;0,1;58;0,64;Sim/B/B02;1,29;0,42;10;0,5;Sim/C/C07 Sim/C/C03 Sim/C/C02 Sim/B/B03 ;0,92 (3,87 | 1 | 0) 0,91 (0,2 | 10 | 0,7) 0,88 (0,3 | 10 | 0,7) 0,58 (0,21 | 7 | 0,43) 
P000456;3,77;0,09;66;0,56;Sim/C/C04;4,21;0,25;10;0,6;Sim/C/C08 Sim/C/C10 Sim/C/C06 Sim/C/C05 Sim/B/B02 ;3,77 (0,32 | 10 | 0,2) 3,64 (0,2 | 5 | 0,6) 3,62 (0,24 | 3 | 0) 3,47 (0,25 | 3 | 0,33) 3,3 (0,83 | 5 | 0,8) 
P000457;3,77;0,09;63;0,57;Sim/C/C10;4,03;0,25;6;0,67;Sim/C/C06 Sim/C/C04 Sim/C/C07 Sim/C/C05 Sim/B/B02 Sim/B/B03 ;3,74 (0,23 | 4 | 0,25) 3,59 (0,25 | 6 | 0,5) 3,57 (0,2 | 6 | 0,5) 3,51 (0,22 | 4 | 0,5) 2,98 (0,51 | 6 | 0,67) 2,55 (1,2 | 5 | 0,8) 
P000458;-0,75;0,08;48;0,4;Sim/C/C02;-0,29;0,23;5;0,6;Sim/A/A07 Sim/C/C01 Sim/B/B01 Sim/B/B02 Sim/C/C03 ;-0,8 (0,25 | 3 | 0,33) -0,94 (0,22 | 5 | 0,4) -1,27 (0,3 | 10 | 0,2) -1,27 (2,62 | 1 | 0) -1,89 (1,27 | 5 | 0) 
P000459;-0,16;0,09;70;0,54;Sim/C/C01;0,61;0,46;10;0,9;Sim/B/B03 Sim/C/C03 Sim/B/B02 Sim/A/A04 Sim/A/A07 ;-0,17 (0,65 | 5 | 0) -0,31 (0,32 | 10 | 0,2) -0,32 (0,25 | 4 | 0,25) -0,41 (0,25 | 7 | 0,57) -0,55 (0,25 | 2 | 0,5) 
P000460;-3,45;0,23;28;0,36;;;;;;Sim/B/B02 Sim/B/B01 Sim/A/A02 Sim/A/A01 ;-3,45 (1675,69 | 1 | 0) -3,45 (3,79 | 5 | 0) -3,47 (0,85 | 5 | 0) -3,79 (0,24 | 5 | 0,6) 
P000461;1,15;0,11;58;0,72;Sim/B/B01;1,43;0,31;10;0,7;Sim/C/C03 Sim/C/C02 ;0,87 (0,19 | 10 | 0,7) 0,73 (0,29 | 10 | 0,7) 
P000462;-1,85;0,14;42;0,21;Sim/A/A04;-1,18;0,2;5;0,4;Sim/C/C03 Sim/A/A06 Sim/C/C02 Sim/A/A02 Sim/A/A05 Sim/B/B01 ;-1,92 (1,67 | 1 | 0) -1,93 (0,64 | 7 | 0,14) -1,93 (1,74 | 1 | 0) -1,98 (0,22 | 6 | 0,5) -2,21 (0,24 | 4 | 0,5) -2,51 (1,12 | 8 | 0) 
P000463;1,44;0,16;36;0,67;Sim/C/C03;1,5;0,4;7;1;Sim/C/C10 Sim/C/C04 Sim/C/C07 Sim/B/B04 Sim/B/B01 Sim/B/B02 ;1,44 (3,96 | 1 | 0) 1,44 (3,05 | 1 | 0) 1,44 (2,21 | 1 | 0) 1,35 (11,97 | 1 | 0) 1,17 (0,25 | 9 | 0,67) 0,81 (0,27 | 10 | 0,5) 
P000464;1,44;0,15;41;0,63;Sim/B/B03;1,49;0,24;9;0,56;Sim/B/B04 Sim/C/C03 Sim/C/C10 Sim/C/C07 Sim/C/C04 Sim/B/B02 ;1,44 (9,29 | 1 | 0) 1,41 (0,33 | 10 | 0,9) 1,38 (4,33 | 1 | 0) 1,38 (2,35 | 1 | 0) 1,37 (2,05 | 2 | 0) 0,81 (0,26 | 10 | 0,5) 
P000465;-5,65;0,88;26;0;;;;;;;
P000466;-1,21;0,1;47;0,23;Sim/A/A02;-0,63;0,24;10;0,5;Sim/A/A06 Sim/C/C02 Sim/C/C01 Sim/A/A07 Sim/B/B01 ;-1,25 (0,27 | 4 | 0) -1,44 (0,6 | 6 | 0,17) -1,76 (0,45 | 10 | 0,1) -1,87 (1,3 | 5 | 0,2) -2,51 (1,12 | 8 | 0,13) 
P000467;-0,48;0,08;64;0,47;Sim/A/A07;-0,05;0,27;10;0,7;Sim/C/C01 Sim/C/C02 Sim/A/A02 Sim/B/B01 Sim/B/B02 ;-0,57 (0,22 | 4 | 0,5) -0,63 (0,22 | 5 | 0,4) -0,89 (0,24 | 7 | 0,43) -0,93 (0,28 | 10 | 0,4) -1,04 (0,7 | 6 | 0) 
P000468;-2,22;0,14;34;0,32;Sim/A/A05;-1,93;0,24;10;0,7;Sim/B/B02 Sim/A/A06 Sim/B/B01 Sim/A/A02 ;-2,22 (43,23 | 1 | 0) -2,22 (0,99 | 5 | 0) -2,23 (0,95 | 5 | 0) -2,48 (0,22 | 8 | 0,38) 
P000469;5,97;0,77;41;1;;;;;;;
P000470;-4,81;0,24;27;0,07;;;;;;Sim/B/B02 Sim/B/B01 Sim/A/A01 ;-4,81 (96226,77 | 1 | 0) -4,82 (5,73 | 5 | 0) -5,33 (0,73 | 7 | 0) 
P000471;-0,22;0,08;62;0,52;Sim/C/C03;0,11;0,25;9;0,44;Sim/B/B02 Sim/A/A07 Sim/A/A02 Sim/C/C01 ;-0,31 (0,2 | 9 | 0,22) -0,31 (0,22 | 5 | 0,6) -0,35 (0,25 | 10 | 0,6) -0,72 (0,2 | 5 | 0,4) 
P000472;0,87;0,1;60;0,65;Sim/B/B02;1,51;0,43;10;0,5;Sim/A/A02 Sim/B/B01 Sim/B/B03 Sim/C/C02 ;0,83 (0,39 | 10 | 0,9) 0,79 (0,26 | 10 | 0,5) 0,77 (0,22 | 5 | 0,4) 0,39 (0,29 | 10 | 0,6) 
P000473;-2,06;0,2;32;0,13;Sim/A/A06;-1,19;0,23;6;0,17;Sim/B/B01 Sim/C/C01 Sim/A/A02 ;-2,09 (0,74 | 5 | 0) -2,09 (0,73 | 5 | 0) -2,19 (0,24 | 6 | 0,5) 
P000474;0,36;0,1;62;0,56;Sim/A/A02;0,83;0,39;10;0,9;Sim/B/B02 Sim/C/C03 Sim/C/C01 ;0,29 (0,22 | 6 | 0,33) -0,05 (0,28 | 10 | 0,4) -0,09 (0,23 | 6 | 0,5) 
P000475;-0,1;0,09;78;0,51;Sim/B/B02;1,47;0,45;10;0,5;Sim/C/C03 Sim/A/A07 Sim/A/A06 Sim/C/C02 Sim/B/B01 Sim/A/A04 ;-0,16 (0,3 | 10 | 0,3) -0,24 (0,23 | 6 | 0,67) -0,24 (0,31 | 10 | 0,8) -0,31 (0,25 | 4 | 0,5) -0,32 (0,25 | 6 | 0,5) -0,79 (0,24 | 6 | 0,33) 
P000476;-1,97;0,15;38;0,29;Sim/A/A06;-1,61;0,37;10;0,2;Sim/B/B01 Sim/A/A04 Sim/A/A02 ;-1,99 (0,66 | 5 | 0) -2,01 (0,5 | 10 | 0) -2,2 (0,24 | 6 | 0,5) 
P000477;-1,03;0,09;58;0,28;Sim/A/A02;-0,33;0,26;10;0,6;Sim/B/B02 Sim/A/A06 Sim/B/B01 Sim/C/C01 Sim/A/A07 Sim/C/C03 ;-1,03 (1,28 | 1 | 0) -1,14 (0,23 | 4 | 0) -1,45 (0,33 | 10 | 0,2) -1,59 (0,37 | 10 | 0,1) -1,62 (0,97 | 5 | 0,2) -1,89 (1,27 | 5 | 0) 
P000478;0,58;0,1;58;0,57;Sim/C/C03;1,06;0,23;10;0,7;Sim/B/B02 Sim/B/B03 Sim/A/A02 Sim/B/B01 ;0,51 (0,25 | 4 | 0,5) 0,24 (0,29 | 10 | 0,1) 0,24 (0,34 | 10 | 0,8) 0,15 (0,25 | 9 | 0,44) 
P000479;-3,93;0,15;30;0,3;Sim/A/A03;-3,84;0,21;8;0,63;Sim/A/A02 Sim/A/A01 ;-3,93 (1,87 | 5 | 0) -4,08 (0,24 | 6 | 0,33) 
P000480;-2,44;0,14;35;0,46;Sim/A/A05;-2,36;0,2;6;0,67;Sim/B/B02 Sim/B/B01 Sim/A/A06 Sim/A/A02 ;-2,44 (83,8 | 1 | 0) -2,45 (1,28 | 5 | 0) -2,45 (1,17 | 5 | 0) -2,6 (0,23 | 8 | 0,25) 
P000481;-2,01;0,15;28;0,32;;;;;;Sim/A/A04 Sim/B/B01 Sim/A/A02 ;-2,02 (0,57 | 5 | 0) -2,03 (0,69 | 5 | 0) -2,2 (0,24 | 6 | 0,5) 
P000482;-0,9;0,08;55;0,36;Sim/C/C01;-0,36;0,22;5;0,6;Sim/A/A04 Sim/A/A07 Sim/A/A02 Sim/C/C02 Sim/C/C03 ;-0,97 (0,19 | 5 | 0,6) -1,02 (0,25 | 6 | 0,17) -1,24 (0,24 | 4 | 0,5) -1,68 (0,94 | 5 | 0,2) -1,89 (1,27 | 5 | 0,2) 
P000483;-0,71;0,08;53;0,47;Sim/A/A06;-0,06;0,42;10;0,8;Sim/A/A04 Sim/A/A07 Sim/C/C01 Sim/B/B01 Sim/C/C03 ;-0,91 (0,22 | 4 | 0,5) -0,92 (0,23 | 5 | 0,2) -0,95 (0,22 | 5 | 0,4) -1,2 (0,3 | 10 | 0,4) -1,89 (1,27 | 5 | 0) 
P000484;-5,65;0,88;26;0;;;;;;;
P000485;-0,69;0,08;55;0,4;Sim/C/C02;-0,13;0,24;6;0,5;Sim/C/C01 Sim/B/B01 Sim/A/A06 Sim/A/A07 Sim/A/A02 Sim/C/C03 ;-0,78 (0,24 | 4 | 0,25) -0,83 (0,27 | 10 | 0,4) -0,84 (0,18 | 5 | 0,6) -0,88 (0,24 | 4 | 0,25) -0,9 (0,24 | 6 | 0,5) -1,03 (0,53 | 6 | 0,17) 
P000486;1,01;0,12;49;0,69;Sim/B/B02;1,51;0,43;10;0,5;Sim/B/B03 Sim/C/C03 Sim/B/B01 ;0,9 (0,23 | 4 | 0,5) 0,77 (0,21 | 6 | 0,5) 0,68 (0,29 | 10 | 0,5) 
P000487;1,62;0,18;65;0,43;Sim/C/C05;2,55;0,38;10;0,2;Sim/C/C10 Sim/C/C04 Sim/B/B02 Sim/B/B04 Sim/B/B03 ;1,62 (1,68 | 5 | 0) 1,61 (1,12 | 5 | 0) 1,51 (0,43 | 10 | 0,5) 1,45 (2,68 | 2 | 0) 1,3 (0,22 | 5 | 0,6) 
P000488;5,97;0,77;41;1;;;;;;;
P000489;5,36;0,28;38;0,97;Sim/C/C08;5,48;0,39;10;1;Sim/C/C09 ;4,71 (0,25 | 3 | 0,67) 
P000490;-0,78;0,08;69;0,41;Sim/A/A02;-0,65;0,24;7;0,57;Sim/B/B01 Sim/C/C03 Sim/B/B02 Sim/A/A04 Sim/C/C01 ;-0,83 (0,27 | 10 | 0,4) -0,88 (0,43 | 10 | 0,2) -0,97 (0,57 | 9 | 0) -1,15 (0,2 | 5 | 0,4) -1,27 (0,25 | 10 | 0,3) 
P000491;2,01;0,21;33;0,64;Sim/B/B03;2,05;0,49;10;0,8;Sim/C/C10 Sim/B/B04 Sim/C/C04 Sim/C/C07 Sim/B/B02 ;2,01 (1,63 | 1 | 0) 2 (0,98 | 2 | 0) 2 (1,4 | 1 | 0) 2 (1,29 | 1 | 0) 1,87 (0,32 | 10 | 0,5) 
P000492;-2,11;0,16;33;0,24;Sim/A/A04;-1,78;0,33;10;0,2;Sim/B/B01 Sim/A/A02 ;-2,13 (0,78 | 5 | 0) -2,2 (0,24 | 6 | 0,5) 
P000493;-3,22;0,21;34;0,21;Sim/A/A02;-2,87;0,28;10;0,1;Sim/B/B02 Sim/B/B01 Sim/A/A01 ;-3,22 (852,77 | 1 | 0) -3,23 (3,16 | 5 | 0) -3,69 (0,23 | 6 | 0,5) 
P000494;3,55;0,09;67;0,52;Sim/C/C10;3,62;0,19;7;0,71;Sim/C/C04 Sim/B/B02 Sim/C/C09 Sim/B/B04 Sim/B/B03 ;3,5 (0,25 | 7 | 0,57) 3,3 (0,83 | 5 | 0,8) 3,28 (0,68 | 8 | 0,13) 3,2 (0,25 | 4 | 0,5) 2,05 (0,49 | 10 | 0,8) 
P000495;-2,71;0,14;36;0,33;Sim/A/A05;-2,51;0,2;5;0,6;Sim/B/B02 Sim/B/B01 Sim/A/A06 Sim/A/A02 ;-2,71 (186,66 | 1 | 0) -2,71 (1,83 | 5 | 0) -2,72 (1,4 | 5 | 0) -3,1 (0,39 | 10 | 0) 
P000496;0,43;0,1;65;0,6;Sim/A/A02;0,83;0,39;10;0,9;Sim/C/C03 Sim/B/B02 Sim/B/B03 ;0,38 (0,24 | 3 | 0,33) 0,16 (0,2 | 6 | 0,5) 0,13 (0,35 | 10 | 0,1) 
P000497;-4,25;0,14;34;0,21;Sim/A/A03;-3,76;0,24;8;0,63;Sim/B/B02 Sim/A/A06 Sim/B/B01 Sim/A/A01 ;-4,25 (18216,33 | 1 | 0) -4,25 (3,28 | 5 | 0) -4,25 (4,93 | 5 | 0) -4,86 (0,31 | 10 | 0,2) 
P000498;-0,14;0,09;67;0,55;Sim/B/B03;0,55;0,24;5;0,4;Sim/C/C01 Sim/C/C03 Sim/B/B02 Sim/A/A06 Sim/A/A04 ;-0,2 (0,22 | 4 | 0,5) -0,25 (0,31 | 10 | 0,4) -0,32 (0,25 | 4 | 0,25) -0,49 (0,25 | 4 | 0,75) -0,59 (0,25 | 7 | 0,43) 
P000499;1,29;0,14;41;0,63;;;;;;Sim/C/C07 Sim/B/B01 Sim/C/C03 Sim/B/B02 ;1,29 (2,58 | 1 | 0) 1,24 (0,26 | 10 | 0,6) 0,95 (0,23 | 7 | 0,57) 0,81 (0,26 | 10 | 0,5) 
P000500;-1,56;0,14;48;0,13;Sim/B/B02;-0,55;0,25;10;0,1;Sim/C/C02 Sim/A/A07 Sim/B/B01 Sim/A/A02 Sim/C/C01 ;-1,57 (1,55 | 1 | 0) -1,58 (0,72 | 5 | 0) -1,59 (0,37 | 10 | 0,1) -1,81 (0,22 | 6 | 0,33) -2,14 (0,72 | 7 | 0) 
P000501;-2,98;0,16;41;0,29;Sim/A/A01;-2,9;0,39;10;0,8;Sim/B/B02 Sim/B/B01 Sim/A/A06 Sim/A/A02 ;-2,98 (416,17 | 1 | 0) -2,98 (2,58 | 5 | 0) -2,99 (1,68 | 5 | 0) -3,01 (0,34 | 10 | 0,1) 
P000502;-1,84;0,16;45;0,11;;;;;;Sim/C/C03 Sim/A/A07 Sim/A/A02 Sim/A/A06 Sim/C/C01 Sim/B/B01 ;-1,84 (1,59 | 1 | 0) -1,85 (1 | 5 | 0) -1,86 (0,22 | 6 | 0,33) -1,87 (0,61 | 7 | 0) -2,14 (0,72 | 7 | 0,14) -2,51 (1,12 | 8 | 0) 
P000503;-1,72;0,13;61;0,23;Sim/C/C01;-1,35;0,27;10;0,2;Sim/A/A07 Sim/B/B01 Sim/A/A05 Sim/A/A04 Sim/A/A06 ;-1,73 (0,88 | 5 | 0) -1,78 (0,46 | 10 | 0,1) -1,8 (0,28 | 10 | 0,7) -2,01 (0,54 | 7 | 0) -2,05 (0,74 | 7 | 0) 
P000504;-4,04;0,16;26;0,23;;;;;;Sim/A/A02 Sim/A/A01 ;-4,05 (2,19 | 5 | 0) -4,27 (0,23 | 5 | 0,4) 
P000505;-2,1;0,15;36;0,19;Sim/C/C01;-1,66;0,4;10;0,1;Sim/B/B01 Sim/A/A06 Sim/A/A05 ;-2,11 (0,76 | 5 | 0) -2,11 (0,91 | 5 | 0) -2,37 (0,23 | 4 | 0,5) 
P000506;3,41;0,09;69;0,49;Sim/C/C08;3,88;0,27;10;0,2;Sim/C/C10 Sim/C/C09 Sim/C/C04 Sim/C/C05 ;3,35 (0,18 | 4 | 0,5) 3,27 (0,7 | 7 | 0,14) 3,2 (0,27 | 10 | 0,4) 2,18 (0,88 | 8 | 0) 
P000507;-2,42;0,15;33;0,18;Sim/A/A06;-1,23;0,23;5;0,2;Sim/C/C03 Sim/C/C02 Sim/C/C01 Sim/B/B01 Sim/A/A05 ;-2,43 (2,35 | 1 | 0) -2,43 (2,19 | 1 | 0) -2,43 (1,2 | 3 | 0) -2,43 (1,16 | 5 | 0) -2,61 (0,22 | 5 | 0,4) 
P000508;-3,76;0,21;33;0,15;Sim/A/A02;-2,81;0,27;10;0,1;Sim/B/B02 Sim/A/A06 Sim/A/A05 Sim/A/A01 ;-3,76 (4171,39 | 1 | 0) -3,78 (2,67 | 5 | 0) -3,8 (0,8 | 5 | 0) -3,94 (0,21 | 7 | 0,43) 
P000509;0,13;0,09;69;0,52;Sim/B/B01;0,43;0,3;10;0,5;Sim/C/C02 Sim/A/A04 Sim/C/C03 ;-0,06 (0,25 | 6 | 0,5) -0,13 (0,24 | 3 | 0,33) -0,25 (0,31 | 10 | 0,3) 
P000510;1,39;0,14;43;0,67;Sim/B/B01;1,53;0,34;10;0,8;Sim/C/C07 Sim/B/B02 Sim/C/C03 ;1,39 (2,32 | 1 | 0) 1,37 (0,44 | 10 | 0,6) 0,98 (0,25 | 6 | 0,67) 
P000511;-1,68;0,14;58;0,26;Sim/C/C01;-1,2;0,24;7;0,29;Sim/C/C02 Sim/A/A02 Sim/C/C03 Sim/A/A04 Sim/A/A06 ;-1,69 (0,91 | 5 | 0) -1,84 (0,23 | 5 | 0,6) -1,89 (1,27 | 5 | 0) -2,01 (0,54 | 7 | 0) -2,05 (0,74 | 7 | 0,14) 
P000512;-2,45;0,15;29;0,28;Sim/A/A05;-2,29;0,2;10;0,6;Sim/B/B02 Sim/B/B01 Sim/A/A06 Sim/A/A02 ;-2,45 (86,15 | 1 | 0) -2,46 (1,3 | 5 | 0) -2,46 (1,17 | 5 | 0) -2,62 (0,23 | 8 | 0,25) 
P000513;0,57;0,1;64;0,66;Sim/B/B01;1,43;0,31;10;0,7;Sim/B/B02 Sim/A/A04 Sim/C/C03 Sim/A/A02 ;0,51 (0,25 | 4 | 0,5) 0,35 (0,24 | 9 | 0,67) 0,35 (0,22 | 4 | 0,25) -0,08 (0,3 | 10 | 0,7) 
P000514;-1,33;0,1;62;0,18;Sim/A/A07;-0,83;0,19;6;0,33;Sim/B/B01 Sim/B/B02 Sim/C/C02 Sim/C/C03 Sim/A/A06 Sim/A/A04 ;-1,48 (0,34 | 10 | 0,1) -1,54 (1,61 | 5 | 0) -1,76 (0,94 | 6 | 0) -1,89 (1,27 | 5 | 0) -1,93 (0,65 | 8 | 0) -2,01 (0,54 | 7 | 0,14) 
P000515;1,63;0,18;44;0,68;Sim/C/C03;1,68;0,47;10;1;Sim/C/C10 Sim/C/C04 Sim/C/C07 Sim/B/B04 Sim/B/B03 Sim/B/B02 ;1,63 (2,94 | 1 | 0) 1,62 (2,34 | 1 | 0) 1,62 (1,83 | 1 | 0) 1,57 (6,45 | 1 | 0) 1,54 (0,25 | 10 | 0,7) 1,51 (0,43 | 10 | 0,5) 
P000516;-2,55;0,14;37;0,3;Sim/B/B01;-1,79;0,46;10;0,1;Sim/B/B02 Sim/A/A06 Sim/A/A02 ;-2,55 (117,14 | 1 | 0) -2,6 (1,3 | 5 | 0) -3,24 (0,48 | 10 | 0,1) 
P000517;4,92;0,14;51;0,9;;;;;;Sim/C/C04 Sim/C/C08 Sim/C/C10 ;4,8 (0,34 | 10 | 0,9) 4,76 (0,2 | 4 | 0,5) 4,63 (0,42 | 10 | 0,9) 
P000518;-1,09;0,09;61;0,33;Sim/B/B01;-0,82;0,27;10;0,4;Sim/B/B02 Sim/A/A06 Sim/A/A04 Sim/C/C03 Sim/A/A02 ;-1,1 (0,8 | 5 | 0) -1,11 (0,2 | 6 | 0,33) -1,15 (0,2 | 5 | 0,4) -1,3 (0,77 | 5 | 0,2) -1,54 (0,24 | 6 | 0,5) 
P000519;3,45;0,09;66;0,44;Sim/C/C09;3,84;0,29;10;0,2;Sim/B/B02 Sim/C/C04 Sim/B/B04 Sim/B/B03 ;3,26 (0,79 | 5 | 0,8) 3,24 (0,27 | 10 | 0,5) 3 (0,22 | 4 | 0,5) 2,23 (0,89 | 5 | 0,8) 
P000520;-3,32;0,18;47;0,32;Sim/A/A02;-2,84;0,27;10;0,1;Sim/B/B02 Sim/B/B01 Sim/A/A06 Sim/A/A05 Sim/A/A03 ;-3,32 (1145,81 | 1 | 0) -3,32 (3,43 | 5 | 0) -3,33 (2,09 | 5 | 0) -3,4 (0,41 | 10 | 0,2) -3,87 (0,21 | 6 | 0,5) 
P000521;1,23;0,12;53;0,72;Sim/B/B02;1,93;0,31;10;0,6;Sim/B/B04 Sim/C/C03 Sim/B/B01 Sim/A/A04 ;1,23 (17,25 | 1 | 0) 0,98 (0,25 | 6 | 0,67) 0,95 (0,25 | 7 | 0,43) 0,92 (0,55 | 7 | 0,86) 
P000522;2,92;0,1;62;0,44;Sim/C/C04;3,45;0,25;8;0,5;Sim/C/C10 Sim/B/B02 Sim/C/C05 ;2,77 (0,3 | 10 | 0,2) 2,18 (0,3 | 10 | 0,5) 2,12 (0,9 | 7 | 0) 
P000523;0,32;0,09;77;0,58;Sim/C/C03;1,02;0,22;10;0,7;Sim/B/B03 Sim/A/A04 Sim/B/B02 Sim/A/A02 Sim/C/C01 Sim/A/A06 Sim/B/B01 ;0,25 (0,29 | 10 | 0,1) 0,17 (0,24 | 3 | 0,67) 0,16 (0,2 | 6 | 0,5) -0,09 (0,3 | 10 | 0,7) -0,09 (0,23 | 6 | 0,5) -0,17 (0,35 | 10 | 0,8) -0,18 (0,25 | 5 | 0,4) 
P000524;0,66;0,09;65;0,65;Sim/C/C03;1,53;0,39;10;0,9;Sim/C/C07 Sim/B/B03 Sim/B/B02 ;0,66 (3,46 | 1 | 0) 0,37 (0,25 | 9 | 0,22) -0,41 (0,24 | 8 | 0,25) 
P000525;-0,8;0,09;58;0,34;Sim/A/A02;-0,78;0,24;8;0,5;Sim/C/C01 Sim/A/A07 Sim/B/B01 Sim/B/B02 Sim/C/C02 Sim/C/C03 ;-0,81 (0,2 | 5 | 0,4) -0,9 (0,23 | 5 | 0,2) -1,38 (0,32 | 10 | 0,3) -1,44 (1,36 | 7 | 0) -1,68 (0,94 | 5 | 0) -1,89 (1,27 | 5 | 0) 
P000526;-0,31;0,08;64;0,44;Sim/C/C02;0,36;0,29;10;0,6;Sim/B/B03 Sim/A/A02 Sim/A/A06 Sim/C/C03 Sim/A/A04 Sim/A/A07 ;-0,32 (0,76 | 6 | 0) -0,46 (0,25 | 9 | 0,56) -0,49 (0,25 | 4 | 0,75) -0,49 (0,33 | 10 | 0,2) -0,59 (0,25 | 7 | 0,43) -0,69 (0,19 | 5 | 0,4) 
P000527;-4,78;0,21;32;0,09;Sim/A/A01;-4,63;0,23;6;0,17;Sim/B/B02 Sim/A/A02 Sim/A/A06 Sim/A/A03 ;-4,78 (88360,69 | 1 | 0) -4,8 (4,7 | 5 | 0) -4,81 (3,8 | 5 | 0) -5,41 (0,87 | 10 | 0,1) 
P000528;-1,11;0,09;59;0,29;Sim/A/A02;-0,78;0,24;7;0,57;Sim/B/B02 Sim/C/C01 Sim/C/C02 Sim/A/A04 Sim/A/A07 ;-1,11 (0,82 | 5 | 0) -1,35 (0,27 | 10 | 0,2) -1,44 (0,6 | 6 | 0,17) -1,44 (0,25 | 4 | 0,25) -1,67 (1 | 5 | 0,2) 
P000529;-0,18;0,09;75;0,49;Sim/B/B02;0,48;0,23;5;0,6;Sim/B/B03 Sim/C/C03 Sim/A/A02 Sim/C/C01 ;-0,19 (0,67 | 5 | 0) -0,41 (0,33 | 10 | 0,2) -0,77 (0,25 | 8 | 0,5) -0,98 (0,21 | 8 | 0,25) 
P000530;2,34;0,18;51;0,47;Sim/B/B02;2,51;0,34;10;0,7;Sim/C/C10 Sim/C/C07 Sim/B/B04 Sim/C/C04 ;2,34 (1,92 | 1 | 0) 1,92 (0,84 | 6 | 0) 1,9 (0,79 | 5 | 0,2) 1,88 (0,87 | 5 | 0,2) 
P000531;-1,83;0,14;50;0,22;Sim/B/B01;-1,59;0,37;10;0,1;Sim/A/A02 Sim/B/B02 Sim/C/C02 Sim/A/A04 Sim/A/A06 Sim/C/C01 ;-1,83 (0,23 | 4 | 0,5) -1,83 (2,2 | 5 | 0) -1,83 (1,68 | 1 | 0) -1,88 (0,39 | 10 | 0) -2,05 (0,74 | 7 | 0) -2,13 (0,72 | 6 | 0,17) 
P000532;-0,95;0,08;69;0,32;Sim/C/C03;-0,28;0,32;10;0,4;Sim/A/A04 Sim/A/A06 Sim/B/B01 Sim/C/C01 Sim/A/A07 ;-0,98 (0,2 | 4 | 0,5) -1,14 (0,23 | 4 | 0,25) -1,23 (0,3 | 10 | 0,3) -1,59 (0,37 | 10 | 0,1) -1,87 (1,3 | 5 | 0,2) 
P000533;1,91;0,21;32;0,66;;;;;;Sim/C/C10 Sim/C/C04 Sim/C/C07 Sim/B/B04 Sim/B/B02 ;1,9 (1,91 | 1 | 0) 1,9 (1,6 | 1 | 0) 1,9 (1,41 | 1 | 0) 1,89 (1,22 | 2 | 0) 1,51 (0,43 | 10 | 0,5) 
P000534;-2,77;0,15;32;0,31;Sim/A/A02;-2,75;0,25;10;0,2;Sim/B/B02 Sim/B/B01 Sim/A/A05 ;-2,77 (225,27 | 1 | 0) -2,78 (1,98 | 5 | 0) -2,93 (0,23 | 5 | 0,2) 
P000535;-1,21;0,1;58;0,24;Sim/C/C03;-0,8;0,39;10;0,3;Sim/C/C01 Sim/A/A04 Sim/A/A07 Sim/B/B01 ;-1,35 (0,27 | 10 | 0,2) -1,43 (0,25 | 4 | 0,25) -1,68 (0,99 | 6 | 0) -2,51 (1,12 | 8 | 0) 
P000536;-0,48;0,08;72;0,44;Sim/C/C01;-0,06;0,24;5;0,6;Sim/B/B02 Sim/A/A04 Sim/A/A07 Sim/C/C03 Sim/B/B01 ;-0,53 (0,25 | 9 | 0,11) -0,68 (0,25 | 6 | 0,5) -0,7 (0,17 | 7 | 0,29) -0,89 (0,43 | 10 | 0,1) -1,06 (0,29 | 10 | 0,4) 
P000537;1,19;0,12;55;0,75;Sim/B/B02;1,67;0,39;10;0,5;Sim/B/B01 Sim/C/C02 ;0,99 (0,24 | 7 | 0,57) 0,6 (0,29 | 10 | 0,7) 
P000538;-0,78;0,08;69;0,35;Sim/A/A07;-0,21;0,21;10;0,6;Sim/A/A02 Sim/A/A04 Sim/A/A06 Sim/C/C02 ;-0,93 (0,22 | 8 | 0,5) -0,96 (0,2 | 4 | 0,5) -1,14 (0,23 | 4 | 0) -1,38 (0,5 | 10 | 0,2) 
P000539;-3,14;0,18;41;0,27;Sim/A/A05;-2,98;0,22;10;0,4;Sim/B/B02 Sim/B/B01 Sim/A/A06 Sim/A/A02 Sim/A/A01 ;-3,14 (676,07 | 1 | 0) -3,15 (2,96 | 5 | 0) -3,15 (1,86 | 5 | 0) -3,19 (0,45 | 10 | 0) -3,21 (0,3 | 10 | 0,7) 
P000540;3,06;0,1;67;0,45;Sim/C/C07;3,17;0,23;5;0,4;Sim/C/C09 Sim/C/C08 Sim/C/C04 Sim/C/C06 Sim/B/B03 Sim/C/C05 Sim/B/B01 ;3,05 (0,99 | 5 | 0) 3,05 (0,85 | 5 | 0) 2,9 (0,32 | 10 | 0,4) 2,86 (0,67 | 7 | 0,14) 2,23 (0,89 | 5 | 0,8) 2,18 (0,88 | 7 | 0,14) 2,01 (0,51 | 10 | 0,9) 
P000541;-4,38;0,15;26;0,12;Sim/A/A01;-4,27;0,23;5;0,4;Sim/B/B02 Sim/A/A02 Sim/B/B01 Sim/A/A06 Sim/A/A03 ;-4,38 (26336,98 | 1 | 0) -4,38 (3,25 | 5 | 0) -4,38 (5,1 | 5 | 0) -4,38 (3,37 | 5 | 0) -4,46 (0,23 | 5 | 0,2) 
P000542;1,04;0,11;57;0,72;Sim/B/B01;1,53;0,34;10;0,8;Sim/C/C03 Sim/B/B03 Sim/C/C02 Sim/A/A02 ;0,99 (0,25 | 6 | 0,67) 0,86 (0,19 | 6 | 0,33) 0,83 (0,3 | 10 | 0,8) 0,83 (0,39 | 10 | 0,9) 
P000543;0,33;0,09;69;0,54;Sim/A/A02;0,83;0,39;10;0,9;Sim/B/B02 Sim/B/B03 Sim/C/C03 Sim/C/C01 ;0,31 (0,23 | 4 | 0,5) 0,29 (0,27 | 10 | 0) 0,27 (0,2 | 9 | 0,44) -0,08 (0,23 | 6 | 0,5) 
P000544;-3,07;0,19;35;0,29;;;;;;Sim/B/B02 Sim/B/B01 Sim/A/A06 Sim/A/A02 Sim/A/A03 ;-3,07 (545,02 | 1 | 0) -3,07 (2,79 | 5 | 0) -3,08 (1,78 | 5 | 0) -3,24 (0,48 | 10 | 0,1) -3,83 (0,23 | 5 | 0,6) 
P000545;0,73;0,09;66;0,65;Sim/B/B01;1,23;0,26;10;0,8;Sim/A/A02 Sim/B/B03 ;0,41 (0,35 | 10 | 0,8) 0,32 (0,26 | 10 | 0,2) 
P000546;-4,5;0,16;26;0,15;;;;;;Sim/B/B02 Sim/A/A02 Sim/B/B01 Sim/A/A06 Sim/A/A03 ;-4,5 (37857,04 | 1 | 0) -4,5 (3,65 | 5 | 0) -4,5 (5,27 | 5 | 0) -4,5 (3,49 | 5 | 0) -4,52 (0,23 | 6 | 0,33) 
P000547;-2,56;0,15;38;0,34;Sim/A/A06;-1,7;0,41;10;0,2;Sim/A/A05 ;-2,8 (0,2 | 5 | 0,4) 
P000548;-0,04;0,08;72;0,53;Sim/C/C02;0,28;0,28;10;0,5;Sim/B/B03 Sim/B/B02 Sim/B/B01 Sim/A/A04 Sim/A/A07 Sim/A/A02 ;-0,05 (0,47 | 9 | 0) -0,06 (0,21 | 6 | 0,5) -0,09 (0,24 | 6 | 0,5) -0,13 (0,24 | 3 | 0,33) -0,37 (0,23 | 4 | 0,5) -0,44 (0,25 | 9 | 0,56) 
P000549;-0,27;0,08;69;0,54;Sim/C/C02;0,42;0,3;10;0,6;Sim/A/A04 Sim/B/B03 Sim/C/C01 Sim/A/A07 Sim/B/B01 Sim/C/C03 ;-0,27 (0,23 | 6 | 0,5) -0,27 (0,74 | 5 | 0) -0,37 (0,23 | 4 | 0,5) -0,47 (0,18 | 6 | 0,67) -0,79 (0,27 | 10 | 0,5) -1,89 (1,27 | 5 | 0) 
P000550;-0,71;0,08;56;0,36;Sim/B/B01;-0,33;0,25;8;0,5;Sim/C/C02 Sim/A/A02 Sim/C/C03 Sim/A/A07 ;-0,78 (0,25 | 4 | 0,25) -0,93 (0,22 | 8 | 0,5) -1,03 (0,53 | 6 | 0,17) -1,62 (0,98 | 5 | 0,2) 
P000551;-0,81;0,08;53;0,34;Sim/B/B02;-0,32;0,21;8;0,25;Sim/A/A02 Sim/A/A04 Sim/C/C03 Sim/B/B01 ;-0,89 (0,24 | 6 | 0,5) -1,15 (0,2 | 5 | 0,4) -1,89 (1,27 | 5 | 0) -2,51 (1,12 | 8 | 0,13) 
P000552;1,78;0,2;39;0,69;Sim/B/B02;1,97;0,3;10;0,6;Sim/C/C10 Sim/C/C04 Sim/C/C07 Sim/B/B04 Sim/B/B03 Sim/B/B01 ;1,78 (2,31 | 1 | 0) 1,78 (1,89 | 1 | 0) 1,77 (1,58 | 1 | 0) 1,75 (3,75 | 1 | 0) 1,71 (0,31 | 10 | 0,8) 1,53 (0,34 | 10 | 0,8) 
P000553;0,19;0,09;88;0,59;Sim/B/B02;0,55;0,22;7;0,57;Sim/C/C02 Sim/A/A06 Sim/B/B03 Sim/B/B01 Sim/A/A02 Sim/C/C03 ;0,12 (0,25 | 10 | 0,5) 0,09 (0,6 | 6 | 0,83) 0,06 (0,39 | 10 | 0,1) -0,04 (0,24 | 5 | 0,6) -0,08 (0,3 | 10 | 0,7) -0,25 (0,31 | 10 | 0,4) 
P000554;-4,05;0,14;30;0,23;Sim/A/A01;-3,85;0,24;5;0,4;Sim/B/B02 Sim/A/A02 Sim/A/A06 Sim/A/A03 ;-4,05 (10116,69 | 1 | 0) -4,06 (2,25 | 5 | 0) -4,06 (3,02 | 5 | 0) -4,15 (0,16 | 9 | 0,44) 
P000555;4,62;0,11;65;0,85;Sim/C/C08;4,9;0,18;6;0,67;Sim/C/C07 Sim/C/C04 Sim/C/C09 Sim/B/B02 ;4,45 (0,36 | 10 | 0,9) 4,33 (0,25 | 10 | 0,7) 4,2 (0,24 | 4 | 0,25) 4,03 (1,72 | 5 | 0,8) 
P000556;-0,23;0,08;87;0,51;Sim/B/B01;0,44;0,3;10;0,5;Sim/B/B03 Sim/A/A04 Sim/B/B02 Sim/C/C01 ;-0,29 (0,79 | 5 | 0) -0,41 (0,25 | 7 | 0,57) -0,5 (0,24 | 9 | 0) -1,03 (0,23 | 7 | 0,29) 
P000557;-5,65;0,88;26;0;;;;;;;
P000558;3,19;0,11;61;0,46;Sim/C/C09;3,57;0,41;10;0,1;Sim/B/B04 Sim/C/C10 Sim/B/B03 Sim/C/C04 ;3 (0,22 | 4 | 0,5) 2,94 (0,24 | 5 | 0,4) 2,05 (0,49 | 10 | 0,8) 2,05 (0,73 | 6 | 0) 
P000559;0,78;0,1;56;0,66;Sim/C/C02;1,11;0,34;10;0,8;Sim/B/B03 Sim/A/A04 Sim/B/B02 ;0,77 (0,22 | 5 | 0,4) 0,42 (0,26 | 10 | 0,7) 0,38 (0,24 | 5 | 0,4) 
P000560;-4,67;0,18;30;0,1;;;;;;Sim/B/B02 Sim/B/B01 Sim/A/A06 Sim/A/A03 ;-4,67 (63403,05 | 1 | 0) -4,68 (5,52 | 5 | 0) -4,68 (3,66 | 5 | 0) -5,06 (0,5 | 10 | 0,1) 
P000561;4,07;0,09;58;0,67;Sim/C/C09;4,26;0,2;6;0,33;Sim/C/C07 Sim/C/C04 Sim/C/C05 Sim/B/B01 ;4,04 (0,25 | 4 | 0,75) 3,99 (0,25 | 8 | 0,5) 3,53 (0,23 | 5 | 0,4) 2,01 (0,56 | 6 | 0,83) 
P000562;5,54;0,34;47;0,94;;;;;;Sim/C/C09 Sim/C/C06 Sim/B/B03 ;5,37 (0,43 | 10 | 0,9) 4,89 (0,55 | 9 | 0,89) 3,39 (2,16 | 5 | 0,8) 
P000563;5,88;0,68;41;0,98;;;;;;Sim/B/B02 ;3,3 (0,83 | 5 | 0,8) 
P000564;5,97;0,77;41;1;;;;;;;
P000565;-2,93;0,16;40;0,35;;;;;;Sim/B/B02 Sim/B/B01 Sim/A/A06 Sim/A/A05 Sim/A/A02 ;-2,93 (354,77 | 1 | 0) -2,93 (2,41 | 5 | 0) -2,93 (1,62 | 5 | 0) -3 (0,24 | 9 | 0,33) -3,24 (0,48 | 10 | 0,1) 
P000566;-3,21;0,2;39;0,26;Sim/A/A01;-2,7;0,46;10;0,9;Sim/B/B02 Sim/B/B01 Sim/A/A06 Sim/A/A02 Sim/A/A05 ;-3,21 (834,64 | 1 | 0) -3,22 (3,14 | 5 | 0) -3,22 (1,95 | 5 | 0) -3,26 (0,51 | 8 | 0) -3,51 (0,48 | 10 | 0,1) 
P000567;4,02;0,09;64;0,67;Sim/C/C06;4,24;0,2;5;0,8;Sim/C/C07 Sim/C/C08 Sim/C/C10 Sim/C/C04 Sim/B/B02 ;3,98 (0,25 | 3 | 0,67) 3,95 (0,26 | 10 | 0,2) 3,73 (0,19 | 6 | 0,67) 3,51 (0,24 | 8 | 0,5) 3,26 (0,79 | 5 | 0,8) 
P000568;-3,61;0,18;34;0,29;Sim/A/A05;-2,48;0,22;5;0,6;Sim/A/A02 Sim/A/A06 Sim/A/A01 Sim/A/A03 ;-3,62 (1,15 | 5 | 0) -3,62 (2,49 | 5 | 0) -3,76 (0,22 | 6 | 0,5) -4,16 (0,2 | 7 | 0,43) 
P000569;-3,83;0,16;36;0,31;Sim/A/A06;-1,72;0,44;10;0,2;Sim/B/B02 Sim/A/A02 Sim/B/B01 Sim/A/A01 ;-3,83 (5133,29 | 1 | 0) -3,83 (1,59 | 5 | 0) -3,83 (4,35 | 5 | 0) -4,27 (0,23 | 5 | 0,4) 
P000570;4,65;0,11;56;0,8;Sim/C/C09;5,07;0,28;10;0,8;Sim/C/C08 Sim/C/C04 Sim/B/B01 ;4,3 (0,23 | 6 | 0,33) 4,29 (0,25 | 10 | 0,7) 2,86 (1,28 | 5 | 0,8) 
P000571;5,97;0,77;41;1;;;;;;;
P000572;3,36;0,09;68;0,43;Sim/C/C09;3,86;0,28;10;0,1;Sim/C/C05 Sim/B/B02 Sim/B/B04 Sim/C/C07 Sim/C/C06 Sim/B/B03 ;3,32 (0,22 | 4 | 0,5) 3,26 (0,79 | 5 | 0,8) 3,2 (0,25 | 4 | 0,5) 3,14 (0,24 | 4 | 0,5) 2,97 (0,51 | 10 | 0,1) 2,23 (0,89 | 5 | 0,8) 
P000573;0,42;0,09;75;0,57;Sim/A/A02;0,83;0,39;10;0,9;Sim/C/C01 Sim/B/B01 Sim/B/B03 Sim/C/C03 ;0,32 (0,32 | 10 | 0,8) 0,26 (0,27 | 10 | 0,5) 0,13 (0,35 | 10 | 0,1) -0,12 (0,3 | 10 | 0,4) 
P000574;1,38;0,13;55;0,75;Sim/C/C03;1,67;0,46;10;0,9;Sim/C/C07 Sim/C/C04 Sim/B/B02 Sim/B/B03 Sim/A/A04 ;1,38 (2,35 | 1 | 0) 1,38 (2,04 | 2 | 0) 1,18 (0,39 | 10 | 0,5) 1,16 (0,2 | 5 | 0,6) 0,92 (0,55 | 7 | 0,86) 
P000575;-3,66;0,17;34;0,26;Sim/A/A01;-3,66;0,22;7;0,57;Sim/A/A06 Sim/A/A02 Sim/A/A03 ;-3,66 (2,54 | 5 | 0) -3,67 (1,22 | 5 | 0) -4,12 (0,21 | 5 | 0,4) 
P000576;-2;0,15;41;0,2;Sim/C/C01;-1,66;0,4;10;0,1;Sim/B/B01 Sim/A/A04 Sim/A/A05 ;-2,02 (0,68 | 5 | 0) -2,02 (0,58 | 5 | 0) -2,21 (0,24 | 4 | 0,5) 
P000577;5,6;0,4;47;0,98;;;;;;Sim/B/B04 ;4,05 (0,44 | 10 | 0,9) 
P000578;-1,89;0,15;37;0,35;Sim/B/B01;-1,59;0,37;10;0,1;Sim/A/A06 Sim/A/A02 ;-1,96 (0,63 | 8 | 0,13) -2,49 (0,24 | 6 | 0,33) 
P000579;-0,61;0,08;58;0,43;Sim/B/B02;0,16;0,2;6;0,5;Sim/B/B03 Sim/A/A02 Sim/B/B01 Sim/A/A06 Sim/A/A04 Sim/C/C03 Sim/A/A07 ;-0,61 (1,19 | 5 | 0) -0,64 (0,24 | 7 | 0,57) -0,67 (0,26 | 10 | 0,5) -0,84 (0,18 | 4 | 0,5) -0,84 (0,21 | 5 | 0,6) -1,03 (0,53 | 6 | 0,17) -1,62 (0,98 | 5 | 0,2) 
P000580;0,92;0,12;38;0,58;Sim/B/B03;1,41;0,24;6;0,5;Sim/B/B04 Sim/B/B01 Sim/C/C03 Sim/B/B02 ;0,92 (43,29 | 1 | 0) 0,84 (0,25 | 10 | 0,5) 0,77 (0,21 | 6 | 0,5) 0,51 (0,25 | 5 | 0,4) 
P000581;5,97;0,77;41;1;;;;;;;
P000582;0,98;0,11;62;0,69;Sim/C/C03;1,41;0,33;10;1;Sim/B/B01 Sim/C/C02 Sim/B/B03 Sim/A/A04 ;0,95 (0,25 | 7 | 0,43) 0,7 (0,29 | 10 | 0,7) 0,6 (0,24 | 5 | 0,2) 0,44 (0,27 | 10 | 0,7) 
P000583;4,19;0,09;81;0,7;Sim/C/C06;4,57;0,28;10;0,8;Sim/C/C09 Sim/C/C04 Sim/C/C10 Sim/B/B02 ;4,04 (0,24 | 9 | 0,33) 3,71 (0,22 | 10 | 0,4) 3,56 (0,2 | 5 | 0,6) 2,72 (0,38 | 10 | 0,7) 
P000584;-3,08;0,18;42;0,29;Sim/A/A05;-2,85;0,2;8;0,25;Sim/B/B02 Sim/B/B01 Sim/A/A06 Sim/A/A02 Sim/A/A03 ;-3,08 (553,29 | 1 | 0) -3,08 (2,8 | 5 | 0) -3,08 (1,78 | 5 | 0) -3,13 (0,41 | 10 | 0) -3,68 (0,24 | 8 | 0,63) 
P000585;3,06;0,1;52;0,5;;;;;;Sim/C/C06 Sim/C/C04 Sim/B/B03 Sim/C/C05 ;2,91 (0,66 | 6 | 0,17) 2,9 (0,33 | 10 | 0,3) 2,13 (0,64 | 7 | 0,86) 2,12 (0,9 | 7 | 0) 
P000586;4,62;0,12;50;0,86;Sim/C/C04;4,79;0,33;10;1;Sim/C/C08 Sim/C/C10 ;4,43 (0,22 | 5 | 0,4) 4,03 (0,24 | 7 | 0,71) 
P000587;2,94;0,13;66;0,39;Sim/C/C05;3,8;0,22;5;0,6;Sim/C/C09 Sim/C/C06 Sim/B/B04 Sim/B/B02 Sim/C/C04 Sim/B/B03 Sim/C/C07 Sim/B/B01 ;2,93 (1,13 | 5 | 0) 2,92 (0,61 | 8 | 0) 2,84 (0,23 | 3 | 0,33) 2,41 (0,32 | 10 | 0,7) 2,29 (0,54 | 8 | 0,13) 2,13 (0,64 | 7 | 0,86) 2,1 (0,83 | 5 | 0) 2,02 (0,55 | 7 | 0,86) 
P000588;3,81;0,09;71;0,66;Sim/C/C07;4,51;0,4;10;0,9;Sim/C/C05 Sim/C/C10 ;3,51 (0,19 | 6 | 0,5) 2,05 (1,01 | 7 | 0,14) 
P000589;-1,01;0,1;50;0,28;Sim/A/A06;-0,97;0,18;5;0,4;Sim/C/C03 Sim/C/C01 Sim/B/B01 Sim/B/B02 Sim/A/A02 Sim/A/A07 ;-1,03 (0,53 | 6 | 0,17) -1,06 (0,24 | 7 | 0,43) -1,1 (0,29 | 10 | 0,4) -1,18 (0,93 | 5 | 0) -1,24 (0,24 | 5 | 0,4) -1,62 (0,98 | 5 | 0) 
P000590;-4,04;0,17;26;0,23;Sim/A/A03;-3,79;0,23;6;0,67;Sim/B/B02 Sim/B/B01 Sim/A/A02 Sim/A/A06 Sim/A/A01 ;-4,04 (9663,65 | 1 | 0) -4,04 (4,64 | 5 | 0) -4,04 (2,18 | 5 | 0) -4,04 (3 | 5 | 0) -4,46 (0,24 | 4 | 0,5) 
P000591;4,31;0,1;62;0,77;Sim/C/C04;4,43;0,26;10;0,7;Sim/C/C09 Sim/C/C07 Sim/C/C10 Sim/B/B01 ;4,2 (0,24 | 4 | 0,25) 4,15 (0,23 | 10 | 0,8) 4,05 (0,24 | 7 | 0,71) 2,86 (1,28 | 5 | 0,8) 
P000592;0,03;0,09;81;0,58;Sim/C/C02;0,9;0,31;10;0,8;Sim/C/C03 Sim/B/B02 Sim/A/A04 ;-0,34 (0,33 | 10 | 0,3) -0,57 (0,27 | 10 | 0) -0,84 (0,21 | 7 | 0,43) 
P000593;0,99;0,1;53;0,74;Sim/C/C03;1,27;0,29;10;0,8;Sim/A/A04 Sim/A/A02 Sim/B/B02 ;0,92 (0,63 | 5 | 0,8) 0,83 (0,39 | 10 | 0,9) 0,51 (0,25 | 5 | 0,4) 
P000594;3,47;0,1;45;0,69;Sim/C/C04;3,63;0,24;6;0,5;Sim/C/C07 Sim/C/C05 Sim/B/B02 Sim/C/C10 ;3,4 (0,23 | 4 | 0,5) 3,37 (0,2 | 5 | 0,6) 3,26 (0,79 | 5 | 0,8) 3,14 (0,2 | 4 | 0,5) 
P000595;-4,88;0,24;36;0,11;Sim/A/A01;-4,75;0,26;10;0,3;Sim/B/B02 Sim/B/B01 Sim/A/A06 Sim/A/A03 ;-4,88 (115619,11 | 1 | 0) -4,88 (5,82 | 5 | 0) -4,88 (3,87 | 5 | 0) -5,13 (0,55 | 10 | 0,1) 
P000596;5,25;0,2;42;0,93;Sim/C/C08;5,48;0,38;10;0,9;Sim/C/C09 ;4,91 (0,24 | 7 | 0,71) 
P000597;0,91;0,1;58;0,67;Sim/B/B02;1,76;0,36;10;0,5;Sim/C/C03 Sim/C/C02 Sim/A/A02 Sim/B/B03 ;0,88 (0,2 | 10 | 0,6) 0,83 (0,3 | 10 | 0,8) 0,83 (0,39 | 10 | 0,9) 0,65 (0,21 | 5 | 0,4) 
P000598;-2,74;0,15;23;0,17;Sim/A/A02;-2,61;0,23;8;0,25;Sim/A/A06 Sim/B/B01 Sim/A/A05 ;-2,74 (1,43 | 5 | 0) -2,74 (1,64 | 5 | 0) -2,8 (0,2 | 5 | 0,4) 
P000599;-5,4;0,58;31;0,03;;;;;;Sim/B/B02 Sim/B/B01 Sim/A/A06 Sim/A/A01 ;-5,4 (546619,83 | 1 | 0) -5,4 (37,7 | 5 | 0) -5,41 (5,85 | 5 | 0) -5,53 (1,04 | 5 | 0) 
P000600;-1,27;0,1;62;0,32;Sim/B/B01;-0,49;0,24;10;0,5;Sim/C/C02 Sim/B/B02 Sim/C/C03 Sim/A/A04 Sim/A/A06 Sim/A/A02 Sim/A/A07 ;-1,27 (0,42 | 10 | 0,3) -1,27 (1,1 | 5 | 0) -1,3 (0,77 | 5 | 0,2) -1,44 (0,25 | 4 | 0,25) -1,53 (0,33 | 10 | 0,3) -1,54 (0,24 | 6 | 0,5) -1,7 (0,99 | 6 | 0,17) 
P000601;2,65;0,13;55;0,45;Sim/C/C10;3,01;0,2;10;0,3;Sim/C/C06 Sim/C/C05 Sim/C/C04 Sim/B/B04 Sim/B/B01 ;2,65 (3,21 | 1 | 0) 2,09 (0,9 | 8 | 0,13) 2,05 (0,73 | 5 | 0,2) 2 (0,73 | 6 | 0) 1,66 (0,38 | 10 | 0,8) 
P000602;-0,23;0,08;67;0,43;Sim/B/B03;0,19;0,32;10;0,1;Sim/C/C01 Sim/A/A07 Sim/A/A06 Sim/C/C03 ;-0,42 (0,22 | 4 | 0,5) -0,55 (0,2 | 4 | 0,5) -0,66 (0,22 | 3 | 0,67) -1,29 (0,77 | 5 | 0) 
P000603;0,31;0,1;65;0,55;Sim/B/B01;1,26;0,26;10;0,7;Sim/B/B02 Sim/B/B03 Sim/C/C02 Sim/A/A07 Sim/A/A04 ;0,29 (0,22 | 5 | 0,4) 0,27 (0,28 | 10 | 0) 0,22 (0,27 | 10 | 0,5) -0,03 (0,27 | 10 | 0,8) -0,27 (0,23 | 6 | 0,5) 
P000604;-2,95;0,16;45;0,31;Sim/B/B01;-1,71;0,42;10;0,2;Sim/B/B02 Sim/A/A05 Sim/A/A02 ;-2,95 (378,39 | 1 | 0) -3,02 (0,25 | 8 | 0,25) -3,1 (0,39 | 10 | 0) 
P000605;-0,94;0,09;49;0,31;Sim/C/C03;-0,42;0,32;10;0,2;Sim/A/A04 Sim/A/A07 Sim/B/B01 Sim/B/B02 ;-1,17 (0,22 | 3 | 0,33) -1,62 (0,97 | 5 | 0,2) -1,63 (0,39 | 10 | 0,2) -1,63 (7,65 | 1 | 0) 
P000606;-1,9;0,14;46;0,37;Sim/A/A06;-1,53;0,33;10;0,3;Sim/C/C02 Sim/B/B01 Sim/C/C01 Sim/A/A02 ;-1,9 (1,72 | 1 | 0) -1,92 (0,6 | 5 | 0) -1,92 (0,6 | 4 | 0) -1,98 (0,22 | 6 | 0,5) 
P000607;4,46;0,11;53;0,75;Sim/C/C08;5,08;0,22;5;1;Sim/C/C06 Sim/C/C09 Sim/C/C10 ;4,24 (0,2 | 6 | 0,67) 4,08 (0,22 | 10 | 0,3) 3,73 (0,18 | 7 | 0,57) 
P000608;-3,09;0,18;47;0,36;Sim/A/A05;-2,96;0,25;6;0,17;Sim/B/B02 Sim/B/B01 Sim/A/A06 Sim/A/A03 Sim/A/A02 ;-3,09 (583,23 | 1 | 0) -3,1 (2,84 | 5 | 0) -3,1 (1,8 | 5 | 0) -3,13 (0,44 | 10 | 0,8) -3,15 (0,42 | 10 | 0) 
P000609;-2,3;0,16;25;0,24;Sim/A/A02;-2,2;0,24;6;0,5;Sim/B/B01 Sim/A/A06 Sim/A/A05 ;-2,31 (0,99 | 5 | 0) -2,32 (1,06 | 5 | 0) -2,37 (0,23 | 4 | 0,5) 
P000610;3,65;0,09;65;0,52;Sim/C/C06;3,86;0,16;6;0,5;Sim/C/C04 Sim/C/C05 Sim/C/C08 Sim/C/C10 Sim/C/C09 ;3,63 (0,24 | 6 | 0,5) 3,47 (0,25 | 3 | 0,33) 3,39 (0,52 | 9 | 0,11) 3,36 (0,21 | 4 | 0,5) 3,28 (0,68 | 8 | 0) 
P000611;2,67;0,13;55;0,42;Sim/C/C07;3,04;0,22;7;0,43;Sim/C/C06 Sim/B/B02 Sim/B/B01 Sim/C/C04 Sim/C/C05 Sim/C/C10 ;2,66 (0,98 | 5 | 0) 2,61 (0,36 | 10 | 0,9) 2,39 (0,78 | 5 | 0,8) 2,29 (0,58 | 5 | 0,2) 2,09 (0,9 | 8 | 0) 2,05 (1,01 | 7 | 0) 
P000612;-1,9;0,14;46;0,26;Sim/A/A06;-1,7;0,41;10;0,2;Sim/C/C03 Sim/C/C02 Sim/B/B01 Sim/A/A04 Sim/A/A02 Sim/C/C01 ;-1,9 (1,65 | 1 | 0) -1,9 (1,72 | 1 | 0) -1,92 (0,6 | 5 | 0) -1,92 (0,42 | 10 | 0,1) -1,98 (0,22 | 6 | 0,5) -2,13 (0,72 | 6 | 0) 
P000613;0,06;0,09;74;0,51;Sim/C/C02;0,45;0,3;10;0,6;Sim/A/A07 Sim/C/C01 Sim/B/B02 Sim/A/A02 Sim/C/C03 ;0,05 (0,31 | 10 | 0,8) -0,07 (0,23 | 6 | 0,67) -0,09 (0,23 | 5 | 0,4) -0,24 (0,27 | 10 | 0,7) -0,35 (0,32 | 10 | 0,3) 
P000614;4,66;0,14;41;0,85;;;;;;Sim/C/C10 Sim/C/C09 Sim/B/B02 ;4,62 (0,41 | 10 | 0,9) 4,35 (0,2 | 5 | 0,4) 4,03 (1,72 | 5 | 0,8) 
P000615;-4,18;0,16;25;0,16;;;;;;Sim/B/B02 Sim/A/A02 Sim/B/B01 Sim/A/A06 Sim/A/A01 ;-4,18 (14723,97 | 1 | 0) -4,18 (2,62 | 5 | 0) -4,18 (4,83 | 5 | 0) -4,18 (3,18 | 5 | 0) -4,27 (0,23 | 5 | 0,4) 
P000616;-2,4;0,17;23;0,26;Sim/A/A05;-2,09;0,25;5;0,8;Sim/B/B02 Sim/B/B01 Sim/A/A06 Sim/A/A02 ;-2,4 (74,49 | 1 | 0) -2,41 (1,22 | 5 | 0) -2,41 (1,13 | 5 | 0) -2,65 (0,24 | 7 | 0,29) 
P000617;-3,76;0,16;33;0,24;Sim/A/A01;-3,66;0,22;7;0,57;Sim/B/B02 Sim/B/B01 Sim/A/A02 Sim/A/A05 Sim/A/A03 ;-3,76 (4162,07 | 1 | 0) -3,76 (4,26 | 5 | 0) -3,76 (1,43 | 5 | 0) -3,78 (0,78 | 5 | 0) -3,83 (0,23 | 5 | 0,6) 
P000618;-5,22;0,44;31;0,06;Sim/A/A03;-4,95;0,41;10;0,2;Sim/B/B02 Sim/B/B01 Sim/A/A06 Sim/A/A01 ;-5,22 (324679,72 | 1 | 0) -5,23 (7,21 | 5 | 0) -5,23 (4,69 | 5 | 0) -5,33 (0,76 | 5 | 0) 
P000619;5,97;0,77;41;1;;;;;;;
P000620;4,38;0,09;61;0,69;Sim/C/C04;4,66;0,29;10;0,8;Sim/C/C06 Sim/C/C10 Sim/C/C08 ;4,19 (0,18 | 6 | 0,67) 4,12 (0,24 | 10 | 0,7) 4,02 (0,25 | 10 | 0,2) 
P000621;-5,43;0,59;31;0,03;;;;;;Sim/B/B02 Sim/B/B01 Sim/A/A06 Sim/A/A01 ;-5,43 (593323,84 | 1 | 0) -5,44 (7,48 | 5 | 0) -5,44 (4,9 | 5 | 0) -5,54 (1,06 | 5 | 0) 
P000622;-1,3;0,1;52;0,21;Sim/A/A02;-1,03;0,22;8;0,38;Sim/C/C02 Sim/B/B01 Sim/A/A04 ;-1,76 (0,94 | 6 | 0,17) -1,79 (0,46 | 10 | 0,1) -2,01 (0,54 | 7 | 0) 
P000623;-0,19;0,08;69;0,54;Sim/B/B02;0,3;0,23;5;0,6;Sim/B/B03 Sim/A/A02 Sim/B/B01 Sim/C/C03 ;-0,2 (0,68 | 5 | 0) -0,31 (0,26 | 10 | 0,6) -0,62 (0,25 | 10 | 0,6) -1,29 (0,77 | 5 | 0,2) 
P000624;-2,66;0,16;37;0,27;Sim/A/A05;-2,18;0,23;5;0,6;Sim/B/B02 Sim/B/B01 Sim/A/A06 Sim/A/A01 Sim/A/A02 ;-2,66 (160,83 | 1 | 0) -2,66 (1,71 | 5 | 0) -2,67 (1,36 | 5 | 0) -2,9 (0,39 | 10 | 0,6) -3,1 (0,39 | 10 | 0) 
P000625;-1,31;0,11;60;0,25;Sim/C/C03;-0,42;0,32;10;0,2;Sim/B/B02 Sim/A/A07 Sim/A/A04 Sim/C/C01 Sim/A/A02 ;-1,31 (2,94 | 1 | 0) -1,33 (0,41 | 10 | 0,2) -1,44 (0,25 | 4 | 0,25) -1,59 (0,36 | 10 | 0,2) -1,84 (0,23 | 5 | 0,4) 
P000626;1,45;0,14;50;0,78;Sim/C/C03;1,5;0,39;8;1;Sim/C/C04 Sim/C/C07 Sim/B/B02 Sim/B/B03 Sim/A/A04 ;1,45 (3 | 1 | 0) 1,45 (2,18 | 1 | 0) 1,39 (0,44 | 10 | 0,6) 1,23 (0,21 | 5 | 0,6) 0,99 (0,65 | 5 | 0,8) 
P000627;-1,79;0,13;66;0,24;Sim/B/B01;-1,13;0,29;10;0,3;Sim/B/B02 Sim/C/C02 Sim/A/A02 Sim/A/A04 Sim/A/A05 Sim/C/C01 ;-1,79 (2,13 | 5 | 0) -1,8 (1,66 | 1 | 0) -1,81 (0,22 | 6 | 0,33) -1,91 (0,42 | 10 | 0) -1,97 (0,23 | 9 | 0,78) -2,14 (0,72 | 7 | 0,14) 
P000628;3,79;0,09;67;0,57;Sim/C/C08;3,86;0,28;10;0,2;Sim/C/C09 Sim/C/C06 Sim/C/C04 Sim/C/C07 Sim/B/B01 ;3,71 (0,35 | 10 | 0,2) 3,6 (0,24 | 3 | 0,33) 3,6 (0,24 | 6 | 0,5) 3,58 (0,21 | 5 | 0,4) 2,86 (1,28 | 5 | 0,8) 
P000629;-0,42;0,08;68;0,49;Sim/B/B02;0,18;0,23;5;0,6;Sim/C/C02 Sim/A/A04 Sim/A/A02 Sim/A/A06 Sim/B/B01 ;-0,46 (0,24 | 4 | 0,5) -0,57 (0,24 | 7 | 0,57) -0,64 (0,24 | 9 | 0,56) -0,74 (0,19 | 4 | 0,5) -1,1 (0,29 | 10 | 0,4) 
P000630;1,05;0,11;59;0,76;Sim/B/B01;1,66;0,38;10;0,8;Sim/B/B03 Sim/B/B02 Sim/A/A02 Sim/C/C02 ;0,9 (0,23 | 4 | 0,5) 0,87 (0,28 | 10 | 0,6) 0,83 (0,39 | 10 | 0,9) 0,54 (0,29 | 10 | 0,7) 
P000631;4,25;0,1;57;0,72;Sim/C/C06;4,4;0,23;8;0,88;Sim/C/C04 Sim/C/C08 ;4,08 (0,24 | 10 | 0,6) 3,83 (0,3 | 10 | 0,2) 
P000632;-2,4;0,15;28;0,25;Sim/A/A05;-1,99;0,25;7;0,71;Sim/B/B02 Sim/B/B01 Sim/A/A06 Sim/A/A02 ;-2,4 (73,48 | 1 | 0) -2,4 (1,21 | 5 | 0) -2,4 (1,13 | 5 | 0) -2,78 (0,26 | 10 | 0,2) 
P000633;-1,6;0,13;72;0,26;Sim/B/B02;-0,89;0,48;10;0,1;Sim/C/C03 Sim/C/C02 Sim/A/A06 Sim/C/C01 Sim/A/A04 ;-1,61 (1,41 | 1 | 0) -1,61 (1,57 | 1 | 0) -1,63 (0,38 | 10 | 0,2) -1,68 (0,41 | 10 | 0,2) -2,01 (0,54 | 7 | 0) 
P000634;-2,71;0,15;26;0,15;Sim/A/A02;-2,62;0,23;8;0,25;Sim/B/B02 Sim/B/B01 Sim/A/A06 Sim/A/A05 ;-2,71 (187,49 | 1 | 0) -2,71 (1,83 | 5 | 0) -2,72 (1,41 | 5 | 0) -2,75 (0,19 | 7 | 0,29) 
P000635;0,69;0,11;56;0,75;Sim/B/B01;1,32;0,28;10;0,7;Sim/A/A04 Sim/B/B03 Sim/C/C03 Sim/B/B02 ;0,68 (0,38 | 10 | 0,8) 0,66 (0,24 | 4 | 0,5) 0,38 (0,24 | 3 | 0,33) 0,22 (0,22 | 4 | 0,5) 
P000636;4,19;0,1;56;0,64;Sim/C/C04;4,39;0,26;10;0,7;Sim/C/C10 Sim/B/B02 Sim/C/C08 Sim/C/C07 ;4,05 (0,24 | 7 | 0,71) 4,03 (1,72 | 5 | 0,8) 3,91 (0,28 | 10 | 0,2) 3,87 (0,23 | 4 | 0,5) 
P000637;3,68;0,09;68;0,53;Sim/B/B04;3,91;0,36;10;0,9;Sim/C/C08 Sim/C/C06 Sim/C/C05 Sim/B/B02 ;3,63 (0,38 | 10 | 0) 3,61 (0,24 | 3 | 0) 3,54 (0,22 | 4 | 0,5) 3,3 (0,83 | 5 | 0,8) 
P000638;3,45;0,08;75;0,44;Sim/C/C07;4,36;0,35;10;0,8;Sim/C/C08 Sim/C/C05 Sim/C/C09 Sim/B/B02 Sim/C/C06 Sim/C/C10 ;3,36 (0,55 | 9 | 0) 3,31 (0,21 | 5 | 0,4) 3,3 (0,68 | 7 | 0) 3,26 (0,79 | 5 | 0,8) 3,23 (0,31 | 10 | 0) 2,95 (0,23 | 6 | 0) 
P000639;-4,66;0,18;31;0,1;Sim/A/A01;-4,44;0,23;5;0,4;Sim/B/B02 Sim/B/B01 Sim/A/A06 Sim/A/A03 ;-4,66 (60798,27 | 1 | 0) -4,66 (5,5 | 5 | 0) -4,66 (3,65 | 5 | 0) -5,14 (0,56 | 10 | 0,1) 
P000640;3,84;0,09;66;0,55;Sim/C/C08;4,05;0,23;9;0,22;Sim/C/C05 Sim/C/C10 Sim/C/C04 Sim/B/B02 Sim/B/B04 Sim/B/B01 ;3,82 (0,22 | 6 | 0,67) 3,8 (0,23 | 5 | 0,6) 3,76 (0,25 | 6 | 0,5) 3,26 (0,79 | 5 | 0,8) 3 (0,23 | 4 | 0,5) 2,02 (0,55 | 7 | 0,86) 
P000641;-2,39;0,14;36;0,25;Sim/A/A05;-2,02;0,22;10;0,7;Sim/B/B02 Sim/B/B01 Sim/A/A06 Sim/A/A02 ;-2,39 (73,03 | 1 | 0) -2,4 (1,2 | 5 | 0) -2,4 (1,13 | 5 | 0) -2,87 (0,28 | 10 | 0,1) 
P000642;3,42;0,1;62;0,45;Sim/C/C10;3,64;0,2;5;0,6;Sim/C/C09 Sim/B/B04 Sim/C/C05 Sim/C/C08 Sim/B/B02 Sim/C/C06 Sim/B/B03 Sim/B/B01 ;3,41 (0,61 | 6 | 0) 3,39 (0,25 | 4 | 0,5) 3,38 (0,26 | 3 | 0) 3,32 (0,61 | 6 | 0,17) 2,98 (0,51 | 6 | 0,67) 2,9 (0,65 | 7 | 0,14) 2,23 (0,89 | 5 | 0,8) 1,53 (0,34 | 10 | 0,8) 
P000643;-5,65;0,88;26;0;;;;;;;
P000644;-0,44;0,08;65;0,51;Sim/C/C03;-0,04;0,27;10;0,4;Sim/C/C01 Sim/A/A02 Sim/B/B01 Sim/A/A07 ;-0,57 (0,22 | 4 | 0,5) -0,64 (0,24 | 7 | 0,57) -0,65 (0,26 | 10 | 0,5) -0,65 (0,2 | 4 | 0,5) 
P000645;3,62;0,09;75;0,53;Sim/C/C05;4,28;0,34;10;0,7;Sim/C/C06 Sim/C/C08 Sim/C/C07 Sim/B/B02 Sim/C/C10 Sim/B/B01 ;3,57 (0,22 | 5 | 0,2) 3,39 (0,52 | 9 | 0,11) 3,36 (0,22 | 5 | 0,4) 3,3 (0,83 | 5 | 0,8) 3,04 (0,23 | 5 | 0,2) 2,86 (1,28 | 5 | 0,8) 
P000646;-2,99;0,18;37;0,3;Sim/A/A05;-2,9;0,23;5;0,4;Sim/B/B02 Sim/B/B01 Sim/A/A02 ;-2,99 (422,1 | 1 | 0) -2,99 (2,6 | 5 | 0) -3,1 (0,39 | 10 | 0) 
P000647;0,66;0,1;58;0,62;Sim/A/A02;1,1;0,38;10;1;Sim/B/B03 Sim/B/B01 Sim/C/C02 Sim/A/A04 ;0,62 (0,23 | 5 | 0,4) 0,46 (0,3 | 10 | 0,5) 0,33 (0,28 | 10 | 0,6) 0,28 (0,24 | 7 | 0,71) 
P000648;-2,34;0,15;28;0,32;Sim/A/A05;-2,07;0,21;10;0,7;Sim/A/A06 Sim/B/B01 Sim/A/A02 ;-2,34 (1,08 | 5 | 0) -2,34 (1,04 | 5 | 0) -2,61 (0,23 | 8 | 0,25) 
P000649;-3,84;0,15;28;0,29;Sim/A/A01;-3,79;0,24;5;0,6;Sim/B/B02 Sim/A/A02 Sim/A/A06 Sim/A/A03 ;-3,84 (5277,33 | 1 | 0) -3,85 (1,64 | 5 | 0) -3,85 (2,75 | 5 | 0) -3,87 (0,2 | 7 | 0,57) 
P000650;-0,53;0,08;65;0,37;Sim/B/B03;0,6;0,24;5;0,2;Sim/B/B02 Sim/A/A04 Sim/C/C01 Sim/A/A07 Sim/C/C03 ;-0,57 (0,27 | 10 | 0) -0,71 (0,24 | 5 | 0,6) -0,72 (0,2 | 6 | 0,33) -0,96 (0,25 | 5 | 0) -1,02 (0,53 | 7 | 0,14) 
P000651;-0,65;0,08;61;0,41;Sim/C/C03;-0,33;0,32;10;0,4;Sim/A/A07 Sim/C/C01 Sim/A/A04 Sim/B/B01 Sim/A/A02 ;-0,65 (0,2 | 4 | 0,5) -0,66 (0,18 | 6 | 0,5) -0,73 (0,23 | 6 | 0,5) -0,79 (0,27 | 10 | 0,4) -0,89 (0,24 | 6 | 0,5) 
P000652;-5,65;0,88;26;0;;;;;;;
P000653;-2,44;0,14;37;0,35;Sim/B/B01;-1,28;0,3;10;0,3;Sim/B/B02 Sim/A/A06 Sim/A/A02 ;-2,44 (84,45 | 1 | 0) -2,57 (1,27 | 5 | 0) -3,01 (0,34 | 10 | 0,1) 
P000654;0,6;0,11;46;0,67;Sim/C/C02;0,85;0,3;10;0,8;Sim/B/B03 Sim/B/B02 Sim/A/A04 ;0,55 (0,24 | 5 | 0,4) 0,51 (0,25 | 4 | 0,5) 0,24 (0,24 | 4 | 0,75) 
P000655;1,71;0,2;52;0,37;Sim/C/C07;2,46;0,4;10;0,2;Sim/B/B04 Sim/B/B03 Sim/B/B01 ;1,69 (0,97 | 5 | 0) 1,23 (0,21 | 5 | 0,6) 1,07 (0,24 | 7 | 0,57) 
P000656;-0,5;0,08;66;0,45;Sim/C/C03;-0,36;0,32;10;0,3;Sim/B/B01 Sim/A/A07 Sim/B/B02 ;-0,68 (0,26 | 10 | 0,5) -0,77 (0,18 | 7 | 0,29) -0,89 (0,48 | 10 | 0,1) 
P000657;2;0,2;40;0,5;Sim/B/B04;2,18;0,41;10;0,2;Sim/C/C10 Sim/C/C04 Sim/C/C07 Sim/B/B03 ;2 (5,19 | 1 | 0) 1,99 (1,42 | 1 | 0) 1,99 (1,3 | 1 | 0) 1,57 (0,26 | 10 | 0,6) 
P000658;3,52;0,09;66;0,47;Sim/C/C09;3,7;0,35;10;0,1;Sim/C/C04 Sim/B/B04 Sim/C/C05 Sim/B/B01 ;3,5 (0,25 | 7 | 0,57) 3,32 (0,2 | 8 | 0,5) 3,32 (0,22 | 4 | 0,5) 2,19 (0,74 | 5 | 0,8) 
P000659;1,04;0,11;58;0,67;Sim/B/B02;1,77;0,35;10;0,5;Sim/C/C07 Sim/C/C04 Sim/B/B03 ;1,04 (3,39 | 1 | 0) 1,04 (2,34 | 2 | 0) 0,55 (0,24 | 5 | 0,4) 
P000660;-1,28;0,1;58;0,28;Sim/B/B01;-0,6;0,26;10;0,5;Sim/B/B02 Sim/A/A02 Sim/A/A07 Sim/C/C02 Sim/A/A06 ;-1,28 (1,08 | 6 | 0) -1,54 (0,24 | 6 | 0,5) -1,7 (0,99 | 6 | 0,17) -1,76 (0,94 | 6 | 0,17) -1,92 (0,65 | 7 | 0) 
P000661;-3,28;0,19;42;0,38;Sim/A/A03;-3,06;0,47;10;0,9;Sim/B/B02 Sim/B/B01 Sim/A/A06 Sim/A/A02 Sim/A/A05 ;-3,28 (1011,41 | 1 | 0) -3,28 (3,31 | 5 | 0) -3,28 (2,04 | 5 | 0) -3,3 (0,61 | 5 | 0) -3,92 (1,05 | 6 | 0) 
P000662;-0,65;0,08;60;0,42;Sim/B/B01;-0,17;0,24;6;0,67;Sim/A/A04 Sim/C/C01 Sim/C/C02 Sim/A/A07 Sim/B/B02 Sim/C/C03 ;-0,68 (0,25 | 6 | 0,5) -0,69 (0,2 | 6 | 0,33) -0,78 (0,25 | 4 | 0,25) -0,89 (0,22 | 5 | 0,2) -0,89 (0,48 | 10 | 0,1) -1,89 (1,27 | 5 | 0,2) 
P000663;2,18;0,21;30;0,53;Sim/B/B02;2,25;0,3;10;0,5;Sim/C/C10 Sim/C/C04 Sim/C/C07 Sim/B/B04 ;2,18 (3,04 | 1 | 0) 2,17 (1,14 | 1 | 0) 2,16 (1,14 | 1 | 0) 1,9 (0,79 | 5 | 0) 
P000664;-1,22;0,1;50;0,24;Sim/A/A02;-0,9;0,24;6;0,5;Sim/B/B02 Sim/C/C02 Sim/A/A04 Sim/A/A07 Sim/C/C03 Sim/A/A06 ;-1,22 (2,22 | 1 | 0) -1,44 (0,6 | 6 | 0,17) -1,44 (0,25 | 4 | 0,25) -1,7 (0,99 | 6 | 0,17) -1,89 (1,27 | 5 | 0) -1,93 (0,65 | 8 | 0) 
P000665;2,17;0,19;48;0,54;Sim/B/B02;2,5;0,34;10;0,9;Sim/C/C07 Sim/C/C04 Sim/B/B03 ;2,13 (0,7 | 5 | 0) 2,13 (0,67 | 5 | 0) 1,63 (0,28 | 10 | 0,8) 
P000666;-4,9;0,25;31;0,03;Sim/A/A01;-4,66;0,25;5;0,2;Sim/B/B02 Sim/B/B01 Sim/A/A06 Sim/A/A03 ;-4,9 (124482,79 | 1 | 0) -4,9 (5,86 | 5 | 0) -4,9 (3,9 | 5 | 0) -5,53 (0,91 | 10 | 0) 
P000667;2,24;0,2;42;0,52;Sim/B/B04;2,58;0,24;6;0,33;Sim/C/C10 Sim/C/C04 Sim/B/B01 ;2,21 (0,78 | 5 | 0) 2,05 (0,73 | 5 | 0) 1,43 (0,31 | 10 | 0,7) 
P000668;3,93;0,09;63;0,62;Sim/C/C09;4,29;0,21;5;0,4;Sim/C/C07 Sim/C/C10 Sim/C/C06 Sim/C/C05 Sim/B/B01 ;3,9 (0,18 | 9 | 0,56) 3,8 (0,23 | 5 | 0,6) 3,74 (0,23 | 4 | 0,25) 3,51 (0,22 | 4 | 0,5) 2,86 (1,28 | 5 | 0,8) 
P000669;-0,77;0,08;70;0,36;Sim/C/C03;-0,27;0,32;10;0,2;Sim/B/B02 Sim/C/C02 Sim/C/C01 Sim/A/A02 Sim/A/A06 ;-0,88 (0,48 | 10 | 0) -1,02 (0,29 | 10 | 0,3) -1,06 (0,23 | 5 | 0,4) -1,08 (0,23 | 6 | 0,33) -1,17 (0,22 | 6 | 0,17) 
P000670;0,18;0,1;56;0,5;Sim/C/C03;0,77;0,21;6;0,5;Sim/A/A04 Sim/B/B03 Sim/C/C02 Sim/B/B02 ;0,17 (0,24 | 3 | 0,67) 0,15 (0,35 | 9 | 0) -0,12 (0,25 | 6 | 0,5) -0,46 (0,25 | 6 | 0,17) 
P000671;3,86;0,08;64;0,64;Sim/C/C08;4,15;0,24;5;0,4;Sim/C/C07 Sim/C/C10 Sim/C/C04 Sim/B/B02 ;3,83 (0,19 | 5 | 0,6) 3,73 (0,19 | 6 | 0,67) 3,6 (0,24 | 6 | 0,5) 2,98 (0,51 | 6 | 0,67) 
P000672;2,91;0,11;71;0,44;Sim/B/B04;3,04;0,18;7;0,43;Sim/C/C09 Sim/C/C08 Sim/C/C04 Sim/B/B02 Sim/C/C05 Sim/C/C07 Sim/B/B03 ;2,91 (1,23 | 5 | 0) 2,91 (0,98 | 5 | 0) 2,68 (0,38 | 10 | 0,3) 2,57 (0,35 | 10 | 0,8) 2,18 (0,88 | 7 | 0,14) 2,1 (0,83 | 6 | 0) 1,76 (0,33 | 10 | 0,8) 
P000673;-2,59;0,14;38;0,34;Sim/A/A06;-1,56;0,34;10;0,3;Sim/B/B02 Sim/B/B01 Sim/A/A02 ;-2,59 (129,42 | 1 | 0) -2,59 (1,55 | 5 | 0) -3,1 (0,39 | 10 | 0,1) 
P000674;0,16;0,09;87;0,57;Sim/B/B02;0,97;0,33;10;0,6;Sim/C/C03 Sim/B/B03 Sim/C/C02 Sim/B/B01 Sim/A/A06 Sim/A/A02 ;0,13 (0,23 | 9 | 0,44) 0,12 (0,35 | 10 | 0,1) 0,12 (0,25 | 10 | 0,5) -0,09 (0,24 | 6 | 0,5) -0,27 (0,3 | 10 | 0,7) -0,72 (0,25 | 8 | 0,5) 
P000675;-3,58;0,19;31;0,42;Sim/A/A03;-3,16;0,42;10;0,9;Sim/B/B02 Sim/A/A06 Sim/A/A02 Sim/A/A01 ;-3,58 (2472,56 | 1 | 0) -3,6 (2,47 | 5 | 0) -3,6 (1,09 | 5 | 0) -3,79 (0,24 | 5 | 0,6) 
P000676;-2,01;0,15;28;0,32;;;;;;Sim/A/A04 Sim/B/B01 Sim/A/A02 ;-2,02 (0,57 | 5 | 0) -2,03 (0,69 | 5 | 0) -2,2 (0,24 | 6 | 0,5) 
P000677;-1,41;0,12;61;0,21;Sim/A/A07;-1,23;0,34;10;0,3;Sim/A/A04 Sim/C/C03 Sim/A/A06 ;-1,44 (0,25 | 4 | 0,25) -1,89 (1,27 | 5 | 0) -1,92 (0,65 | 7 | 0) 
P000678;0,45;0,11;51;0,51;Sim/B/B03;1,44;0,23;9;0,67;Sim/B/B04 Sim/C/C02 Sim/C/C03 Sim/B/B02 ;0,44 (179,2 | 1 | 0) 0,39 (0,29 | 10 | 0,6) 0,37 (0,23 | 5 | 0,4) -0,51 (0,26 | 10 | 0,1) 
P000679;5,97;0,77;41;1;;;;;;;
P000680;-1,27;0,11;44;0,27;Sim/B/B01;-1,16;0,29;10;0,3;Sim/B/B02 Sim/A/A02 Sim/C/C01 Sim/C/C02 ;-1,27 (2,64 | 1 | 0) -1,54 (0,24 | 6 | 0,5) -1,73 (0,44 | 10 | 0,1) -1,75 (0,95 | 5 | 0,2) 
P000681;0,5;0,09;70;0,63;Sim/B/B02;0,85;0,28;10;0,6;Sim/C/C02 Sim/C/C03 Sim/A/A02 Sim/C/C01 ;0,49 (0,29 | 10 | 0,6) 0,35 (0,22 | 4 | 0,25) 0,24 (0,34 | 10 | 0,8) 0,21 (0,28 | 10 | 0,8) 
P000682;0,91;0,11;55;0,71;Sim/B/B02;1,75;0,36;10;0,6;Sim/A/A02 Sim/B/B03 Sim/A/A04 Sim/B/B01 ;0,83 (0,39 | 10 | 0,9) 0,73 (0,24 | 3 | 0,33) 0,68 (0,38 | 10 | 0,8) 0,43 (0,3 | 10 | 0,5) 
P000683;-0,3;0,08;69;0,51;Sim/B/B02;-0,01;0,23;5;0,4;Sim/B/B03 Sim/A/A02 Sim/B/B01 Sim/A/A04 Sim/C/C02 Sim/C/C03 ;-0,31 (0,77 | 5 | 0) -0,32 (0,26 | 10 | 0,6) -0,37 (0,25 | 6 | 0,5) -0,77 (0,25 | 7 | 0,29) -0,83 (0,25 | 8 | 0,38) -1,02 (0,53 | 6 | 0,17) 
P000684;5,31;0,23;46;0,91;Sim/C/C08;5,41;0,38;6;1;Sim/C/C09 Sim/B/B02 Sim/B/B03 ;5,01 (0,25 | 10 | 0,8) 4,03 (1,72 | 5 | 0,8) 3,39 (2,16 | 5 | 0,8) 
P000685;-4,02;0,16;36;0,25;Sim/A/A01;-3,43;0,27;10;0,7;Sim/B/B02 Sim/B/B01 Sim/A/A02 Sim/A/A05 Sim/A/A03 ;-4,02 (9070,26 | 1 | 0) -4,02 (4,61 | 5 | 0) -4,02 (2,12 | 5 | 0) -4,03 (1,04 | 5 | 0) -4,45 (0,23 | 5 | 0,2) 
P000686;-3,4;0,21;36;0,22;Sim/A/A01;-3,36;0,26;10;0,6;Sim/B/B02 Sim/B/B01 Sim/A/A06 Sim/A/A02 ;-3,4 (1443,2 | 1 | 0) -3,4 (3,64 | 5 | 0) -3,4 (2,2 | 5 | 0) -3,41 (0,76 | 5 | 0) 
P000687;3,19;0,09;64;0,47;Sim/C/C10;3,33;0,18;5;0,6;Sim/B/B04 Sim/C/C08 Sim/B/B02 Sim/C/C07 Sim/C/C04 ;3,18 (0,21 | 7 | 0,43) 3,18 (0,75 | 5 | 0) 2,98 (0,51 | 6 | 0,67) 2,88 (0,25 | 9 | 0,33) 2,84 (0,34 | 10 | 0,3) 
P000688;0,58;0,09;64;0,59;Sim/C/C03;1,41;0,33;10;1;Sim/B/B02 Sim/B/B01 Sim/B/B03 Sim/C/C02 Sim/A/A02 ;0,51 (0,25 | 4 | 0,5) 0,43 (0,3 | 10 | 0,5) 0,13 (0,35 | 10 | 0,1) 0,05 (0,24 | 10 | 0,4) -0,1 (0,3 | 10 | 0,7) 
P000689;2,07;0,22;30;0,57;;;;;;Sim/C/C10 Sim/C/C04 Sim/C/C07 Sim/B/B02 Sim/B/B04 ;2,07 (4,17 | 1 | 0) 2,06 (1,29 | 1 | 0) 2,06 (1,23 | 1 | 0) 1,96 (0,31 | 10 | 0,5) 1,9 (0,79 | 5 | 0) 
P000690;-3,7;0,17;31;0,29;Sim/A/A03;-3,58;0,26;10;0,6;Sim/B/B02 Sim/B/B01 Sim/A/A06 Sim/A/A02 Sim/A/A01 ;-3,7 (3558,75 | 1 | 0) -3,71 (4,19 | 5 | 0) -3,71 (2,59 | 5 | 0) -3,71 (1,31 | 5 | 0) -3,79 (0,24 | 5 | 0,6) 
P000691;-2,35;0,17;38;0,18;Sim/B/B01;-1,79;0,46;10;0,1;Sim/C/C01 Sim/A/A04 Sim/A/A05 ;-2,37 (1,02 | 4 | 0) -2,37 (0,99 | 5 | 0) -2,77 (0,21 | 6 | 0,33) 
P000692;-0,28;0,09;65;0,49;Sim/C/C02;0,17;0,28;10;0,5;Sim/B/B03 Sim/A/A07 Sim/A/A02 Sim/A/A06 Sim/A/A04 ;-0,29 (0,78 | 5 | 0) -0,4 (0,21 | 5 | 0,6) -0,46 (0,25 | 10 | 0,6) -0,58 (0,22 | 4 | 0,75) -0,71 (0,24 | 5 | 0,6) 
P000693;-4,48;0,18;31;0,1;Sim/A/A01;-3,85;0,24;5;0,4;Sim/B/B02 Sim/B/B01 Sim/A/A06 Sim/A/A03 ;-4,48 (35739,19 | 1 | 0) -4,48 (5,24 | 5 | 0) -4,48 (3,47 | 5 | 0) -5,02 (0,47 | 10 | 0,1) 
P000694;-1,68;0,13;63;0,22;Sim/A/A02;-1,54;0,24;6;0,5;Sim/A/A07 Sim/A/A06 Sim/A/A04 ;-1,69 (0,83 | 5 | 0) -1,92 (0,65 | 7 | 0) -2,01 (0,54 | 7 | 0,14) 
P000695;1,59;0,17;44;0,73;Sim/B/B03;1,92;0,41;10;0,8;Sim/C/C07 Sim/C/C03 ;1,58 (2,74 | 1 | 0) 0,98 (0,25 | 6 | 0,67) 
P000696;0,7;0,11;55;0,64;Sim/B/B02;1,63;0,41;10;0,5;Sim/C/C03 Sim/B/B01 Sim/C/C02 ;0,53 (0,2 | 4 | 0,5) 0,46 (0,3 | 10 | 0,5) 0,31 (0,28 | 10 | 0,6) 
P000697;0,33;0,1;57;0,56;Sim/A/A02;0,83;0,39;10;0,9;Sim/B/B03 Sim/A/A04 Sim/B/B02 ;0,25 (0,29 | 10 | 0,1) 0,17 (0,24 | 3 | 0,67) -0,01 (0,23 | 5 | 0,4) 
P000698;-3,06;0,17;41;0,27;;;;;;Sim/B/B02 Sim/B/B01 Sim/A/A06 Sim/A/A05 Sim/A/A02 ;-3,06 (528,24 | 1 | 0) -3,06 (2,76 | 5 | 0) -3,07 (1,77 | 5 | 0) -3,08 (0,25 | 10 | 0,3) -3,12 (0,4 | 10 | 0) 
P000699;1,94;0,22;29;0,62;;;;;;Sim/C/C10 Sim/B/B04 Sim/C/C04 Sim/C/C07 Sim/B/B02 ;1,94 (1,81 | 1 | 0) 1,94 (2,16 | 1 | 0) 1,94 (1,53 | 1 | 0) 1,93 (1,37 | 1 | 0) 1,76 (0,36 | 10 | 0,5) 
P000700;-3,48;0,18;39;0,33;Sim/A/A03;-3,39;0,34;10;0,7;Sim/B/B02 Sim/A/A06 Sim/A/A02 Sim/A/A05 ;-3,48 (1841,54 | 1 | 0) -3,5 (2,32 | 5 | 0) -3,5 (0,91 | 5 | 0) -4,01 (1,07 | 6 | 0,17) 
P000701;-1,07;0,1;44;0,3;Sim/A/A02;-0,93;0,22;8;0,5;Sim/A/A04 Sim/A/A07 Sim/C/C02 Sim/C/C03 Sim/B/B01 ;-1,45 (0,24 | 5 | 0,2) -1,62 (0,98 | 5 | 0,2) -1,68 (0,94 | 5 | 0,2) -1,89 (1,27 | 5 | 0,2) -2,51 (1,12 | 8 | 0) 
P000702;0,8;0,11;55;0,67;Sim/B/B02;1,32;0,43;10;0,6;Sim/B/B01 Sim/C/C03 Sim/B/B03 ;0,75 (0,27 | 10 | 0,6) 0,68 (0,23 | 3 | 0,67) 0,6 (0,24 | 5 | 0,2) 
P000703;-0,25;0,08;59;0,56;Sim/B/B02;0;0,22;5;0,6;Sim/C/C03 Sim/C/C01 Sim/A/A02 Sim/C/C02 ;-0,27 (0,31 | 10 | 0,4) -0,32 (0,22 | 4 | 0,5) -0,67 (0,24 | 7 | 0,57) -0,78 (0,25 | 4 | 0,25) 
P000704;1,01;0,11;54;0,65;Sim/B/B02;1,62;0,4;10;0,5;Sim/B/B03 Sim/C/C03 Sim/A/A04 Sim/A/A02 Sim/C/C02 ;1 (0,19 | 6 | 0,5) 0,98 (0,25 | 6 | 0,67) 0,92 (0,63 | 5 | 0,8) 0,83 (0,39 | 10 | 0,9) 0,7 (0,29 | 10 | 0,6) 
P000705;-0,15;0,09;72;0,46;Sim/B/B01;0,61;0,29;10;0,5;Sim/B/B03 Sim/A/A07 Sim/C/C03 Sim/C/C01 Sim/A/A02 Sim/A/A06 Sim/A/A04 ;-0,15 (0,56 | 7 | 0) -0,24 (0,23 | 6 | 0,67) -0,35 (0,32 | 10 | 0,3) -0,4 (0,21 | 5 | 0,4) -0,43 (0,24 | 10 | 0,6) -0,65 (0,22 | 3 | 0,67) -0,79 (0,24 | 6 | 0,33) 
P000706;-0,56;0,09;59;0,39;Sim/B/B01;0,09;0,24;8;0,5;Sim/B/B03 Sim/C/C03 Sim/A/A06 Sim/C/C01 Sim/A/A04 ;-0,57 (1,21 | 5 | 0) -0,58 (0,34 | 10 | 0,3) -0,66 (0,22 | 3 | 0,67) -0,88 (0,22 | 5 | 0,4) -1,16 (0,23 | 6 | 0,33) 
P000707;-2,83;0,15;33;0,36;Sim/A/A02;-2,49;0,24;6;0,33;Sim/B/B02 Sim/B/B01 Sim/A/A06 Sim/A/A01 Sim/A/A05 ;-2,83 (263,1 | 1 | 0) -2,83 (2,12 | 5 | 0) -2,83 (1,52 | 5 | 0) -2,99 (0,36 | 10 | 0,8) -3 (0,24 | 6 | 0,33) 
P000708;-0,78;0,08;67;0,42;Sim/C/C03;-0,44;0,32;10;0,3;Sim/C/C01 Sim/A/A04 Sim/B/B01 ;-1,11 (0,21 | 10 | 0,2) -1,48 (0,25 | 8 | 0,13) -2,51 (1,12 | 9 | 0) 
P000709;-3,39;0,22;32;0,22;Sim/A/A01;-3,19;0,31;10;0,7;Sim/B/B02 Sim/B/B01 Sim/A/A06 Sim/A/A02 Sim/A/A05 ;-3,39 (1415,44 | 1 | 0) -3,4 (3,63 | 5 | 0) -3,4 (2,19 | 5 | 0) -3,41 (0,76 | 5 | 0) -4,01 (1,07 | 6 | 0) 
P000710;-0,34;0,08;58;0,53;Sim/B/B01;0,05;0,24;6;0,67;Sim/B/B03 Sim/C/C03 Sim/A/A07 Sim/A/A04 Sim/A/A02 ;-0,34 (0,81 | 5 | 0) -0,39 (0,32 | 10 | 0,3) -0,53 (0,2 | 4 | 0,5) -0,57 (0,24 | 7 | 0,57) -0,96 (0,23 | 6 | 0,5) 
P000711;1,65;0,18;41;0,71;Sim/C/C03;1,7;0,49;9;1;Sim/C/C10 Sim/C/C04 Sim/C/C07 Sim/B/B04 Sim/B/B02 Sim/B/B01 ;1,65 (2,84 | 1 | 0) 1,65 (2,27 | 1 | 0) 1,64 (1,79 | 1 | 0) 1,58 (2,11 | 2 | 0) 1,49 (0,43 | 10 | 0,6) 1,28 (0,27 | 10 | 0,8) 
P000712;3,26;0,1;52;0,54;;;;;;Sim/C/C06 Sim/B/B04 Sim/C/C10 Sim/C/C04 ;3,24 (0,31 | 10 | 0,1) 3,2 (0,25 | 4 | 0,5) 3,15 (0,19 | 5 | 0,4) 2,89 (0,33 | 10 | 0,4) 
P000713;0,37;0,09;70;0,64;Sim/B/B03;0,77;0,22;5;0,4;Sim/C/C01 Sim/B/B02 Sim/C/C03 Sim/A/A02 ;0,33 (0,32 | 10 | 0,9) 0,22 (0,22 | 5 | 0,4) -0,02 (0,27 | 10 | 0,4) -0,09 (0,3 | 10 | 0,7) 
P000714;-2,42;0,16;21;0,24;Sim/A/A02;-1,98;0,22;6;0,5;Sim/B/B01 Sim/A/A06 Sim/A/A05 ;-2,42 (1,15 | 5 | 0) -2,43 (1,15 | 5 | 0) -2,75 (0,22 | 5 | 0,4) 
P000715;0,51;0,09;76;0,61;Sim/B/B02;1,05;0,35;10;0,6;Sim/B/B01 Sim/C/C02 Sim/B/B03 Sim/A/A02 ;0,43 (0,3 | 10 | 0,5) 0,41 (0,29 | 10 | 0,6) 0,29 (0,27 | 10 | 0) 0,24 (0,34 | 10 | 0,8) 
P000716;2,41;0,2;33;0,45;;;;;;Sim/C/C06 Sim/C/C10 Sim/C/C04 Sim/B/B04 ;2,41 (6,1 | 1 | 0) 2,37 (0,62 | 5 | 0) 2,05 (0,73 | 5 | 0) 2 (0,73 | 6 | 0) 
P000717;0,78;0,1;68;0,66;Sim/B/B02;1,65;0,39;10;0,6;Sim/C/C03 Sim/B/B03 ;0,38 (0,24 | 3 | 0,33) 0,21 (0,31 | 10 | 0,1) 
P000718;-2,2;0,16;25;0,24;Sim/A/A02;-2,2;0,24;6;0,5;Sim/A/A04 Sim/A/A06 Sim/B/B01 ;-2,2 (0,79 | 5 | 0) -2,2 (0,97 | 5 | 0) -2,21 (0,87 | 5 | 0) 
P000719;1,03;0,12;45;0,73;Sim/B/B02;1,18;0,39;10;0,5;Sim/B/B03 Sim/A/A02 Sim/C/C03 ;0,9 (0,23 | 4 | 0,5) 0,83 (0,39 | 10 | 0,9) 0,68 (0,23 | 3 | 0,67) 
P000720;2,56;0,14;52;0,35;Sim/C/C10;3,05;0,2;6;0,33;Sim/B/B01 Sim/C/C07 Sim/C/C05 Sim/C/C04 Sim/B/B04 ;2,39 (0,78 | 5 | 0,8) 2,31 (0,47 | 10 | 0,1) 2,09 (0,9 | 8 | 0) 2,05 (0,73 | 5 | 0) 2 (0,73 | 6 | 0,17) 
P000721;2,36;0,19;38;0,5;Sim/B/B02;2,75;0,39;10;0,8;Sim/C/C06 Sim/C/C10 Sim/C/C04 Sim/B/B04 ;2,36 (7,06 | 1 | 0) 2,33 (0,67 | 5 | 0) 2,05 (0,73 | 5 | 0) 2 (0,73 | 6 | 0) 
P000722;-5,44;0,6;31;0,03;;;;;;Sim/B/B02 Sim/B/B01 Sim/A/A06 Sim/A/A01 ;-5,44 (612449,88 | 1 | 0) -5,45 (7,49 | 5 | 0) -5,46 (4,91 | 5 | 0) -5,55 (1,08 | 5 | 0) 
P000723;0,92;0,11;59;0,69;Sim/C/C03;1,36;0,32;10;0,9;Sim/B/B03 Sim/A/A02 Sim/B/B01 Sim/C/C02 ;0,9 (0,23 | 4 | 0,5) 0,83 (0,39 | 10 | 0,9) 0,69 (0,28 | 10 | 0,5) 0,37 (0,28 | 10 | 0,6) 
P000724;-3,88;0,15;33;0,21;Sim/A/A01;-3,72;0,2;8;0,5;Sim/B/B02 Sim/B/B01 Sim/A/A02 Sim/A/A05 Sim/A/A03 ;-3,88 (5990,73 | 1 | 0) -3,88 (4,42 | 5 | 0) -3,88 (1,73 | 5 | 0) -3,89 (0,89 | 5 | 0) -4,1 (0,23 | 4 | 0,5) 
P000725;5,24;0,22;38;0,95;Sim/C/C08;5,48;0,38;10;0,9;Sim/C/C09 ;4,71 (0,25 | 3 | 0,67) 
P000726;1,52;0,17;36;0,67;;;;;;Sim/B/B04 Sim/B/B03 Sim/B/B02 ;1,52 (7,37 | 1 | 0) 1,46 (0,25 | 7 | 0,57) 0,81 (0,26 | 10 | 0,5) 
P000727;-1,49;0,13;51;0,2;Sim/B/B01;-1,35;0,31;10;0,2;Sim/A/A07 Sim/A/A06 Sim/A/A02 Sim/C/C02 Sim/C/C03 ;-1,51 (0,61 | 6 | 0) -1,56 (0,34 | 10 | 0,3) -1,68 (0,23 | 6 | 0,5) -1,76 (0,94 | 6 | 0) -1,89 (1,27 | 5 | 0) 
P000728;2,78;0,12;63;0,41;Sim/C/C04;3,21;0,27;10;0,4;Sim/C/C06 Sim/B/B03 Sim/C/C05 Sim/C/C07 Sim/B/B01 ;2,77 (0,9 | 5 | 0) 2,13 (0,64 | 7 | 0,86) 2,12 (0,9 | 7 | 0) 2,1 (0,83 | 5 | 0) 1,8 (0,43 | 10 | 0,9) 
P000729;2,29;0,18;57;0,44;Sim/C/C04;2,85;0,34;10;0,3;Sim/C/C05 Sim/C/C10 Sim/C/C07 Sim/B/B04 Sim/B/B03 ;2,27 (0,75 | 5 | 0) 2,27 (0,73 | 5 | 0) 2,02 (0,83 | 5 | 0) 1,76 (0,86 | 7 | 0,14) 1,71 (0,31 | 10 | 0,7) 
P000730;-4,29;0,16;26;0,15;Sim/A/A03;-3,95;0,22;5;0,6;Sim/B/B02 Sim/A/A02 Sim/B/B01 Sim/A/A06 Sim/A/A01 ;-4,29 (20554,22 | 1 | 0) -4,3 (2,98 | 5 | 0) -4,3 (4,98 | 5 | 0) -4,3 (3,3 | 5 | 0) -4,66 (0,25 | 5 | 0,2) 
P000731;0,22;0,09;73;0,56;Sim/B/B01;0,69;0,28;10;0,5;Sim/B/B03 Sim/B/B02 Sim/A/A04 ;0,19 (0,32 | 10 | 0) -0,12 (0,23 | 5 | 0,4) -0,13 (0,24 | 3 | 0,33) 
P000732;-1,94;0,16;35;0,31;Sim/B/B01;-1,2;0,3;10;0,3;Sim/A/A06 Sim/A/A02 Sim/A/A05 ;-1,96 (0,63 | 8 | 0,13) -2,2 (0,24 | 6 | 0,5) -2,37 (0,23 | 4 | 0,5) 
P000733;4,78;0,15;35;0,89;;;;;;Sim/C/C09 ;4,49 (0,2 | 4 | 0,5) 
P000734;0,92;0,1;53;0,72;Sim/B/B03;1,16;0,2;5;0,6;Sim/A/A02 Sim/C/C02 Sim/B/B02 ;0,83 (0,39 | 10 | 0,9) 0,48 (0,29 | 10 | 0,7) 0,28 (0,22 | 6 | 0,33) 
P000735;-4,68;0,18;32;0,09;Sim/A/A03;-4,43;0,19;9;0,33;Sim/B/B02 Sim/B/B01 Sim/A/A06 Sim/A/A01 ;-4,68 (64685,69 | 1 | 0) -4,68 (6,56 | 5 | 0) -4,68 (4,13 | 5 | 0) -5,57 (1,15 | 7 | 0) 
P000736;0,9;0,11;53;0,72;Sim/B/B02;1,51;0,43;10;0,5;Sim/C/C03 Sim/B/B01 Sim/A/A02 ;0,65 (0,23 | 3 | 0,67) 0,61 (0,29 | 10 | 0,5) 0,24 (0,34 | 10 | 0,8) 
P000737;2,77;0,12;62;0,48;Sim/C/C07;2,94;0,24;8;0,5;Sim/C/C10 Sim/B/B02 Sim/C/C04 Sim/B/B03 Sim/C/C05 ;2,59 (0,4 | 10 | 0,2) 2,5 (0,34 | 10 | 0,8) 2,45 (0,45 | 10 | 0,2) 2,13 (0,64 | 7 | 0,86) 2,09 (0,9 | 8 | 0,13) 
P000738;-4,69;0,2;26;0,15;;;;;;Sim/B/B02 Sim/A/A02 Sim/A/A01 ;-4,69 (66712,79 | 1 | 0) -4,71 (4,36 | 5 | 0) -5,33 (0,73 | 7 | 0,14) 
P000739;-0,97;0,08;52;0,33;Sim/C/C02;-0,77;0,24;5;0,4;Sim/B/B02 Sim/A/A04 Sim/C/C03 ;-1,06 (0,75 | 5 | 0) -1,07 (0,18 | 6 | 0,33) -1,89 (1,27 | 5 | 0,2) 
P000740;-0,89;0,09;58;0,47;Sim/B/B01;-0,48;0,24;10;0,6;Sim/A/A06 Sim/C/C03 Sim/A/A05 Sim/A/A02 ;-0,99 (0,18 | 5 | 0,4) -1,03 (0,53 | 6 | 0,17) -1,4 (0,56 | 7 | 0,86) -1,84 (0,23 | 5 | 0,6) 
P000741;-1,95;0,14;38;0,26;;;;;;Sim/C/C02 Sim/B/B01 Sim/C/C01 Sim/A/A02 Sim/A/A04 ;-1,96 (1,76 | 1 | 0) -1,97 (0,64 | 5 | 0) -1,97 (0,64 | 4 | 0) -1,98 (0,22 | 6 | 0,5) -2,01 (0,5 | 10 | 0) 
P000742;2,67;0,14;73;0,41;Sim/B/B02;2,71;0,38;10;0,7;Sim/C/C06 Sim/C/C08 Sim/C/C04 Sim/C/C05 Sim/C/C07 Sim/B/B04 Sim/B/B01 ;2,66 (1,07 | 5 | 0) 2,66 (1,22 | 5 | 0) 2,5 (0,43 | 10 | 0,3) 2,11 (0,9 | 8 | 0,13) 2,1 (0,83 | 6 | 0,17) 2,02 (0,74 | 5 | 0,2) 1,8 (0,43 | 10 | 0,9) 
P000743;-2,8;0,15;36;0,31;Sim/A/A05;-2,75;0,19;6;0,33;Sim/A/A06 Sim/B/B01 Sim/A/A02 Sim/A/A01 ;-2,8 (1,49 | 5 | 0) -2,8 (1,75 | 5 | 0) -2,81 (0,27 | 10 | 0,1) -2,88 (0,4 | 10 | 0,8) 
P000744;5,97;0,77;41;1;;;;;;;
P000745;1,66;0,19;32;0,69;;;;;;Sim/B/B02 Sim/B/B03 ;1,63 (0,4 | 10 | 0,5) 1,39 (0,23 | 5 | 0,8) 
P000746;1,78;0,21;34;0,71;Sim/B/B01;1,8;0,43;10;0,9;Sim/C/C10 Sim/C/C04 Sim/C/C07 Sim/B/B04 Sim/B/B02 ;1,78 (2,32 | 1 | 0) 1,77 (1,9 | 1 | 0) 1,77 (1,58 | 1 | 0) 1,75 (3,73 | 1 | 0) 1,32 (0,43 | 10 | 0,6) 
P000747;-2,69;0,14;33;0,27;Sim/A/A05;-2,5;0,19;6;0,5;Sim/B/B02 Sim/B/B01 Sim/A/A06 Sim/A/A02 ;-2,69 (174,59 | 1 | 0) -2,69 (1,77 | 5 | 0) -2,69 (1,38 | 5 | 0) -3,24 (0,48 | 10 | 0,1) 
P000748;1,45;0,14;52;0,81;Sim/B/B02;1,51;0,43;10;0,5;Sim/C/C02 Sim/C/C03 Sim/B/B03 ;1,33 (0,43 | 10 | 0,9) 1,27 (0,29 | 10 | 0,8) 1,23 (0,21 | 5 | 0,6) 
P000749;-3,95;0,16;31;0,32;Sim/A/A03;-3,41;0,35;10;0,8;Sim/B/B02 Sim/A/A02 Sim/A/A06 Sim/B/B01 Sim/A/A01 ;-3,95 (7343,14 | 1 | 0) -3,95 (1,91 | 5 | 0) -3,95 (2,88 | 5 | 0) -3,95 (4,51 | 5 | 0) -4,44 (0,23 | 5 | 0,4) 
P000750;-4,25;0,15;28;0,18;;;;;;Sim/A/A02 Sim/A/A06 Sim/A/A03 Sim/A/A01 ;-4,25 (2,84 | 5 | 0) -4,25 (3,26 | 5 | 0) -4,26 (0,19 | 5 | 0,4) -4,27 (0,23 | 5 | 0,4) 
P000751;-0,63;0,08;62;0,4;Sim/B/B01;-0,18;0,25;5;0,4;Sim/B/B03 Sim/A/A07 Sim/C/C03 Sim/C/C01 ;-0,63 (1,22 | 5 | 0) -0,65 (0,2 | 4 | 0,5) -1,03 (0,53 | 6 | 0,17) -1,3 (0,26 | 10 | 0,2) 
P000752;0,01;0,09;75;0,52;Sim/B/B01;0,15;0,25;9;0,44;Sim/A/A06 Sim/A/A02 Sim/A/A04 Sim/C/C02 ;-0,24 (0,31 | 10 | 0,8) -0,24 (0,27 | 10 | 0,7) -0,27 (0,23 | 6 | 0,5) -0,46 (0,23 | 6 | 0,33) 
P000753;0,27;0,09;66;0,55;Sim/A/A02;0,83;0,39;10;0,9;Sim/C/C01 Sim/B/B01 Sim/B/B03 Sim/C/C02 ;0,22 (0,28 | 10 | 0,7) 0,14 (0,24 | 10 | 0,4) 0,13 (0,35 | 10 | 0,1) -0,48 (0,23 | 6 | 0,33) 
P000754;-3,51;0,17;45;0,31;Sim/A/A05;-3,4;0,41;10;0,2;Sim/B/B02 Sim/A/A02 Sim/A/A01 ;-3,51 (1995,42 | 1 | 0) -3,53 (0,96 | 5 | 0) -3,65 (0,23 | 8 | 0,5) 
P000755;5,97;0,77;41;1;;;;;;;
P000756;2,22;0,17;68;0,46;Sim/C/C05;2,65;0,31;10;0,1;Sim/C/C10 Sim/C/C07 Sim/B/B03 Sim/B/B01 ;2,2 (0,8 | 5 | 0) 2,19 (0,65 | 5 | 0) 2,08 (0,51 | 10 | 0,9) 1,8 (0,43 | 10 | 0,9) 
P000757;0,54;0,1;56;0,64;Sim/C/C02;1,03;0,32;10;0,8;Sim/B/B03 Sim/C/C03 Sim/B/B02 ;0,48 (0,24 | 6 | 0,33) 0,31 (0,22 | 5 | 0,4) 0,29 (0,22 | 5 | 0,4) 
P000758;-2,57;0,14;27;0,22;Sim/A/A05;-2,49;0,19;6;0,5;Sim/B/B02 Sim/B/B01 Sim/A/A06 Sim/A/A02 ;-2,57 (124,36 | 1 | 0) -2,58 (1,53 | 5 | 0) -2,58 (1,28 | 5 | 0) -2,65 (0,23 | 10 | 0,3) 
P000759;1,44;0,15;40;0,7;Sim/B/B02;1,77;0,36;10;0,6;Sim/C/C03 ;0,99 (0,25 | 6 | 0,67) 
P000760;1,7;0,19;37;0,68;;;;;;Sim/C/C10 Sim/C/C04 Sim/C/C07 Sim/B/B04 Sim/B/B02 Sim/B/B01 ;1,7 (2,61 | 1 | 0) 1,7 (2,11 | 1 | 0) 1,7 (1,7 | 1 | 0) 1,65 (4,98 | 1 | 0) 1,51 (0,43 | 10 | 0,5) 1,32 (0,28 | 10 | 0,7) 
P000761;-5,65;0,88;26;0;;;;;;;
P000762;0,92;0,12;41;0,49;Sim/B/B03;1,42;0,24;6;0,67;Sim/B/B04 Sim/B/B01 Sim/C/C02 Sim/C/C03 ;0,92 (43,39 | 1 | 0) 0,84 (0,25 | 10 | 0,5) 0,63 (0,29 | 10 | 0,5) 0,54 (0,23 | 4 | 0,25) 
P000763;-1,86;0,14;49;0,27;Sim/B/B01;-1,25;0,3;10;0,2;Sim/B/B02 Sim/C/C02 Sim/A/A06 Sim/A/A04 Sim/A/A02 Sim/C/C01 ;-1,86 (14,95 | 1 | 0) -1,87 (1,7 | 1 | 0) -1,94 (0,74 | 5 | 0) -1,95 (0,46 | 10 | 0) -1,98 (0,22 | 6 | 0,5) -2,13 (0,72 | 6 | 0) 
P000764;-0,18;0,09;72;0,47;Sim/B/B02;0,81;0,29;10;0,6;Sim/C/C03 Sim/C/C01 Sim/A/A02 Sim/B/B01 ;-0,33 (0,32 | 10 | 0,4) -0,42 (0,22 | 4 | 0,5) -0,65 (0,24 | 8 | 0,5) -1,17 (0,29 | 10 | 0,2) 
P000765;2,91;0,11;57;0,47;Sim/C/C10;3,16;0,17;7;0,29;Sim/C/C06 Sim/C/C05 Sim/C/C04 Sim/B/B04 Sim/C/C07 ;2,89 (0,72 | 5 | 0) 2,87 (0,25 | 7 | 0,29) 2,85 (0,34 | 10 | 0,3) 2,84 (0,23 | 3 | 0,33) 2,1 (0,83 | 5 | 0) 
P000766;0,91;0,1;61;0,72;Sim/C/C03;1,44;0,35;10;0,9;Sim/A/A02 Sim/B/B01 Sim/C/C02 Sim/B/B03 ;0,83 (0,39 | 10 | 0,9) 0,79 (0,26 | 10 | 0,5) 0,6 (0,29 | 10 | 0,7) 0,58 (0,23 | 5 | 0,4) 
P000767;3,65;0,09;64;0,48;Sim/C/C09;3,76;0,32;10;0,1;Sim/C/C06 Sim/B/B04 Sim/C/C10 Sim/B/B02 ;3,62 (0,24 | 3 | 0) 3,51 (0,23 | 7 | 0,57) 3,44 (0,2 | 4 | 0,5) 3,26 (0,79 | 5 | 0,8) 
P000768;1,6;0,16;54;0,72;Sim/B/B03;1,88;0,39;10;0,9;Sim/C/C07 Sim/C/C04 Sim/C/C03 Sim/C/C02 ;1,59 (1,88 | 1 | 0) 1,59 (1,65 | 2 | 0) 1,36 (0,32 | 10 | 0,9) 1,16 (0,36 | 10 | 0,8) 
P000769;-0,09;0,09;67;0,43;Sim/C/C01;0,07;0,25;9;0,56;Sim/B/B03 Sim/B/B02 Sim/C/C03 Sim/A/A07 Sim/A/A02 Sim/C/C02 ;-0,11 (0,5 | 10 | 0) -0,12 (0,23 | 5 | 0,4) -0,14 (0,3 | 10 | 0,3) -0,17 (0,24 | 7 | 0,71) -0,31 (0,26 | 10 | 0,6) -0,31 (0,25 | 4 | 0,5) 
P000770;-5,65;0,88;26;0;;;;;;;
P000771;2,43;0,16;56;0,41;Sim/C/C07;2,63;0,32;10;0,2;Sim/C/C06 Sim/C/C05 Sim/C/C10 Sim/C/C04 Sim/B/B03 Sim/B/B01 Sim/B/B04 ;2,36 (6,98 | 1 | 0) 2,31 (0,61 | 7 | 0) 2,31 (0,68 | 6 | 0) 2,29 (0,58 | 5 | 0,2) 2,13 (0,64 | 7 | 0,86) 2,02 (0,55 | 7 | 0,86) 2 (0,73 | 6 | 0,17) 
P000772;0,39;0,09;67;0,51;Sim/B/B02;0,79;0,26;10;0,5;Sim/B/B03 Sim/A/A07 Sim/A/A04 Sim/C/C02 Sim/A/A02 ;0,25 (0,29 | 10 | 0,1) 0,2 (0,36 | 10 | 0,7) 0,17 (0,24 | 3 | 0,67) 0,12 (0,25 | 10 | 0,5) -0,08 (0,3 | 10 | 0,7) 
P000773;-0,75;0,08;57;0,4;Sim/A/A02;-0,09;0,3;10;0,7;Sim/C/C01 Sim/B/B01 Sim/B/B02 Sim/A/A06 Sim/C/C03 Sim/A/A07 ;-0,75 (0,21 | 5 | 0,4) -0,75 (0,27 | 10 | 0,4) -0,76 (0,4 | 6 | 0) -0,95 (0,17 | 6 | 0,5) -1,3 (0,77 | 5 | 0,2) -1,62 (0,97 | 5 | 0,2) 
P000774;-1,89;0,16;36;0,33;Sim/B/B01;-1,23;0,3;10;0,3;Sim/A/A02 Sim/A/A05 ;-2,2 (0,24 | 6 | 0,5) -2,37 (0,23 | 4 | 0,5) 
P000775;-2,06;0,15;35;0,2;Sim/B/B01;-1,43;0,33;10;0,2;Sim/C/C02 Sim/C/C01 Sim/A/A06 Sim/A/A05 ;-2,07 (1,85 | 1 | 0) -2,08 (0,72 | 4 | 0) -2,08 (0,86 | 5 | 0) -2,21 (0,23 | 4 | 0,5) 
P000776;-5,65;0,88;26;0;;;;;;;
P000777;-0,37;0,08;66;0,55;Sim/C/C02;0,66;0,31;10;0,7;Sim/A/A04 Sim/A/A02 Sim/A/A06 Sim/B/B01 Sim/B/B02 ;-0,44 (0,24 | 8 | 0,5) -0,66 (0,24 | 9 | 0,56) -0,96 (0,18 | 5 | 0,4) -1,39 (0,32 | 10 | 0,3) -1,39 (3,73 | 1 | 0) 
P000778;1,9;0,22;30;0,7;;;;;;Sim/C/C10 Sim/C/C04 Sim/B/B04 Sim/C/C07 Sim/B/B02 ;1,89 (1,93 | 1 | 0) 1,89 (1,62 | 1 | 0) 1,89 (2,51 | 1 | 0) 1,89 (1,42 | 1 | 0) 1,22 (0,4 | 10 | 0,5) 
P000779;-4,85;0,23;31;0,06;Sim/A/A01;-4,66;0,25;5;0,2;Sim/B/B02 Sim/B/B01 Sim/A/A06 Sim/A/A03 ;-4,85 (107848,89 | 1 | 0) -4,86 (5,79 | 5 | 0) -4,86 (3,85 | 5 | 0) -5,53 (0,91 | 10 | 0,1) 
P000780;0,4;0,1;57;0,54;Sim/A/A04;0,77;0,43;10;0,9;Sim/B/B02 Sim/A/A02 Sim/B/B03 Sim/C/C02 ;0,29 (0,23 | 4 | 0,5) 0,24 (0,34 | 10 | 0,8) 0,21 (0,31 | 10 | 0) 0,21 (0,27 | 10 | 0,5) 
P000781;0,54;0,1;59;0,69;Sim/B/B01;1,39;0,3;10;0,8;Sim/C/C01 Sim/C/C03 Sim/A/A04 Sim/B/B02 ;0,45 (0,38 | 10 | 0,8) 0,25 (0,25 | 4 | 0,25) 0,24 (0,24 | 6 | 0,67) -0,11 (0,23 | 5 | 0,4) 
P000782;1,42;0,15;50;0,78;;;;;;Sim/B/B02 Sim/B/B03 Sim/A/A04 ;1,32 (0,43 | 10 | 0,6) 1,16 (0,2 | 5 | 0,6) 0,82 (0,46 | 10 | 0,9) 
P000783;-0,13;0,08;81;0,53;Sim/C/C03;0,16;0,22;10;0,5;Sim/B/B03 Sim/C/C02 Sim/B/B02 Sim/A/A04 ;-0,14 (0,58 | 6 | 0) -0,21 (0,22 | 7 | 0,43) -0,32 (0,25 | 4 | 0,25) -0,68 (0,25 | 6 | 0,5) 
P000784;-1,4;0,11;47;0,15;Sim/A/A04;-1,08;0,17;6;0,5;Sim/C/C02 Sim/A/A07 Sim/A/A06 Sim/C/C01 Sim/B/B01 ;-1,44 (0,6 | 6 | 0,17) -1,7 (0,99 | 6 | 0,17) -1,93 (0,65 | 8 | 0) -2,14 (0,72 | 7 | 0) -2,51 (1,12 | 8 | 0) 
P000785;3,18;0,09;66;0,45;Sim/C/C07;3,61;0,21;5;0,6;Sim/C/C09 Sim/C/C10 Sim/B/B04 ;3,18 (0,87 | 5 | 0) 2,94 (0,24 | 5 | 0,4) 2,66 (0,23 | 8 | 0,25) 
P000786;0,63;0,11;51;0,67;Sim/C/C03;0,98;0,25;6;0,67;Sim/B/B01 Sim/B/B02 Sim/C/C02 ;0,43 (0,3 | 10 | 0,5) 0,21 (0,21 | 7 | 0,43) -0,12 (0,25 | 6 | 0,5) 
P000787;-1,83;0,14;57;0,21;Sim/B/B01;-1,59;0,37;10;0,1;Sim/A/A02 Sim/A/A06 Sim/A/A04 ;-1,99 (0,23 | 5 | 0,4) -2,05 (0,74 | 7 | 0) -2,06 (0,59 | 7 | 0,14) 
P000788;-5,65;0,88;26;0;;;;;;;
P000789;0,85;0,1;56;0,63;Sim/B/B02;1,85;0,33;10;0,6;Sim/B/B01 Sim/B/B03 ;0,61 (0,29 | 10 | 0,5) 0,12 (0,35 | 10 | 0,1) 
P000790;1,15;0,12;53;0,7;Sim/B/B02;1,83;0,34;10;0,5;Sim/C/C07 Sim/C/C04 Sim/A/A04 Sim/B/B01 Sim/B/B03 ;1,15 (3 | 1 | 0) 1,15 (3,04 | 1 | 0) 0,99 (0,65 | 5 | 0,8) 0,92 (0,25 | 8 | 0,63) 0,9 (0,23 | 4 | 0,5) 
P000791;1;0,12;36;0,61;Sim/B/B03;1,41;0,25;5;0,6;Sim/B/B04 Sim/C/C03 Sim/B/B02 ;1 (34,54 | 1 | 0) 0,83 (0,2 | 7 | 0,57) 0,57 (0,23 | 6 | 0,5) 
P000792;0,47;0,11;48;0,48;Sim/B/B01;0,69;0,28;10;0,5;Sim/B/B04 Sim/C/C03 Sim/B/B02 ;0,44 (177,43 | 1 | 0) 0,39 (0,2 | 6 | 0,33) -0,51 (0,26 | 10 | 0,1) 
P000793;-5,65;0,88;26;0;;;;;;;
P000794;2,19;0,19;56;0,43;Sim/C/C04;2,69;0,37;10;0,3;Sim/C/C05 Sim/C/C10 Sim/C/C07 Sim/B/B04 Sim/B/B01 ;2,18 (0,86 | 5 | 0) 2,17 (0,83 | 5 | 0) 2,16 (0,68 | 5 | 0) 1,9 (0,79 | 5 | 0) 1,52 (0,34 | 10 | 0,7) 
P000795;-1,4;0,12;54;0,19;Sim/C/C02;-1,3;0,44;10;0,1;Sim/B/B02 Sim/B/B01 Sim/C/C01 Sim/A/A06 Sim/A/A07 ;-1,4 (3,82 | 1 | 0) -1,42 (0,33 | 10 | 0,3) -1,68 (0,41 | 10 | 0,2) -1,93 (0,65 | 8 | 0) -1,94 (1,26 | 7 | 0) 
P000796;1,28;0,12;79;0,56;Sim/C/C07;2,31;0,47;10;0,1;Sim/C/C05 Sim/C/C10 Sim/B/B02 Sim/B/B03 ;1,28 (4,01 | 5 | 0) 1,28 (2,46 | 5 | 0) 1 (0,35 | 10 | 0,5) 0,86 (0,19 | 6 | 0,33) 
P000797;3,19;0,1;46;0,57;Sim/C/C04;3,32;0,25;10;0,4;Sim/C/C10 Sim/B/B04 Sim/B/B03 Sim/C/C07 ;3,13 (0,19 | 5 | 0,4) 3,06 (0,21 | 4 | 0,5) 2,23 (0,89 | 5 | 0,8) 2,1 (0,83 | 5 | 0,2) 
P000798;5,23;0,24;36;0,94;;;;;;Sim/C/C08 Sim/C/C10 ;5,05 (0,24 | 3 | 0,67) 4,78 (0,58 | 6 | 0,83) 
P000799;-0,81;0,08;63;0,44;Sim/B/B02;-0,29;0,22;5;0,4;Sim/B/B01 Sim/A/A02 Sim/C/C01 Sim/A/A06 ;-0,82 (0,27 | 10 | 0,4) -0,83 (0,24 | 8 | 0,63) -1,08 (0,23 | 6 | 0,5) -1,3 (0,24 | 7 | 0,29) 
P000800;4,64;0,12;50;0,86;;;;;;Sim/C/C04 Sim/C/C06 Sim/C/C09 ;4,61 (0,28 | 10 | 0,8) 4,55 (0,27 | 10 | 0,9) 4,48 (0,2 | 4 | 0,5) 
P000801;0,98;0,11;53;0,68;Sim/C/C03;1,53;0,39;10;0,9;Sim/B/B03 Sim/B/B02 ;0,6 (0,24 | 5 | 0,2) 0,49 (0,23 | 6 | 0,5) 
P000802;1,24;0,12;71;0,75;Sim/C/C03;1,67;0,46;10;0,9;Sim/C/C07 Sim/B/B01 Sim/B/B03 Sim/A/A02 Sim/A/A04 ;1,24 (2,72 | 1 | 0) 1,22 (0,26 | 10 | 0,7) 1,16 (0,2 | 5 | 0,6) 0,83 (0,39 | 10 | 0,9) 0,82 (0,46 | 10 | 0,9) 
P000803;-2,07;0,15;31;0,39;Sim/A/A05;-1,79;0,29;10;0,9;Sim/A/A04 Sim/B/B01 Sim/A/A02 ;-2,07 (0,62 | 5 | 0) -2,08 (0,73 | 5 | 0) -2,2 (0,24 | 6 | 0,5) 
P000804;-3,2;0,2;43;0,33;;;;;;Sim/B/B02 Sim/B/B01 Sim/A/A02 Sim/A/A03 Sim/A/A05 ;-3,2 (803,11 | 1 | 0) -3,2 (3,11 | 5 | 0) -3,25 (0,49 | 10 | 0) -3,27 (0,38 | 10 | 0,8) -3,92 (1,05 | 6 | 0,17) 
P000805;-1,99;0,17;40;0,33;Sim/B/B02;-0,89;0,48;10;0,1;Sim/A/A02 Sim/A/A05 ;-2,2 (0,24 | 6 | 0,5) -2,49 (0,22 | 4 | 0,5) 
P000806;5,97;0,77;41;1;;;;;;;
P000807;-0,32;0,08;72;0,49;Sim/C/C01;0,03;0,24;8;0,63;Sim/A/A04 Sim/A/A07 Sim/C/C02 Sim/B/B02 ;-0,33 (0,25 | 6 | 0,5) -0,43 (0,18 | 8 | 0,5) -0,46 (0,23 | 5 | 0,4) -0,63 (0,29 | 10 | 0) 
P000808;3,68;0,09;74;0,53;Sim/C/C06;4,3;0,21;6;0,67;Sim/B/B04 Sim/C/C08 Sim/B/B02 Sim/C/C10 Sim/C/C07 ;3,68 (0,26 | 10 | 0,9) 3,37 (0,6 | 6 | 0) 3,3 (0,83 | 5 | 0,8) 3,01 (0,22 | 6 | 0,17) 2,19 (0,85 | 7 | 0) 
P000809;-5,19;0,42;31;0,06;;;;;;Sim/B/B02 Sim/B/B01 Sim/A/A06 Sim/A/A01 ;-5,19 (294049,19 | 1 | 0) -5,2 (7,17 | 5 | 0) -5,2 (4,65 | 5 | 0) -5,2 (0,6 | 5 | 0,2) 
P000810;2,96;0,1;62;0,44;Sim/C/C04;3,38;0,25;9;0,44;Sim/C/C06 Sim/B/B04 Sim/C/C07 Sim/B/B03 Sim/B/B01 ;2,86 (0,67 | 7 | 0) 2,84 (0,23 | 3 | 0,33) 2,67 (0,31 | 10 | 0,1) 2,23 (0,89 | 5 | 0,8) 1,53 (0,34 | 10 | 0,8) 
P000811;-2,62;0,15;25;0,2;Sim/A/A05;-2,51;0,2;5;0,6;Sim/B/B01 Sim/A/A02 ;-2,62 (1,45 | 5 | 0) -2,81 (0,27 | 10 | 0,1) 
P000812;-1,02;0,09;55;0,29;Sim/B/B01;-0,45;0,25;8;0,5;Sim/A/A06 Sim/C/C01 Sim/C/C02 ;-1,14 (0,23 | 4 | 0) -1,68 (0,41 | 10 | 0,2) -1,92 (1,22 | 5 | 0) 
P000813;-0,15;0,08;76;0,57;Sim/C/C01;0,45;0,38;10;0,8;Sim/B/B03 Sim/B/B01 Sim/B/B02 Sim/A/A04 Sim/A/A02 ;-0,15 (0,63 | 5 | 0) -0,18 (0,25 | 5 | 0,4) -0,36 (0,24 | 4 | 0,25) -0,46 (0,24 | 8 | 0,5) -0,54 (0,25 | 8 | 0,5) 
P000814;5,24;0,2;42;0,9;Sim/C/C08;5,48;0,38;10;1;Sim/C/C09 Sim/B/B02 Sim/B/B01 ;4,84 (0,22 | 7 | 0,71) 4,03 (1,72 | 5 | 0,8) 2,65 (1,22 | 5 | 0,8) 
P000815;5,26;0,23;37;0,97;;;;;;Sim/C/C08 ;5,07 (0,21 | 5 | 0,8) 
P000816;5,97;0,77;41;1;;;;;;;
P000817;1,03;0,13;38;0,61;;;;;;Sim/B/B04 Sim/B/B01 Sim/C/C02 Sim/B/B02 Sim/C/C03 ;1,03 (30,75 | 1 | 0) 0,98 (0,25 | 7 | 0,57) 0,87 (0,3 | 10 | 0,7) 0,82 (0,27 | 10 | 0,5) 0,54 (0,23 | 4 | 0,25) 
P000818;1,85;0,2;38;0,5;;;;;;Sim/C/C10 Sim/C/C04 Sim/C/C07 Sim/B/B02 Sim/B/B03 ;1,85 (7,96 | 1 | 0) 1,85 (1,72 | 1 | 0) 1,84 (1,48 | 1 | 0) 1,7 (0,38 | 10 | 0,5) 1,68 (0,3 | 10 | 0,6) 
P000819;-1,04;0,09;45;0,31;Sim/A/A07;-0,57;0,18;5;0,6;Sim/A/A02 Sim/A/A04 Sim/C/C02 Sim/B/B01 ;-1,09 (0,25 | 4 | 0,5) -1,24 (0,19 | 5 | 0,4) -1,44 (0,6 | 6 | 0,17) -1,78 (0,46 | 10 | 0,1) 
P000820;3,39;0,09;74;0,45;Sim/C/C09;3,75;0,33;10;0,1;Sim/C/C06 Sim/B/B04 Sim/C/C07 Sim/B/B03 ;3,24 (0,31 | 10 | 0,1) 3,2 (0,25 | 4 | 0,5) 3,03 (0,23 | 8 | 0,5) 2,55 (1,2 | 5 | 0,8) 
P000821;-2,91;0,15;41;0,29;Sim/A/A01;-2,83;0,41;10;0,8;Sim/B/B02 Sim/B/B01 Sim/A/A06 Sim/A/A05 ;-2,91 (337,33 | 1 | 0) -2,91 (2,36 | 5 | 0) -2,92 (1,6 | 5 | 0) -2,93 (0,21 | 10 | 0,3) 
P000822;-0,79;0,08;61;0,38;Sim/B/B02;0,11;0,2;7;0,57;Sim/B/B03 Sim/A/A06 Sim/C/C02 Sim/A/A07 Sim/C/C03 Sim/C/C01 Sim/A/A02 ;-0,79 (1,72 | 5 | 0) -0,82 (0,18 | 4 | 0,5) -0,9 (0,25 | 10 | 0,3) -1,02 (0,25 | 6 | 0,17) -1,03 (0,53 | 6 | 0,17) -1,06 (0,23 | 5 | 0,4) -1,54 (0,24 | 6 | 0,5) 
P000823;5,97;0,77;41;1;;;;;;;
P000824;5,97;0,77;41;1;;;;;;;
P000825;-3,98;0,14;31;0,26;Sim/A/A01;-3,94;0,21;6;0,5;Sim/B/B02 Sim/B/B01 Sim/A/A02 Sim/A/A06 Sim/A/A03 ;-3,98 (8009,41 | 1 | 0) -3,98 (4,55 | 5 | 0) -3,98 (2 | 5 | 0) -3,98 (2,92 | 5 | 0) -3,99 (0,18 | 9 | 0,56) 
P000826;-5,22;0,44;31;0,06;Sim/A/A03;-4,95;0,41;10;0,2;Sim/B/B02 Sim/B/B01 Sim/A/A06 Sim/A/A01 ;-5,22 (319125,76 | 1 | 0) -5,23 (7,2 | 5 | 0) -5,23 (4,68 | 5 | 0) -5,33 (0,75 | 5 | 0) 
P000827;0,57;0,1;63;0,59;Sim/B/B02;1,48;0,44;10;0,6;Sim/C/C02 Sim/B/B01 Sim/B/B03 ;0,39 (0,29 | 10 | 0,6) 0,15 (0,25 | 9 | 0,44) 0,06 (0,39 | 10 | 0,1) 
P000828;-1,56;0,14;53;0,13;Sim/A/A02;-0,97;0,24;6;0,5;Sim/A/A06 Sim/A/A04 Sim/A/A07 Sim/B/B01 ;-1,87 (0,54 | 10 | 0,1) -2,01 (0,54 | 7 | 0) -2,12 (1,38 | 7 | 0) -2,51 (1,12 | 8 | 0,13) 
P000829;-3,89;0,18;26;0,27;;;;;;Sim/B/B02 Sim/A/A02 Sim/A/A06 Sim/A/A01 ;-3,89 (6199 | 1 | 0) -3,91 (1,8 | 5 | 0) -3,91 (2,83 | 5 | 0) -4,27 (0,23 | 5 | 0,4) 
P000830;-3,36;0,2;37;0,3;;;;;;Sim/B/B02 Sim/B/B01 Sim/A/A06 Sim/A/A02 Sim/A/A03 Sim/A/A05 ;-3,36 (1274,87 | 1 | 0) -3,36 (3,53 | 5 | 0) -3,36 (2,14 | 5 | 0) -3,38 (0,71 | 5 | 0) -3,55 (0,3 | 10 | 0,7) -3,92 (1,05 | 6 | 0) 
P000831;-2,33;0,16;25;0,2;Sim/A/A02;-2,2;0,24;6;0,5;Sim/A/A06 Sim/A/A04 Sim/B/B01 Sim/A/A05 ;-2,34 (1,08 | 5 | 0) -2,34 (0,95 | 5 | 0) -2,34 (1,03 | 5 | 0) -2,37 (0,23 | 4 | 0,5) 
P000832;-2,04;0,19;42;0,1;Sim/B/B01;-1,73;0,43;10;0,1;Sim/C/C02 Sim/C/C01 Sim/A/A06 Sim/A/A04 ;-2,05 (1,83 | 1 | 0) -2,06 (0,76 | 4 | 0) -2,06 (0,94 | 5 | 0) -2,07 (0,63 | 5 | 0) 
P000833;-3,46;0,19;36;0,33;;;;;;Sim/A/A06 Sim/A/A02 Sim/A/A05 Sim/A/A01 ;-3,46 (2,27 | 5 | 0) -3,47 (0,85 | 5 | 0) -3,58 (0,58 | 7 | 0,14) -3,66 (0,22 | 7 | 0,57) 
P000834;-1,92;0,15;47;0,19;Sim/A/A07;-1,33;0,4;10;0,3;Sim/A/A04 Sim/C/C03 Sim/C/C02 Sim/B/B01 Sim/C/C01 Sim/A/A05 ;-1,92 (0,42 | 10 | 0,1) -1,92 (1,67 | 1 | 0) -1,92 (1,74 | 1 | 0) -1,94 (0,61 | 5 | 0) -1,94 (0,6 | 5 | 0) -2,21 (0,23 | 4 | 0,5) 
P000835;3,99;0,09;69;0,68;Sim/C/C08;4,15;0,24;5;0,4;Sim/C/C07 Sim/C/C04 Sim/C/C09 Sim/B/B03 ;3,58 (0,21 | 5 | 0,4) 3,44 (0,24 | 10 | 0,5) 3,32 (0,68 | 8 | 0,13) 2,23 (0,89 | 5 | 0,8) 
P000836;5,1;0,17;44;0,93;Sim/C/C09;5,19;0,33;10;0,9;Sim/C/C08 Sim/C/C10 ;5,07 (0,22 | 4 | 0,75) 4,7 (0,46 | 10 | 0,9) 
P000837;1,08;0,12;45;0,6;Sim/B/B02;1,48;0,44;10;0,6;Sim/B/B04 Sim/C/C03 Sim/B/B01 Sim/C/C02 ;1,08 (27,24 | 1 | 0) 1,01 (0,23 | 9 | 0,67) 0,84 (0,25 | 10 | 0,5) 0,81 (0,3 | 10 | 0,7) 
P000838;2,73;0,13;49;0,53;Sim/C/C05;2,96;0,21;7;0,29;Sim/B/B02 Sim/C/C07 Sim/B/B03 Sim/C/C04 ;2,57 (0,35 | 10 | 0,8) 2,1 (0,83 | 5 | 0) 2,08 (0,51 | 10 | 0,9) 2,05 (0,73 | 5 | 0) 
P000839;-2,5;0,16;21;0,19;Sim/A/A02;-2,48;0,23;7;0,29;Sim/B/B01 Sim/A/A06 ;-2,51 (1,27 | 5 | 0) -2,51 (1,22 | 5 | 0) 
P000840;-2,16;0,15;42;0,17;Sim/C/C01;-1,76;0,45;10;0,1;Sim/C/C03 Sim/C/C02 Sim/A/A06 Sim/A/A04 Sim/A/A05 ;-2,16 (1,95 | 1 | 0) -2,16 (1,93 | 1 | 0) -2,17 (0,95 | 5 | 0) -2,17 (0,75 | 5 | 0) -2,37 (0,23 | 4 | 0,5) 
P000841;0,82;0,1;60;0,68;Sim/C/C03;0,98;0,25;6;0,67;Sim/B/B02 Sim/B/B01 Sim/B/B03 ;0,81 (0,27 | 10 | 0,5) 0,69 (0,28 | 10 | 0,5) 0,6 (0,24 | 5 | 0,2) 
P000842;2,16;0,18;64;0,42;Sim/C/C04;2,7;0,37;10;0,3;Sim/C/C05 Sim/C/C10 Sim/B/B03 Sim/B/B04 Sim/B/B01 ;2,15 (0,95 | 5 | 0) 2,14 (0,87 | 5 | 0) 2,13 (0,64 | 7 | 0,86) 1,9 (0,79 | 5 | 0,2) 1,43 (0,31 | 10 | 0,7) 
P000843;2,63;0,14;63;0,44;Sim/C/C07;2,99;0,24;6;0,33;Sim/C/C06 Sim/B/B02 Sim/C/C10 Sim/C/C05 Sim/C/C04 Sim/B/B01 ;2,62 (1,03 | 5 | 0) 2,57 (0,35 | 10 | 0,8) 2,55 (0,44 | 10 | 0,2) 2,09 (0,9 | 8 | 0) 2,05 (0,73 | 5 | 0,2) 1,89 (0,46 | 10 | 0,8) 
P000844;-0,54;0,08;63;0,38;Sim/C/C03;-0,39;0,32;10;0,3;Sim/B/B02 Sim/A/A07 Sim/A/A06 Sim/A/A02 ;-0,55 (0,25 | 10 | 0,1) -0,55 (0,2 | 4 | 0,5) -0,58 (0,22 | 4 | 0,75) -0,99 (0,23 | 7 | 0,57) 
P000845;0,13;0,09;78;0,54;Sim/C/C02;0,72;0,3;10;0,7;Sim/B/B03 Sim/B/B02 Sim/A/A04 Sim/C/C03 ;0,11 (0,36 | 10 | 0) -0,12 (0,23 | 5 | 0,4) -0,13 (0,24 | 3 | 0,33) -0,3 (0,32 | 10 | 0,3) 
P000846;0,78;0,11;63;0,7;Sim/B/B02;1,29;0,42;10;0,5;Sim/C/C02 Sim/B/B01 Sim/C/C03 ;0,52 (0,29 | 10 | 0,6) 0,43 (0,3 | 10 | 0,5) 0,32 (0,23 | 4 | 0,25) 
P000847;2,63;0,17;37;0,54;;;;;;Sim/C/C06 Sim/C/C07 Sim/C/C10 Sim/B/B03 ;2,63 (3,4 | 1 | 0) 2,1 (0,83 | 5 | 0,2) 2,05 (1,01 | 7 | 0) 1,82 (0,36 | 10 | 0,8) 
P000848;-2,47;0,16;29;0,21;Sim/A/A05;-2,09;0,25;5;0,8;Sim/B/B02 Sim/B/B01 Sim/A/A02 ;-2,47 (92,41 | 1 | 0) -2,48 (1,34 | 5 | 0) -2,87 (0,28 | 10 | 0,1) 
P000849;-3,13;0,17;43;0,3;Sim/A/A02;-2,87;0,28;10;0,1;Sim/B/B02 Sim/B/B01 Sim/A/A06 Sim/A/A01 ;-3,13 (647,11 | 1 | 0) -3,13 (2,93 | 5 | 0) -3,13 (1,85 | 5 | 0) -3,47 (0,25 | 7 | 0,57) 
P000850;1,47;0,15;42;0,69;Sim/B/B01;1,66;0,38;10;0,8;Sim/C/C03 ;0,99 (0,25 | 6 | 0,67) 
P000851;1,1;0,12;51;0,76;Sim/B/B01;1,8;0,43;10;0,9;Sim/C/C03 Sim/B/B02 Sim/B/B03 ;0,83 (0,2 | 7 | 0,57) 0,81 (0,26 | 10 | 0,5) 0,77 (0,22 | 5 | 0,4) 
P000852;1,37;0,14;50;0,74;Sim/B/B03;1,88;0,39;10;0,9;Sim/B/B04 Sim/C/C02 Sim/B/B02 Sim/C/C03 Sim/B/B01 ;1,37 (11,42 | 1 | 0) 1,33 (0,43 | 10 | 0,9) 1,32 (0,43 | 10 | 0,5) 1,22 (0,27 | 10 | 0,8) 1,04 (0,25 | 9 | 0,67) 
P000853;0,39;0,1;64;0,61;Sim/B/B01;0,69;0,28;10;0,5;Sim/C/C03 Sim/C/C02 Sim/C/C01 Sim/A/A04 Sim/A/A02 ;0,38 (0,24 | 3 | 0,33) 0,28 (0,28 | 10 | 0,5) 0,16 (0,26 | 10 | 0,8) -0,05 (0,22 | 4 | 0,5) -0,08 (0,3 | 10 | 0,7) 
P000854;-2,46;0,16;26;0,15;;;;;;Sim/A/A06 Sim/A/A04 Sim/B/B01 Sim/A/A02 ;-2,46 (1,18 | 5 | 0) -2,46 (1,11 | 5 | 0) -2,47 (1,21 | 5 | 0) -2,48 (0,23 | 7 | 0,29) 
P000855;-1,34;0,11;51;0,18;Sim/C/C02;-1,1;0,33;10;0,2;Sim/A/A04 Sim/A/A07 Sim/B/B01 Sim/C/C03 Sim/A/A06 ;-1,44 (0,25 | 4 | 0,25) -1,7 (0,99 | 6 | 0,17) -1,79 (0,46 | 10 | 0,1) -1,89 (1,27 | 5 | 0) -1,93 (0,65 | 8 | 0) 
P000856;3,35;0,1;57;0,46;Sim/C/C08;3,74;0,33;10;0,1;Sim/B/B04 Sim/C/C04 ;3,03 (0,19 | 6 | 0,5) 2,05 (0,73 | 6 | 0) 
P000857;-0,54;0,08;56;0,36;Sim/B/B01;-0,18;0,25;5;0,4;Sim/B/B03 Sim/A/A02 Sim/A/A06 Sim/C/C02 Sim/C/C01 ;-0,54 (1,07 | 5 | 0) -0,55 (0,24 | 8 | 0,5) -0,68 (0,17 | 7 | 0,57) -0,78 (0,25 | 4 | 0,25) -0,78 (0,2 | 6 | 0,33) 
P000858;-0,17;0,08;73;0,59;Sim/A/A04;0,42;0,26;10;0,7;Sim/C/C02 Sim/B/B02 Sim/C/C03 Sim/B/B01 ;-0,46 (0,23 | 5 | 0,4) -0,48 (0,24 | 9 | 0,22) -1,02 (0,53 | 6 | 0,17) -1,13 (0,29 | 10 | 0,3) 
P000859;-5,08;0,36;31;0,03;Sim/A/A01;-4,89;0,33;10;0,1;Sim/B/B02 Sim/B/B01 Sim/A/A06 Sim/A/A03 ;-5,08 (214321,78 | 1 | 0) -5,09 (6,14 | 5 | 0) -5,09 (4,1 | 5 | 0) -5,19 (0,74 | 5 | 0) 
P000860;1,67;0,18;40;0,7;Sim/B/B03;1,76;0,33;10;0,8;Sim/C/C10 Sim/C/C04 Sim/C/C07 Sim/B/B04 Sim/B/B02 ;1,67 (2,74 | 1 | 0) 1,67 (2,2 | 1 | 0) 1,67 (1,75 | 1 | 0) 1,61 (2 | 2 | 0) 0,88 (0,29 | 10 | 0,5) 
P000861;-1,02;0,08;59;0,31;Sim/C/C03;-0,57;0,33;10;0,2;Sim/C/C01 Sim/A/A07 Sim/B/B01 ;-1,15 (0,23 | 8 | 0,38) -1,62 (0,98 | 5 | 0) -2,51 (1,12 | 8 | 0) 
P000862;-3,64;0,17;35;0,23;Sim/A/A01;-3,47;0,25;7;0,57;Sim/B/B02 Sim/B/B01 Sim/A/A06 Sim/A/A02 Sim/A/A03 ;-3,64 (2988,61 | 1 | 0) -3,65 (4,11 | 5 | 0) -3,65 (2,52 | 5 | 0) -3,65 (1,19 | 5 | 0) -3,83 (0,23 | 5 | 0,6) 
P000863;-3,29;0,19;38;0,37;;;;;;Sim/B/B02 Sim/B/B01 Sim/A/A06 Sim/A/A02 Sim/A/A01 Sim/A/A05 ;-3,29 (1047,6 | 1 | 0) -3,29 (3,34 | 5 | 0) -3,3 (2,05 | 5 | 0) -3,31 (0,63 | 5 | 0) -3,33 (0,27 | 10 | 0,7) -3,92 (1,05 | 6 | 0,17) 
P000864;1,08;0,11;60;0,73;Sim/C/C03;1,44;0,35;10;0,9;Sim/B/B04 Sim/C/C02 Sim/B/B02 Sim/B/B01 ;1,08 (27,07 | 1 | 0) 0,91 (0,3 | 10 | 0,8) 0,82 (0,27 | 10 | 0,5) 0,72 (0,28 | 10 | 0,6) 
P000865;-0,9;0,08;53;0,36;Sim/A/A04;-0,73;0,24;5;0,6;Sim/B/B01 Sim/A/A02 Sim/A/A06 ;-1,1 (0,29 | 10 | 0,4) -1,13 (0,23 | 6 | 0,5) -1,23 (0,23 | 5 | 0,2) 
P000866;1;0,11;53;0,75;Sim/C/C03;1,27;0,29;10;0,8;Sim/B/B01 Sim/A/A02 Sim/C/C02 Sim/B/B02 ;0,99 (0,24 | 7 | 0,57) 0,83 (0,39 | 10 | 0,9) 0,81 (0,3 | 10 | 0,8) 0,49 (0,23 | 6 | 0,5) 
P000867;-2,33;0,16;25;0,2;Sim/A/A02;-2,2;0,24;6;0,5;Sim/A/A06 Sim/A/A04 Sim/B/B01 Sim/A/A05 ;-2,34 (1,08 | 5 | 0) -2,34 (0,95 | 5 | 0) -2,34 (1,03 | 5 | 0) -2,37 (0,23 | 4 | 0,5) 
P000868;3,37;0,09;64;0,58;Sim/C/C05;4,1;0,27;10;0,7;Sim/C/C07 Sim/C/C10 Sim/B/B04 Sim/B/B02 ;3,19 (0,23 | 4 | 0,5) 2,77 (0,3 | 10 | 0,2) 2,64 (0,22 | 6 | 0,33) 2,36 (0,32 | 10 | 0,6) 
P000869;0,11;0,09;67;0,69;Sim/C/C02;0,56;0,3;10;0,7;Sim/A/A04 Sim/C/C01 Sim/B/B02 Sim/B/B01 Sim/A/A02 ;0,08 (0,22 | 4 | 0,5) 0,02 (0,23 | 9 | 0,67) 0 (0,22 | 5 | 0,6) -0,21 (0,25 | 5 | 0,6) -0,24 (0,27 | 10 | 0,7) 
P000870;2,18;0,18;66;0,38;Sim/C/C05;2,89;0,23;7;0,29;Sim/C/C04 Sim/C/C10 Sim/B/B02 Sim/B/B03 ;2,05 (0,73 | 5 | 0) 1,98 (1,02 | 8 | 0,13) 1,87 (0,32 | 10 | 0,5) 1,54 (0,25 | 9 | 0,67) 
P000871;2,78;0,12;49;0,47;;;;;;Sim/C/C06 Sim/C/C04 Sim/C/C05 Sim/B/B02 ;2,77 (0,9 | 5 | 0) 2,29 (0,58 | 5 | 0,2) 2,12 (0,9 | 7 | 0,14) 2,05 (0,3 | 10 | 0,5) 
P000872;0,58;0,1;52;0,56;Sim/B/B02;1,18;0,39;10;0,5;Sim/B/B03 Sim/A/A02 Sim/C/C02 ;0,45 (0,24 | 7 | 0,29) 0,24 (0,34 | 10 | 0,8) -0,11 (0,24 | 7 | 0,43) 
P000873;2,43;0,19;33;0,45;;;;;;Sim/C/C06 Sim/C/C10 Sim/C/C04 Sim/B/B04 ;2,43 (5,82 | 1 | 0) 2,39 (0,61 | 5 | 0) 2,05 (0,73 | 5 | 0) 2 (0,73 | 6 | 0,17) 
P000874;-5,43;0,59;31;0,03;;;;;;Sim/B/B02 Sim/B/B01 Sim/A/A06 Sim/A/A01 ;-5,43 (593323,84 | 1 | 0) -5,44 (7,48 | 5 | 0) -5,44 (4,9 | 5 | 0) -5,54 (1,06 | 5 | 0) 
P000875;-2,1;0,15;32;0,25;Sim/A/A04;-1,92;0,42;10;0,1;Sim/A/A06 Sim/B/B01 Sim/A/A02 ;-2,1 (0,9 | 5 | 0) -2,12 (0,77 | 5 | 0) -2,2 (0,24 | 6 | 0,5) 
P000876;2,89;0,11;52;0,48;Sim/C/C10;3,13;0,19;5;0,4;Sim/C/C06 Sim/C/C04 Sim/B/B04 ;2,86 (0,67 | 7 | 0) 2,72 (0,36 | 10 | 0,4) 2,01 (0,74 | 5 | 0,2) 
P000877;2,55;0,14;66;0,45;Sim/C/C04;2,71;0,37;10;0,4;Sim/B/B02 Sim/B/B04 ;2,44 (0,33 | 10 | 0,7) 1,9 (0,79 | 5 | 0,2) 
P000878;3,41;0,09;76;0,46;Sim/C/C10;3,77;0,24;5;0,6;Sim/C/C07 Sim/C/C08 Sim/C/C06 Sim/B/B02 ;3,4 (0,23 | 4 | 0,5) 3,39 (0,52 | 9 | 0,11) 3,38 (0,25 | 9 | 0) 2,18 (0,3 | 10 | 0,5) 
P000879;3,7;0,09;68;0,49;Sim/C/C04;3,9;0,25;7;0,43;Sim/C/C08 Sim/C/C07 Sim/C/C09 Sim/B/B02 Sim/B/B03 ;3,67 (0,35 | 10 | 0) 3,57 (0,21 | 5 | 0,4) 3,29 (0,68 | 8 | 0) 3,26 (0,79 | 5 | 0,8) 2,55 (1,2 | 5 | 0,8) 
P000880;-4,73;0,19;30;0,07;;;;;;Sim/B/B02 Sim/B/B01 Sim/A/A06 Sim/A/A03 ;-4,73 (74092,74 | 1 | 0) -4,73 (5,6 | 5 | 0) -4,73 (3,72 | 5 | 0) -5,41 (0,87 | 10 | 0) 
P000881;3,38;0,1;59;0,46;Sim/C/C05;4,01;0,24;7;0,57;Sim/B/B02 Sim/C/C04 Sim/C/C10 Sim/B/B04 Sim/B/B01 ;3,3 (0,83 | 5 | 0,8) 3,18 (0,27 | 10 | 0,4) 3,17 (0,22 | 3 | 0,33) 2,89 (0,2 | 5 | 0,4) 2,39 (0,78 | 5 | 0,8) 
P000882;-0,02;0,08;80;0,54;Sim/B/B03;0,38;0,25;9;0,11;Sim/B/B01 Sim/A/A06 Sim/B/B02 Sim/A/A02 ;-0,09 (0,24 | 6 | 0,5) -0,22 (0,33 | 10 | 0,7) -0,25 (0,21 | 6 | 0,33) -0,54 (0,25 | 8 | 0,5) 
P000883;5,97;0,77;41;1;;;;;;;
P000884;4,86;0,13;50;0,86;Sim/C/C09;5,06;0,27;10;0,8;Sim/C/C06 Sim/C/C10 ;4,62 (0,31 | 10 | 0,9) 4,35 (0,31 | 10 | 0,8) 
P000885;-0,41;0,08;61;0,49;Sim/C/C02;0,08;0,25;10;0,5;Sim/A/A06 Sim/A/A07 Sim/C/C01 Sim/A/A04 Sim/C/C03 ;-0,49 (0,25 | 4 | 0,75) -0,51 (0,16 | 9 | 0,44) -0,54 (0,21 | 5 | 0,4) -0,68 (0,25 | 6 | 0,5) -1,3 (0,77 | 5 | 0,2) 
P000886;-2,09;0,15;32;0,25;Sim/A/A04;-1,92;0,42;10;0,1;Sim/A/A06 Sim/B/B01 Sim/A/A02 ;-2,09 (0,88 | 5 | 0) -2,1 (0,75 | 5 | 0) -2,2 (0,24 | 6 | 0,5) 
P000887;1,77;0,21;34;0,71;Sim/B/B02;2,31;0,31;10;0,8;Sim/C/C10 Sim/C/C04 Sim/C/C07 Sim/B/B04 Sim/B/B01 Sim/B/B03 ;1,77 (2,35 | 1 | 0) 1,77 (1,92 | 1 | 0) 1,76 (1,6 | 1 | 0) 1,73 (1,8 | 1 | 0) 1,52 (0,34 | 10 | 0,7) 1,39 (0,23 | 5 | 0,8) 
P000888;0,06;0,09;81;0,58;Sim/C/C01;0,66;0,48;10;0,9;Sim/A/A04 Sim/C/C03 Sim/C/C02 Sim/A/A06 ;-0,27 (0,23 | 6 | 0,5) -0,3 (0,32 | 10 | 0,3) -0,31 (0,25 | 4 | 0,5) -0,65 (0,22 | 3 | 0,67) 
P000889;-2,9;0,16;37;0,32;Sim/A/A02;-2,65;0,24;7;0,29;Sim/B/B02 Sim/B/B01 Sim/A/A06 Sim/A/A01 Sim/A/A05 ;-2,9 (324,25 | 1 | 0) -2,9 (2,32 | 5 | 0) -2,9 (1,59 | 5 | 0) -2,98 (0,37 | 10 | 0,7) -3,02 (0,24 | 9 | 0,33) 
P000890;1,89;0,2;38;0,58;Sim/B/B02;1,9;0,32;10;0,5;Sim/C/C10 Sim/C/C04 Sim/C/C07 Sim/B/B04 Sim/B/B03 ;1,89 (1,94 | 1 | 0) 1,89 (1,62 | 1 | 0) 1,88 (1,43 | 1 | 0) 1,86 (0,79 | 5 | 0) 1,77 (0,34 | 10 | 0,8) 
P000891;2,52;0,15;58;0,33;Sim/C/C07;2,74;0,28;10;0,2;Sim/B/B01 Sim/C/C05 Sim/C/C10 Sim/B/B04 ;2,39 (0,78 | 5 | 0,8) 2,09 (0,9 | 8 | 0) 2,05 (1,01 | 7 | 0) 2 (0,73 | 6 | 0) 
P000892;0,71;0,1;64;0,58;Sim/B/B02;1,51;0,43;10;0,5;Sim/A/A04 Sim/C/C02 Sim/B/B03 ;0,52 (0,31 | 10 | 0,8) 0,37 (0,28 | 10 | 0,6) 0,29 (0,27 | 10 | 0) 
P000893;5,97;0,77;41;0,98;;;;;;Sim/B/B02 ;3,26 (0,79 | 5 | 0,8) 
P000894;-0,35;0,08;68;0,37;Sim/B/B01;0,15;0,25;9;0,44;Sim/C/C01 Sim/B/B02 Sim/A/A07 ;-0,37 (0,22 | 4 | 0,5) -0,88 (0,48 | 10 | 0,1) -0,93 (0,23 | 6 | 0,17) 
P000895;-2,02;0,15;33;0,15;Sim/A/A04;-1,92;0,42;10;0,1;Sim/C/C02 Sim/B/B01 Sim/C/C01 Sim/A/A05 ;-2,03 (1,81 | 1 | 0) -2,04 (0,7 | 5 | 0) -2,04 (0,69 | 4 | 0) -2,09 (0,24 | 4 | 0,5) 
P000896;2,01;0,2;48;0,67;Sim/B/B02;2,41;0,32;10;0,8;Sim/C/C10 Sim/C/C04 Sim/B/B04 Sim/B/B01 Sim/C/C03 ;2 (5,1 | 1 | 0) 1,97 (0,79 | 5 | 0) 1,9 (0,79 | 5 | 0) 1,66 (0,38 | 10 | 0,8) 1,44 (0,35 | 10 | 0,9) 
P000897;-4,31;0,16;24;0,13;Sim/A/A01;-4,27;0,23;5;0,4;Sim/B/B02 Sim/A/A02 Sim/B/B01 Sim/A/A06 Sim/A/A03 ;-4,31 (21599,41 | 1 | 0) -4,31 (3,03 | 5 | 0) -4,31 (5,01 | 5 | 0) -4,32 (3,31 | 5 | 0) -4,34 (0,24 | 3 | 0,33) 
P000898;-0,2;0,09;62;0,5;Sim/A/A02;0,83;0,39;10;0,9;Sim/B/B03 Sim/B/B02 Sim/A/A07 Sim/C/C02 ;-0,2 (0,69 | 5 | 0) -0,37 (0,23 | 5 | 0,2) -0,63 (0,2 | 5 | 0,4) -0,86 (0,26 | 10 | 0,1) 
P000899;-2,43;0,16;29;0,21;Sim/A/A02;-2,2;0,24;6;0,5;Sim/A/A04 Sim/B/B01 Sim/A/A05 ;-2,44 (1,08 | 5 | 0) -2,44 (1,17 | 5 | 0) -2,61 (0,22 | 5 | 0,4) 
P000900;0,61;0,1;59;0,63;Sim/A/A02;0,83;0,39;10;0,9;Sim/A/A04 Sim/B/B03 Sim/C/C02 Sim/B/B01 ;0,59 (0,34 | 10 | 0,8) 0,53 (0,23 | 6 | 0,33) 0,53 (0,29 | 10 | 0,6) 0,31 (0,28 | 10 | 0,5) 
P000901;-0,44;0,08;71;0,48;Sim/A/A02;0,24;0,34;10;0,8;Sim/B/B03 Sim/A/A06 Sim/C/C03 Sim/A/A04 Sim/C/C01 Sim/C/C02 Sim/B/B01 ;-0,44 (0,93 | 5 | 0) -0,48 (0,24 | 6 | 0,67) -0,64 (0,34 | 10 | 0,2) -0,68 (0,25 | 6 | 0,5) -0,71 (0,2 | 5 | 0,4) -0,78 (0,25 | 4 | 0,25) -0,94 (0,28 | 10 | 0,4) 
P000902;-0,78;0,09;53;0,34;Sim/B/B01;-0,32;0,25;6;0,5;Sim/C/C03 Sim/A/A04 Sim/A/A02 Sim/C/C02 ;-1,03 (0,53 | 6 | 0,17) -1,15 (0,2 | 5 | 0,4) -1,26 (0,25 | 4 | 0,25) -1,68 (0,94 | 5 | 0,2) 
P000903;-2,09;0,16;31;0,26;Sim/B/B01;-1,43;0,33;10;0,2;Sim/A/A06 Sim/A/A04 Sim/A/A02 ;-2,11 (0,91 | 5 | 0) -2,11 (0,67 | 5 | 0) -2,2 (0,24 | 6 | 0,5) 
P000904;-4,58;0,16;31;0,16;Sim/A/A01;-4,44;0,23;5;0,4;Sim/B/B02 Sim/B/B01 Sim/A/A06 Sim/A/A03 ;-4,58 (48664,1 | 1 | 0) -4,59 (5,39 | 5 | 0) -4,59 (3,57 | 5 | 0) -4,74 (0,28 | 10 | 0,3) 
P000905;0,57;0,1;55;0,65;Sim/B/B01;1,07;0,24;7;0,57;Sim/B/B02 Sim/C/C01 Sim/C/C03 Sim/C/C02 Sim/A/A04 ;0,51 (0,23 | 6 | 0,5) 0,45 (0,38 | 10 | 0,8) 0,32 (0,23 | 4 | 0,25) 0,29 (0,28 | 10 | 0,6) 0,24 (0,24 | 4 | 0,75) 
P000906;3,31;0,09;76;0,46;Sim/C/C10;3,81;0,23;5;0,6;Sim/C/C09 Sim/C/C04 Sim/C/C07 Sim/C/C05 Sim/B/B02 Sim/B/B03 ;3,3 (0,74 | 5 | 0) 3,26 (0,26 | 10 | 0,4) 3,13 (0,24 | 5 | 0,4) 3,03 (0,21 | 7 | 0,29) 2,84 (0,43 | 10 | 0,9) 2,23 (0,89 | 5 | 0,8) 
P000907;3,28;0,1;66;0,53;Sim/C/C10;3,33;0,18;5;0,6;Sim/C/C09 Sim/C/C07 Sim/C/C04 Sim/B/B01 ;3,27 (0,78 | 5 | 0) 2,72 (0,29 | 10 | 0,3) 2,05 (0,73 | 6 | 0) 1,8 (0,43 | 10 | 0,9) 
P000908;-1,67;0,14;58;0,22;Sim/B/B01;-0,96;0,29;10;0,4;Sim/B/B02 Sim/C/C03 Sim/C/C02 Sim/A/A06 Sim/A/A04 Sim/A/A05 ;-1,67 (1,85 | 5 | 0) -1,84 (1,59 | 1 | 0) -1,85 (1,69 | 1 | 0) -1,92 (0,65 | 7 | 0,14) -2,06 (0,59 | 7 | 0,14) -2,15 (0,25 | 3 | 0,67) 
P000909;-4,31;0,14;29;0,21;Sim/A/A01;-4,27;0,23;5;0,4;Sim/B/B02 Sim/A/A02 Sim/B/B01 Sim/A/A03 ;-4,31 (21459,5 | 1 | 0) -4,31 (3,02 | 5 | 0) -4,31 (5 | 5 | 0) -4,36 (0,19 | 7 | 0,43) 
P000910;0,97;0,11;56;0,73;Sim/C/C02;1,33;0,43;10;0,9;Sim/B/B02 Sim/A/A04 Sim/B/B03 Sim/C/C03 ;0,94 (0,32 | 10 | 0,5) 0,92 (0,63 | 5 | 0,8) 0,89 (0,23 | 4 | 0,5) 0,58 (0,19 | 5 | 0,6) 
P000911;1,6;0,18;39;0,67;Sim/C/C03;1,65;0,47;8;1;Sim/C/C10 Sim/C/C04 Sim/C/C07 Sim/B/B04 Sim/B/B01 Sim/B/B02 ;1,6 (3,08 | 1 | 0) 1,6 (2,44 | 1 | 0) 1,59 (1,88 | 1 | 0) 1,53 (7,13 | 1 | 0) 1,33 (0,28 | 10 | 0,7) 1,18 (0,39 | 10 | 0,5) 
P000912;-5,65;0,88;26;0;;;;;;;
P000913;2,06;0,19;60;0,43;Sim/C/C04;2,83;0,34;10;0,3;Sim/C/C05 Sim/C/C10 Sim/B/B02 Sim/C/C07 Sim/B/B04 Sim/B/B01 ;2,05 (1,05 | 6 | 0) 2,04 (0,99 | 5 | 0) 1,98 (0,3 | 10 | 0,6) 1,92 (0,84 | 6 | 0,17) 1,87 (0,77 | 5 | 0) 1,53 (0,34 | 10 | 0,8) 
P000914;-0,83;0,09;43;0,4;Sim/A/A04;-0,71;0,24;6;0,67;Sim/A/A02 Sim/B/B01 Sim/B/B02 Sim/C/C03 ;-1,15 (0,23 | 5 | 0,6) -1,65 (0,4 | 10 | 0,2) -1,66 (8,13 | 1 | 0) -1,89 (1,27 | 5 | 0) 
P000915;-0,73;0,08;55;0,36;Sim/C/C01;-0,65;0,18;6;0,5;Sim/A/A02 Sim/B/B02 Sim/A/A07 Sim/C/C03 ;-0,83 (0,24 | 7 | 0,43) -0,87 (0,46 | 10 | 0) -0,88 (0,24 | 4 | 0,25) -1,89 (1,27 | 5 | 0,2) 
P000916;-2,09;0,15;30;0,2;Sim/A/A02;-1,98;0,22;6;0,5;Sim/A/A05 Sim/A/A06 Sim/A/A04 Sim/B/B01 Sim/C/C01 ;-2,09 (0,24 | 4 | 0,5) -2,1 (0,89 | 5 | 0) -2,1 (0,66 | 5 | 0) -2,1 (0,75 | 5 | 0) -2,1 (0,74 | 4 | 0) 
P000917;2;0,21;37;0,62;Sim/B/B02;2,1;0,29;10;0,5;Sim/C/C10 Sim/C/C04 Sim/C/C07 Sim/B/B01 Sim/B/B04 ;2 (5,18 | 1 | 0) 1,99 (1,42 | 1 | 0) 1,99 (1,31 | 1 | 0) 1,8 (0,43 | 10 | 0,9) 1,76 (0,88 | 5 | 0,2) 
P000918;3,86;0,08;75;0,53;Sim/C/C04;4,11;0,25;9;0,56;Sim/C/C05 Sim/C/C10 Sim/C/C06 Sim/C/C08 Sim/B/B04 Sim/C/C09 ;3,84 (0,24 | 4 | 0,5) 3,8 (0,23 | 5 | 0,6) 3,74 (0,23 | 4 | 0,25) 3,73 (0,33 | 10 | 0,1) 3,62 (0,25 | 10 | 0,7) 3,3 (0,68 | 8 | 0) 
P000919;2,31;0,18;54;0,41;Sim/C/C10;2,55;0,44;10;0,2;Sim/C/C06 Sim/C/C05 Sim/C/C04 Sim/B/B04 Sim/C/C07 Sim/B/B01 ;2,31 (8,08 | 1 | 0) 2,29 (0,71 | 5 | 0) 2,15 (0,66 | 5 | 0) 2 (0,73 | 6 | 0,17) 1,92 (0,84 | 6 | 0) 1,8 (0,43 | 10 | 0,9) 
P000920;5,97;0,77;41;1;;;;;;;
P000921;1,51;0,16;46;0,72;Sim/B/B02;1,71;0,38;10;0,6;Sim/B/B04 Sim/C/C03 Sim/B/B03 Sim/C/C07 Sim/C/C02 ;1,51 (2,39 | 2 | 0) 1,44 (0,35 | 10 | 0,9) 1,41 (0,24 | 6 | 0,5) 1,25 (2,68 | 1 | 0) 1,02 (0,32 | 10 | 0,8) 
P000922;-2,84;0,17;35;0,29;;;;;;Sim/B/B02 Sim/B/B01 Sim/A/A06 Sim/A/A01 Sim/A/A02 ;-2,84 (272,13 | 1 | 0) -2,84 (2,15 | 5 | 0) -2,84 (1,53 | 5 | 0) -2,9 (0,39 | 10 | 0,8) -3,1 (0,39 | 10 | 0) 
P000923;-3,63;0,17;34;0,24;;;;;;Sim/B/B02 Sim/B/B01 Sim/A/A06 Sim/A/A02 Sim/A/A05 Sim/A/A01 ;-3,63 (2855,53 | 1 | 0) -3,63 (4,09 | 5 | 0) -3,63 (2,51 | 5 | 0) -3,64 (1,16 | 5 | 0) -3,66 (0,67 | 5 | 0) -3,72 (0,2 | 8 | 0,5) 
P000924;-3,1;0,17;47;0,34;Sim/A/A01;-2,59;0,5;10;0,8;Sim/B/B02 Sim/B/B01 Sim/A/A06 Sim/A/A02 Sim/A/A05 ;-3,1 (593,36 | 1 | 0) -3,1 (2,86 | 5 | 0) -3,1 (1,81 | 5 | 0) -3,15 (0,42 | 10 | 0) -3,4 (0,41 | 10 | 0,2) 
P000925;-2,17;0,15;33;0,27;Sim/B/B01;-1,71;0,42;10;0,2;Sim/A/A06 Sim/A/A04 Sim/A/A02 ;-2,18 (0,96 | 5 | 0) -2,18 (0,76 | 5 | 0) -2,2 (0,24 | 6 | 0,5) 
P000926;-0,96;0,09;48;0,35;Sim/C/C02;-0,63;0,22;5;0,4;Sim/A/A02 Sim/C/C03 Sim/B/B01 Sim/B/B02 Sim/A/A04 ;-0,99 (0,23 | 7 | 0,57) -1,03 (0,53 | 6 | 0,17) -1,14 (0,29 | 10 | 0,3) -1,15 (1,82 | 1 | 0) -1,45 (0,23 | 7 | 0,29) 
P000927;0,4;0,1;70;0,67;Sim/C/C01;0,66;0,48;10;0,9;Sim/C/C02 Sim/A/A02 Sim/B/B01 Sim/B/B02 Sim/A/A06 ;0,37 (0,28 | 10 | 0,6) 0,24 (0,34 | 10 | 0,8) 0,15 (0,25 | 9 | 0,56) 0,12 (0,25 | 4 | 0,5) 0,09 (0,6 | 6 | 0,83) 
P000928;-3,87;0,16;33;0,18;Sim/A/A01;-3,69;0,23;6;0,5;Sim/A/A02 Sim/A/A06 Sim/A/A05 Sim/A/A03 ;-3,88 (1,72 | 5 | 0) -3,88 (2,79 | 5 | 0) -3,89 (0,89 | 5 | 0) -4,1 (0,23 | 4 | 0,5) 
P000929;0,78;0,1;63;0,73;Sim/B/B01;1,23;0,26;10;0,8;Sim/B/B03 Sim/C/C02 Sim/B/B02 Sim/A/A04 Sim/A/A02 ;0,65 (0,21 | 5 | 0,4) 0,6 (0,29 | 10 | 0,7) 0,56 (0,23 | 7 | 0,43) 0,24 (0,24 | 4 | 0,75) 0,24 (0,34 | 10 | 0,8) 
P000930;-0,13;0,09;68;0,51;Sim/B/B02;0,18;0,23;5;0,6;Sim/B/B03 Sim/C/C03 Sim/C/C01 Sim/C/C02 ;-0,14 (0,55 | 7 | 0) -0,16 (0,3 | 10 | 0,3) -0,28 (0,2 | 6 | 0,5) -0,46 (0,24 | 4 | 0,5) 
P000931;0,17;0,09;75;0,56;Sim/B/B02;0,8;0,26;10;0,5;Sim/C/C02 Sim/B/B03 Sim/C/C01 Sim/B/B01 Sim/A/A02 ;0,12 (0,25 | 10 | 0,5) 0,06 (0,39 | 10 | 0,1) -0,09 (0,23 | 6 | 0,5) -0,37 (0,24 | 9 | 0,67) -0,72 (0,25 | 8 | 0,5) 
P000932;-2,06;0,15;35;0,26;Sim/A/A04;-1,92;0,42;10;0,1;Sim/B/B01 Sim/A/A02 ;-2,08 (0,73 | 5 | 0) -2,2 (0,24 | 6 | 0,5) 
P000933;0,87;0,12;42;0,57;Sim/B/B02;1,77;0,35;10;0,5;Sim/B/B04 Sim/B/B01 Sim/C/C03 ;0,87 (49,99 | 1 | 0) 0,57 (0,3 | 10 | 0,5) 0,32 (0,19 | 10 | 0,5) 
P000934;-5,65;0,88;26;0;;;;;;;
P000935;-2,73;0,15;31;0,29;;;;;;Sim/B/B02 Sim/B/B01 Sim/A/A06 Sim/A/A02 ;-2,73 (200,5 | 1 | 0) -2,74 (1,89 | 5 | 0) -2,74 (1,43 | 5 | 0) -2,94 (0,31 | 10 | 0,2) 
P000936;5,47;0,3;42;0,93;;;;;;Sim/C/C09 Sim/B/B01 ;5,22 (0,35 | 10 | 0,8) 2,35 (0,78 | 5 | 0,8) 
P000937;-2,6;0,16;26;0,15;Sim/A/A02;-1,99;0,23;5;0,4;Sim/B/B01 Sim/A/A04 Sim/A/A05 ;-2,61 (1,42 | 5 | 0) -2,61 (1,29 | 5 | 0) -2,93 (0,23 | 6 | 0,17) 
P000938;2,97;0,11;73;0,41;Sim/C/C06;3,15;0,36;10;0,2;Sim/C/C09 Sim/C/C04 Sim/B/B02 Sim/C/C05 ;2,96 (1,09 | 5 | 0) 2,95 (0,31 | 10 | 0,3) 2,51 (0,34 | 10 | 0,8) 2,18 (0,88 | 7 | 0) 
P000939;-2,62;0,14;36;0,36;Sim/A/A02;-2,3;0,22;9;0,44;Sim/B/B02 Sim/B/B01 Sim/A/A06 Sim/A/A05 ;-2,62 (142,81 | 1 | 0) -2,62 (1,62 | 5 | 0) -2,63 (1,32 | 5 | 0) -2,89 (0,21 | 9 | 0,33) 
P000940;-1,3;0,11;54;0,26;Sim/C/C01;-1,09;0,2;10;0,4;Sim/B/B02 Sim/A/A02 Sim/A/A06 Sim/A/A07 ;-1,3 (2,85 | 1 | 0) -1,54 (0,24 | 6 | 0,5) -1,92 (0,65 | 7 | 0) -1,94 (1,26 | 7 | 0) 
P000941;-1,37;0,11;54;0,24;Sim/C/C02;-1,3;0,45;10;0,3;Sim/B/B01 Sim/B/B02 Sim/A/A04 Sim/A/A02 Sim/C/C03 Sim/A/A07 ;-1,4 (0,32 | 10 | 0,3) -1,4 (3,81 | 1 | 0) -1,44 (0,25 | 4 | 0,25) -1,54 (0,24 | 6 | 0,5) -1,89 (1,27 | 5 | 0) -1,94 (1,26 | 7 | 0) 
P000942;0,31;0,1;54;0,56;Sim/A/A02;0,83;0,39;10;0,9;Sim/A/A04 Sim/B/B02 Sim/B/B03 Sim/C/C02 ;0,17 (0,24 | 3 | 0,67) 0,16 (0,2 | 6 | 0,5) 0,12 (0,35 | 10 | 0,1) -0,12 (0,25 | 6 | 0,5) 
P000943;2,84;0,11;66;0,45;Sim/C/C04;3,28;0,26;10;0,5;Sim/C/C06 Sim/B/B04 Sim/C/C10 Sim/C/C07 Sim/B/B02 ;2,83 (0,81 | 5 | 0) 2,8 (0,22 | 4 | 0,5) 2,78 (0,3 | 10 | 0,2) 2,72 (0,29 | 10 | 0,2) 2,47 (0,33 | 10 | 0,7) 
P000944;-0,92;0,09;53;0,4;Sim/A/A04;-0,56;0,24;9;0,56;Sim/A/A02 Sim/A/A07 Sim/C/C02 Sim/B/B01 ;-1,02 (0,23 | 6 | 0,67) -1,62 (0,97 | 5 | 0,2) -1,68 (0,94 | 5 | 0,2) -1,71 (0,42 | 10 | 0,2) 
P000945;2,44;0,19;33;0,48;;;;;;Sim/C/C06 Sim/C/C10 Sim/B/B01 Sim/C/C04 Sim/B/B04 ;2,44 (5,64 | 1 | 0) 2,4 (0,6 | 5 | 0) 2,39 (0,78 | 5 | 0,8) 2,05 (0,73 | 5 | 0) 2 (0,73 | 6 | 0,17) 
P000946;-0,06;0,09;77;0,55;Sim/C/C02;0,55;0,3;10;0,6;Sim/C/C01 Sim/B/B02 Sim/A/A04 Sim/A/A02 ;-0,09 (0,23 | 6 | 0,5) -0,32 (0,25 | 4 | 0,25) -0,59 (0,25 | 7 | 0,43) -0,65 (0,24 | 7 | 0,57) 
P000947;-5,43;0,59;31;0,03;;;;;;Sim/B/B02 Sim/B/B01 Sim/A/A06 Sim/A/A01 ;-5,43 (593323,84 | 1 | 0) -5,44 (7,48 | 5 | 0) -5,44 (4,9 | 5 | 0) -5,54 (1,06 | 5 | 0) 
P000948;0,25;0,09;74;0,47;Sim/B/B02;0,79;0,26;10;0,5;Sim/B/B01 Sim/C/C03 Sim/C/C02 Sim/C/C01 ;0,14 (0,24 | 10 | 0,4) 0,13 (0,23 | 9 | 0,44) 0,04 (0,25 | 9 | 0,44) -0,08 (0,23 | 6 | 0,5) 
P000949;-5,65;0,88;26;0;;;;;;;
P000950;1,22;0,13;45;0,67;Sim/B/B03;1,44;0,23;9;0,67;Sim/B/B04 Sim/C/C03 Sim/B/B02 ;1,22 (17,97 | 1 | 0) 0,89 (0,24 | 5 | 0,6) 0,82 (0,27 | 10 | 0,5) 
P000951;1,48;0,16;43;0,67;Sim/B/B02;1,62;0,4;10;0,5;Sim/B/B04 Sim/C/C07 Sim/C/C04 Sim/C/C03 Sim/B/B01 ;1,48 (8,27 | 1 | 0) 1,45 (2,18 | 1 | 0) 1,44 (1,83 | 2 | 0) 1,36 (0,32 | 10 | 0,9) 1,07 (0,24 | 7 | 0,57) 
P000952;-0,4;0,08;59;0,47;Sim/B/B01;-0,21;0,25;5;0,6;Sim/C/C01 Sim/A/A04 Sim/B/B02 Sim/A/A02 ;-0,43 (0,24 | 4 | 0,5) -0,59 (0,25 | 7 | 0,43) -0,63 (0,29 | 10 | 0,1) -0,65 (0,24 | 7 | 0,57) 
P000953;-0,37;0,09;72;0,44;Sim/B/B01;0,44;0,3;10;0,5;Sim/C/C03 Sim/C/C02 Sim/A/A07 Sim/A/A04 Sim/A/A06 ;-0,41 (0,32 | 10 | 0,2) -0,46 (0,24 | 4 | 0,5) -0,55 (0,25 | 2 | 0,5) -0,9 (0,19 | 7 | 0,43) -0,99 (0,18 | 5 | 0,4) 
P000954;-2,72;0,15;36;0,31;Sim/A/A05;-2,34;0,22;5;0,6;Sim/B/B02 Sim/B/B01 Sim/A/A06 Sim/A/A01 Sim/A/A02 ;-2,72 (191,66 | 1 | 0) -2,72 (1,85 | 5 | 0) -2,73 (1,41 | 5 | 0) -2,91 (0,39 | 10 | 0,8) -3,1 (0,39 | 10 | 0) 
P000955;0,22;0,09;69;0,55;Sim/C/C02;0,99;0,32;10;0,8;Sim/A/A04 Sim/B/B03 Sim/C/C03 Sim/A/A07 ;0,17 (0,24 | 3 | 0,67) 0,13 (0,35 | 10 | 0,1) -0,03 (0,28 | 10 | 0,3) -0,45 (0,18 | 6 | 0,5) 
P000956;1,92;0,22;30;0,63;;;;;;Sim/C/C10 Sim/C/C04 Sim/C/C07 Sim/B/B04 Sim/B/B02 ;1,92 (1,86 | 1 | 0) 1,92 (1,57 | 1 | 0) 1,91 (1,39 | 1 | 0) 1,91 (1,18 | 2 | 0) 1,51 (0,43 | 10 | 0,5) 
P000957;-4,65;0,18;35;0,14;Sim/A/A02;-3,24;0,48;10;0,1;Sim/B/B02 Sim/B/B01 Sim/A/A01 ;-4,65 (58556,66 | 1 | 0) -4,65 (5,48 | 5 | 0) -4,86 (0,31 | 10 | 0,2) 
P000958;-0,32;0,08;69;0,51;Sim/A/A02;-0,09;0,3;10;0,7;Sim/B/B03 Sim/A/A04 Sim/A/A07 Sim/C/C03 Sim/C/C02 Sim/B/B01 ;-0,32 (0,79 | 5 | 0) -0,33 (0,25 | 6 | 0,5) -0,38 (0,2 | 6 | 0,5) -0,4 (0,32 | 10 | 0,4) -0,46 (0,24 | 4 | 0,5) -0,54 (0,25 | 9 | 0,44) 
P000959;4,46;0,1;60;0,78;Sim/C/C06;4,62;0,31;10;0,9;Sim/C/C09 Sim/C/C10 Sim/B/B01 ;4,35 (0,2 | 5 | 0,4) 4,19 (0,26 | 10 | 0,8) 2,19 (0,74 | 5 | 0,8) 
P000960;5,97;0,77;41;1;;;;;;;
P000961;-3,22;0,21;34;0,26;Sim/A/A01;-2,9;0,39;10;0,8;Sim/B/B02 Sim/B/B01 Sim/A/A02 Sim/A/A05 ;-3,22 (853,27 | 1 | 0) -3,23 (3,16 | 5 | 0) -3,26 (0,54 | 6 | 0) -3,92 (1,05 | 6 | 0) 
P000962;2,2;0,21;39;0,59;Sim/B/B02;2,51;0,34;10;0,8;Sim/C/C10 Sim/C/C04 Sim/C/C07 Sim/B/B04 Sim/B/B01 ;2,2 (2,89 | 1 | 0) 2,19 (1,11 | 1 | 0) 2,16 (0,68 | 5 | 0) 1,9 (0,79 | 5 | 0) 1,89 (0,46 | 10 | 0,8) 
P000963;5,97;0,77;41;1;;;;;;;
P000964;-0,07;0,09;64;0,45;Sim/C/C03;0,44;0,19;6;0,5;Sim/B/B03 Sim/A/A04 Sim/A/A07 Sim/C/C02 Sim/C/C01 Sim/B/B02 ;-0,08 (0,48 | 10 | 0) -0,13 (0,24 | 3 | 0,33) -0,13 (0,24 | 9 | 0,56) -0,29 (0,23 | 5 | 0,6) -0,3 (0,22 | 4 | 0,5) -0,32 (0,22 | 7 | 0,29) 
P000965;4,43;0,11;56;0,79;Sim/C/C10;4,63;0,42;10;0,9;Sim/C/C06 Sim/C/C04 Sim/B/B02 Sim/C/C05 ;4,27 (0,21 | 5 | 0,8) 4,06 (0,24 | 10 | 0,5) 4,03 (1,72 | 5 | 0,8) 3,9 (0,24 | 5 | 0,6) 
P000966;2,63;0,13;63;0,38;Sim/C/C04;3,14;0,29;10;0,4;Sim/C/C06 Sim/B/B02 Sim/C/C10 Sim/B/B04 ;2,62 (1,08 | 5 | 0) 2,44 (0,33 | 10 | 0,7) 2,05 (1,01 | 7 | 0) 1,76 (0,86 | 7 | 0) 
P000967;-0,18;0,08;73;0,55;Sim/C/C03;0,14;0,24;8;0,5;Sim/B/B03 Sim/B/B01 Sim/A/A04 Sim/A/A06 ;-0,18 (0,66 | 5 | 0) -0,45 (0,24 | 9 | 0,56) -0,57 (0,24 | 7 | 0,57) -0,58 (0,22 | 4 | 0,75) 
P000968;5,97;0,77;41;1;;;;;;;
P000969;-5,22;0,44;31;0,06;Sim/A/A03;-4,95;0,41;10;0,2;Sim/B/B02 Sim/B/B01 Sim/A/A06 Sim/A/A01 ;-5,22 (324679,72 | 1 | 0) -5,23 (7,21 | 5 | 0) -5,23 (4,69 | 5 | 0) -5,33 (0,76 | 5 | 0) 
P000970;5,09;0,18;38;0,89;Sim/C/C09;5,22;0,35;10;0,8;Sim/C/C08 Sim/B/B03 ;4,96 (0,22 | 3 | 0,67) 3,39 (2,16 | 5 | 0,8) 
P000971;2,95;0,11;52;0,42;Sim/B/B04;3,43;0,23;5;0,6;Sim/C/C10 Sim/C/C06 Sim/B/B03 Sim/B/B01 Sim/C/C05 Sim/C/C07 ;2,94 (0,24 | 5 | 0,4) 2,73 (0,94 | 5 | 0) 2,55 (1,2 | 5 | 0,8) 2,39 (0,78 | 5 | 0,8) 2,12 (0,9 | 7 | 0,14) 2,1 (0,83 | 5 | 0,2) 
P000972;-0,31;0,08;60;0,58;Sim/C/C03;-0,04;0,27;10;0,4;Sim/A/A04 Sim/C/C01 Sim/A/A06 Sim/B/B01 Sim/C/C02 ;-0,33 (0,25 | 6 | 0,5) -0,37 (0,22 | 4 | 0,5) -0,46 (0,23 | 7 | 0,71) -0,48 (0,25 | 9 | 0,56) -0,78 (0,25 | 4 | 0,25) 
P000973;0,09;0,09;68;0,5;Sim/C/C01;0,45;0,38;10;0,8;Sim/B/B03 Sim/B/B02 Sim/A/A07 Sim/A/A02 ;0,01 (0,42 | 10 | 0) -0,12 (0,23 | 5 | 0,4) -0,27 (0,21 | 7 | 0,57) -0,32 (0,26 | 10 | 0,6) 
P000974;-2,66;0,16;26;0,15;Sim/A/A05;-2,47;0,22;5;0,6;Sim/B/B02 Sim/B/B01 Sim/A/A06 Sim/A/A02 ;-2,66 (158,38 | 1 | 0) -2,66 (1,7 | 5 | 0) -2,66 (1,36 | 5 | 0) -2,87 (0,28 | 10 | 0,1) 
P000975;-5,65;0,88;26;0;;;;;;;
P000976;0,59;0,1;64;0,69;Sim/C/C02;1,33;0,43;10;0,9;Sim/B/B02 Sim/C/C03 Sim/A/A02 Sim/A/A04 ;0,56 (0,23 | 6 | 0,5) 0,49 (0,19 | 6 | 0,5) 0,24 (0,34 | 10 | 0,8) 0,17 (0,24 | 3 | 0,67) 
P000977;-2,58;0,15;36;0,36;Sim/A/A05;-2,34;0,22;5;0,6;Sim/B/B02 Sim/B/B01 Sim/A/A06 Sim/A/A02 Sim/A/A01 ;-2,58 (128,28 | 1 | 0) -2,59 (1,55 | 5 | 0) -2,59 (1,29 | 5 | 0) -2,75 (0,25 | 10 | 0,2) -2,9 (0,39 | 10 | 0,8) 
P000978;-0,77;0,08;67;0,39;Sim/A/A02;-0,44;0,24;10;0,6;Sim/C/C01 Sim/B/B02 Sim/C/C03 Sim/A/A04 Sim/C/C02 ;-0,81 (0,2 | 5 | 0,4) -0,89 (0,48 | 10 | 0,1) -1,03 (0,53 | 6 | 0,17) -1,12 (0,17 | 9 | 0,33) -1,27 (0,42 | 10 | 0,3) 
P000979;1,78;0,19;51;0,67;Sim/C/C04;2,53;0,42;10;0,3;Sim/B/B04 Sim/C/C07 Sim/C/C03 Sim/B/B02 ;1,78 (3,39 | 1 | 0) 1,66 (1,77 | 1 | 0) 1,27 (0,29 | 10 | 0,8) 1,22 (0,4 | 10 | 0,5) 
P000980;0,43;0,1;58;0,62;Sim/A/A02;0,83;0,39;10;0,9;Sim/B/B03 Sim/C/C03 Sim/B/B01 ;0,4 (0,25 | 8 | 0,25) 0,35 (0,22 | 4 | 0,25) -0,06 (0,24 | 7 | 0,43) 
P000981;-2,15;0,16;30;0,23;Sim/B/B01;-1,79;0,46;10;0,1;Sim/A/A06 Sim/A/A04 Sim/A/A02 ;-2,17 (0,95 | 5 | 0) -2,17 (0,75 | 5 | 0) -2,2 (0,24 | 6 | 0,5) 
P000982;-3,26;0,2;39;0,26;Sim/A/A01;-3;0,37;10;0,8;Sim/B/B02 Sim/B/B01 Sim/A/A06 Sim/A/A02 Sim/A/A05 ;-3,26 (967,78 | 1 | 0) -3,27 (3,27 | 5 | 0) -3,27 (2,02 | 5 | 0) -3,3 (0,55 | 8 | 0) -3,4 (0,41 | 10 | 0,2) 
P000983;1,68;0,18;46;0,72;Sim/B/B03;2,05;0,49;10;0,8;Sim/C/C07 Sim/C/C04 Sim/C/C03 Sim/B/B01 Sim/B/B02 ;1,67 (1,74 | 1 | 0) 1,67 (1,52 | 2 | 0) 1,67 (0,46 | 10 | 0,9) 1,49 (0,33 | 10 | 0,8) 1,48 (0,44 | 10 | 0,6) 
P000984;2,01;0,19;58;0,4;Sim/C/C07;2,46;0,4;10;0,2;Sim/C/C05 Sim/C/C10 Sim/B/B04 Sim/B/B01 ;2 (1,18 | 5 | 0) 2 (1,05 | 5 | 0) 1,88 (0,82 | 5 | 0) 1,26 (0,26 | 10 | 0,7) 
P000985;-2,42;0,19;36;0,14;Sim/A/A06;-1,23;0,23;5;0,2;Sim/C/C02 Sim/B/B01 Sim/C/C01 Sim/A/A05 ;-2,43 (2,2 | 1 | 0) -2,43 (1,16 | 5 | 0) -2,44 (1,04 | 5 | 0) -2,77 (0,22 | 6 | 0,33) 
P000986;-0,62;0,08;69;0,41;Sim/C/C01;-0,28;0,2;6;0,5;Sim/A/A02 Sim/B/B01 Sim/B/B02 Sim/A/A07 Sim/C/C03 ;-0,76 (0,22 | 10 | 0,5) -0,83 (0,27 | 10 | 0,4) -0,89 (0,48 | 10 | 0,1) -0,94 (0,24 | 5 | 0,2) -1,02 (0,53 | 6 | 0,17) 
P000987;0,38;0,1;60;0,6;Sim/C/C02;1,05;0,33;10;0,9;Sim/A/A04 Sim/B/B01 Sim/B/B02 Sim/A/A02 ;0,34 (0,25 | 8 | 0,63) 0,05 (0,24 | 7 | 0,43) -0,12 (0,23 | 5 | 0,4) -0,47 (0,25 | 9 | 0,56) 
P000988;-1,31;0,11;56;0,25;Sim/C/C01;-0,94;0,2;6;0,5;Sim/A/A02 Sim/B/B01 Sim/B/B02 Sim/A/A07 Sim/A/A06 ;-1,54 (0,24 | 6 | 0,5) -1,59 (0,37 | 10 | 0,1) -1,59 (6,63 | 1 | 0) -1,7 (0,99 | 6 | 0,17) -1,92 (0,65 | 7 | 0) 
P000989;2,87;0,1;61;0,44;Sim/C/C04;3,22;0,27;10;0,4;Sim/B/B04 Sim/C/C07 ;2,63 (0,22 | 8 | 0,38) 2,45 (0,4 | 10 | 0,1) 
P000990;3,03;0,1;63;0,46;Sim/C/C06;3,45;0,23;8;0,38;Sim/C/C04 Sim/C/C07 Sim/C/C10 Sim/B/B03 ;2,98 (0,3 | 10 | 0,4) 2,57 (0,35 | 10 | 0,2) 2,55 (0,44 | 10 | 0,2) 2,55 (1,2 | 5 | 0,8) 
P000991;-4,08;0,15;33;0,15;Sim/A/A01;-3,83;0,22;7;0,43;Sim/B/B02 Sim/B/B01 Sim/A/A02 Sim/A/A06 Sim/A/A05 Sim/A/A03 ;-4,08 (10863,6 | 1 | 0) -4,08 (4,69 | 5 | 0) -4,08 (2,3 | 5 | 0) -4,08 (3,05 | 5 | 0) -4,09 (1,11 | 5 | 0) -4,25 (0,2 | 5 | 0,4) 
P000992;1,97;0,22;29;0,66;;;;;;Sim/B/B04 Sim/C/C10 Sim/C/C04 Sim/C/C07 Sim/B/B02 ;1,97 (1,97 | 1 | 0) 1,97 (1,73 | 1 | 0) 1,96 (1,47 | 1 | 0) 1,96 (1,34 | 1 | 0) 1,83 (0,34 | 10 | 0,6) 
P000993;-0,01;0,09;68;0,5;Sim/C/C01;0,42;0,36;10;0,8;Sim/A/A04 Sim/C/C02 Sim/A/A02 ;-0,2 (0,23 | 5 | 0,4) -0,48 (0,23 | 6 | 0,33) -0,63 (0,23 | 10 | 0,5) 
P000994;1,09;0,11;56;0,71;Sim/C/C03;1,53;0,39;10;0,9;Sim/C/C07 Sim/A/A04 Sim/C/C02 Sim/B/B02 Sim/B/B03 ;1,09 (3,21 | 1 | 0) 0,99 (0,65 | 5 | 0,8) 0,95 (0,31 | 10 | 0,7) 0,62 (0,21 | 10 | 0,5) 0,6 (0,24 | 5 | 0,2) 
P000995;-0,94;0,08;73;0,36;Sim/A/A07;-0,49;0,19;5;0,6;Sim/A/A02 Sim/A/A06 Sim/C/C01 Sim/C/C03 ;-1,02 (0,23 | 6 | 0,67) -1,24 (0,2 | 10 | 0,3) -1,59 (0,37 | 10 | 0,1) -1,89 (1,27 | 5 | 0,2) 
P000996;3,75;0,08;73;0,52;Sim/B/B04;3,92;0,36;10;0,8;Sim/C/C06 Sim/C/C08 Sim/C/C07 Sim/C/C09 ;3,74 (0,23 | 4 | 0,25) 3,7 (0,34 | 10 | 0) 3,55 (0,23 | 4 | 0,25) 3,29 (0,68 | 8 | 0) 
P000997;3,52;0,09;64;0,48;Sim/C/C10;3,91;0,2;9;0,78;Sim/B/B02 Sim/C/C09 Sim/C/C07 Sim/B/B04 ;3,3 (0,83 | 5 | 0,8) 3,28 (0,68 | 8 | 0) 3,13 (0,24 | 5 | 0,4) 3 (0,22 | 4 | 0,5) 
P000998;-4,52;0,15;31;0,13;Sim/A/A01;-4,27;0,23;5;0,4;Sim/B/B02 Sim/B/B01 Sim/A/A06 Sim/A/A03 ;-4,52 (40415,61 | 1 | 0) -4,52 (5,3 | 5 | 0) -4,52 (3,51 | 5 | 0) -4,81 (0,32 | 10 | 0,2) 
P000999;2,9;0,11;50;0,5;Sim/C/C05;3,01;0,21;6;0,33;Sim/C/C04 Sim/B/B04 Sim/C/C10 ;2,9 (0,32 | 10 | 0,4) 2,76 (0,23 | 4 | 0,25) 2,67 (0,35 | 10 | 0,3) 