ID;PP global;SE global;N global;f global;Scala Diagnose;PP Diagnose;SE Diagnose;N Diagnose;f Diagnose;alle Skalen;alle PP
P000000;-3,31;0,19;37;0,35;;;;;;Sim/A/A05 Sim/A/A02 Sim/A/A06 Sim/B/B01 Sim/B/B02 ;-3,92 (1,05 | 6 | 0,17) -3,34 (0,65 | 5 | 0) -3,32 (1,84 | 5 | 0) -3,32 (2,73 | 5 | 0) -3,32 (6,21 | 1 | 0) 
P000001;4,62;0,11;62;0,85;Sim/C/C04;4,29;0,25;10;0,7;Sim/B/B03 Sim/C/C04 Sim/C/C08 ;2,26 (0,85 | 6 | 0,83) 4,29 (0,25 | 10 | 0,7) 4,43 (0,22 | 5 | 0,4) 
P000002;1,59;0,16;53;0,74;Sim/B/B02;1,32;0,43;10;0,5;Sim/B/B02 Sim/B/B01 Sim/C/C03 Sim/C/C04 Sim/C/C07 ;1,32 (0,43 | 10 | 0,5) 1,4 (0,3 | 10 | 0,7) 1,44 (0,35 | 10 | 0,9) 1,52 (1,75 | 2 | 0) 1,53 (2,01 | 1 | 0) 
P000003;0,98;0,11;50;0,76;Sim/B/B03;0,6;0,24;5;0,2;Sim/B/B02 Sim/B/B03 Sim/A/A02 ;0,51 (0,25 | 4 | 0,5) 0,6 (0,24 | 5 | 0,2) 0,83 (0,39 | 10 | 0,9) 
P000004;4,21;0,09;70;0,7;Sim/C/C05;3;0,23;6;0,17;Sim/C/C05 Sim/C/C06 Sim/C/C09 Sim/C/C10 ;3 (0,23 | 6 | 0,17) 3,56 (0,22 | 5 | 0,2) 3,95 (0,26 | 10 | 0,2) 4,16 (0,25 | 10 | 0,7) 
P000005;-2,55;0,16;35;0,29;Sim/A/A02;-3,24;0,48;10;0,1;Sim/A/A02 Sim/A/A06 ;-3,24 (0,48 | 10 | 0,1) -2,6 (1,17 | 5 | 0) 
P000006;-1,04;0,09;55;0,4;Sim/A/A02;-1,54;0,24;6;0,5;Sim/A/A07 Sim/A/A02 Sim/C/C01 Sim/A/A04 Sim/B/B02 ;-1,67 (1 | 5 | 0) -1,54 (0,24 | 6 | 0,5) -1,17 (0,22 | 9 | 0,22) -1,06 (0,23 | 3 | 0,67) -1,04 (0,69 | 7 | 0) 
P000007;-4,11;0,14;32;0,19;;;;;;Sim/A/A05 Sim/A/A06 Sim/B/B01 Sim/A/A02 Sim/B/B03 ;-4,12 (1,14 | 5 | 0) -4,11 (2,78 | 5 | 0) -4,11 (4,03 | 5 | 0) -4,11 (2,4 | 5 | 0) -4,11 (8,22 | 1 | 0) 
P000008;0,24;0,1;67;0,7;Sim/B/B01;-0,04;0,24;5;0,6;Sim/A/A04 Sim/B/B01 Sim/A/A06 Sim/A/A02 Sim/A/A07 ;-0,13 (0,24 | 3 | 0,33) -0,04 (0,24 | 5 | 0,6) 0,08 (0,54 | 9 | 0,89) 0,24 (0,34 | 10 | 0,8) 0,24 (0,37 | 10 | 0,8) 
P000009;-1,79;0,16;34;0,41;Sim/A/A02;-1,98;0,22;6;0,5;Sim/B/B01 Sim/A/A02 Sim/A/A05 ;-2,51 (1,12 | 8 | 0) -1,98 (0,22 | 6 | 0,5) -1,81 (0,28 | 10 | 0,8) 
P000010;-4,3;0,16;30;0,17;;;;;;Sim/A/A03 Sim/A/A06 Sim/A/A02 ;-4,34 (0,24 | 3 | 0,33) -4,31 (2,98 | 5 | 0) -4,3 (3 | 5 | 0) 
P000011;-4,31;0,15;32;0,16;;;;;;Sim/A/A03 Sim/A/A05 Sim/B/B01 Sim/A/A02 Sim/B/B02 Sim/B/B03 ;-4,52 (0,25 | 4 | 0,25) -4,32 (1,39 | 5 | 0) -4,31 (4,36 | 5 | 0) -4,31 (3,02 | 5 | 0) -4,31 (9,11 | 1 | 0) -4,31 (8,44 | 1 | 0) 
P000012;-5,29;0,7;26;0;;;;;;;
P000013;-5,29;0,7;26;0;;;;;;;
P000014;-4,01;0,15;35;0,26;;;;;;Sim/A/A03 Sim/A/A06 Sim/A/A02 Sim/B/B02 ;-4,24 (0,21 | 4 | 0,5) -4,02 (2,66 | 5 | 0) -4,02 (2,11 | 5 | 0) -4,01 (8741,15 | 1 | 0) 
P000015;-1,41;0,12;56;0,21;Sim/A/A02;-1,99;0,23;6;0,33;Sim/A/A02 Sim/A/A06 Sim/C/C02 Sim/B/B02 Sim/B/B01 ;-1,99 (0,23 | 6 | 0,33) -1,93 (0,65 | 8 | 0) -1,76 (0,94 | 6 | 0,17) -1,54 (1,61 | 5 | 0) -1,48 (0,34 | 10 | 0,1) 
P000016;-5,29;0,7;26;0;;;;;;;
P000017;-3,9;0,18;32;0,25;Sim/A/A03;-4,37;0,21;6;0,33;Sim/A/A03 Sim/A/A05 Sim/A/A06 Sim/A/A02 Sim/B/B02 ;-4,37 (0,21 | 6 | 0,33) -3,93 (1 | 5 | 0) -3,92 (2,54 | 5 | 0) -3,92 (1,83 | 5 | 0) -3,9 (6420,99 | 1 | 0) 
P000018;-0,29;0,08;63;0,48;Sim/B/B02;-0,55;0,25;10;0,1;Sim/B/B02 Sim/C/C02 Sim/A/A07 Sim/C/C01 Sim/C/C03 ;-0,55 (0,25 | 10 | 0,1) -0,46 (0,24 | 4 | 0,5) -0,38 (0,2 | 6 | 0,5) -0,37 (0,23 | 4 | 0,5) -0,33 (0,32 | 10 | 0,4) 
P000019;1,18;0,12;57;0,75;Sim/C/C03;0,62;0,21;5;0,4;Sim/C/C03 Sim/B/B02 Sim/A/A04 Sim/C/C02 Sim/C/C07 ;0,62 (0,21 | 5 | 0,4) 0,82 (0,27 | 10 | 0,5) 0,99 (0,65 | 5 | 0,8) 1,05 (0,33 | 10 | 0,9) 1,18 (2,91 | 1 | 0) 
P000020;0,11;0,09;71;0,65;Sim/C/C03;-0,35;0,32;10;0,3;Sim/C/C03 Sim/B/B01 Sim/C/C01 ;-0,35 (0,32 | 10 | 0,3) -0,26 (0,25 | 5 | 0,6) -0,08 (0,22 | 8 | 0,63) 
P000021;-5,29;0,7;26;0;;;;;;;
P000022;-4,53;0,17;33;0,09;Sim/A/A01;-4,66;0,25;5;0,2;Sim/A/A01 Sim/A/A05 Sim/A/A06 Sim/A/A02 Sim/B/B01 ;-4,66 (0,25 | 5 | 0,2) -4,55 (1,63 | 5 | 0) -4,54 (3,24 | 5 | 0) -4,54 (3,78 | 5 | 0) -4,53 (5,92 | 5 | 0) 
P000023;5;0,14;64;0,92;Sim/C/C10;4,63;0,42;10;0,9;Sim/C/C10 Sim/C/C04 Sim/C/C08 ;4,63 (0,42 | 10 | 0,9) 4,7 (0,31 | 10 | 0,8) 4,92 (0,17 | 7 | 0,71) 
P000024;0,72;0,1;74;0,68;Sim/C/C02;0,19;0,26;10;0,5;Sim/C/C02 Sim/A/A02 Sim/C/C01 Sim/A/A04 Sim/B/B02 Sim/B/B01 ;0,19 (0,26 | 10 | 0,5) 0,24 (0,34 | 10 | 0,8) 0,48 (0,39 | 10 | 0,8) 0,55 (0,32 | 10 | 0,8) 0,56 (0,23 | 6 | 0,5) 0,61 (0,29 | 10 | 0,5) 
P000025;5,35;0,22;60;0,92;Sim/C/C09;5,02;0,26;10;0,7;Sim/C/C10 Sim/C/C09 ;4,79 (0,57 | 7 | 0,86) 5,02 (0,26 | 10 | 0,7) 
P000026;-1,84;0,15;33;0,3;;;;;;Sim/B/B01 Sim/A/A04 Sim/A/A06 ;-2,51 (1,12 | 8 | 0) -2,06 (0,59 | 7 | 0,14) -2,05 (0,74 | 7 | 0) 
P000027;1,87;0,2;38;0,74;Sim/B/B02;1,22;0,4;10;0,5;Sim/B/B02 Sim/C/C07 Sim/C/C04 Sim/C/C10 ;1,22 (0,4 | 10 | 0,5) 1,86 (1,46 | 1 | 0) 1,86 (1,68 | 1 | 0) 1,87 (2,02 | 1 | 0) 
P000028;0,87;0,1;69;0,74;Sim/B/B01;0,43;0,3;10;0,5;Sim/B/B01 Sim/C/C03 Sim/C/C01 Sim/A/A02 ;0,43 (0,3 | 10 | 0,5) 0,58 (0,19 | 5 | 0,6) 0,69 (0,52 | 8 | 0,88) 0,83 (0,39 | 10 | 0,9) 
P000029;2,17;0,21;36;0,64;Sim/B/B01;1,8;0,43;10;0,9;Sim/B/B01 Sim/B/B04 Sim/C/C07 Sim/C/C04 Sim/C/C10 ;1,8 (0,43 | 10 | 0,9) 1,9 (0,79 | 5 | 0) 2,15 (1,15 | 1 | 0) 2,16 (1,15 | 1 | 0) 2,16 (1,3 | 1 | 0) 
P000030;-2,67;0,15;35;0,43;;;;;;Sim/A/A05 Sim/B/B01 ;-2,77 (0,22 | 4 | 0,5) -2,67 (1,53 | 5 | 0) 
P000031;-3,25;0,19;37;0,32;;;;;;Sim/A/A05 Sim/A/A02 Sim/B/B01 Sim/A/A06 Sim/B/B02 ;-3,91 (1,06 | 5 | 0) -3,27 (0,58 | 5 | 0) -3,26 (2,61 | 5 | 0) -3,25 (1,76 | 5 | 0) -3,25 (5,96 | 1 | 0) 
P000032;-0,23;0,09;54;0,52;Sim/C/C03;-0,8;0,39;10;0,2;Sim/C/C03 Sim/A/A06 Sim/A/A07 Sim/B/B02 Sim/C/C01 ;-0,8 (0,39 | 10 | 0,2) -0,58 (0,22 | 4 | 0,75) -0,37 (0,23 | 4 | 0,5) -0,31 (0,25 | 3 | 0,33) -0,3 (0,22 | 4 | 0,5) 
P000033;-2,99;0,18;36;0,33;;;;;;Sim/A/A05 Sim/B/B01 Sim/A/A06 ;-3,91 (1,06 | 5 | 0) -3 (2,13 | 5 | 0) -3 (1,5 | 5 | 0) 
P000034;-0,42;0,08;53;0,49;Sim/C/C01;-0,77;0,21;5;0,4;Sim/C/C03 Sim/C/C01 Sim/A/A06 ;-1,03 (0,53 | 6 | 0,17) -0,77 (0,21 | 5 | 0,4) -0,49 (0,25 | 4 | 0,75) 
P000035;-5,29;0,7;26;0;;;;;;;
P000036;2,22;0,19;56;0,43;Sim/B/B03;1,52;0,24;9;0,67;Sim/B/B03 Sim/B/B04 ;1,52 (0,24 | 9 | 0,67) 1,9 (0,79 | 5 | 0) 
P000037;-3,46;0,17;41;0,37;;;;;;Sim/A/A05 Sim/A/A02 Sim/A/A06 ;-4,01 (1,07 | 6 | 0,17) -3,48 (0,86 | 5 | 0) -3,47 (2,02 | 5 | 0) 
P000038;0,82;0,1;69;0,71;Sim/A/A04;0,18;0,22;6;0,67;Sim/A/A04 Sim/A/A07 Sim/B/B01 Sim/C/C02 Sim/B/B03 ;0,18 (0,22 | 6 | 0,67) 0,24 (0,37 | 10 | 0,8) 0,43 (0,3 | 10 | 0,5) 0,69 (0,29 | 10 | 0,7) 0,73 (0,24 | 3 | 0,33) 
P000039;-2,3;0,16;21;0,29;Sim/A/A05;-2,56;0,2;5;0,4;Sim/A/A05 Sim/B/B01 ;-2,56 (0,2 | 5 | 0,4) -2,31 (0,99 | 5 | 0) 
P000040;4,43;0,1;61;0,79;Sim/C/C10;3,82;0,22;5;0,6;Sim/B/B03 Sim/C/C10 Sim/C/C05 Sim/C/C09 ;2,26 (0,85 | 6 | 0,83) 3,82 (0,22 | 5 | 0,6) 3,97 (0,24 | 7 | 0,71) 4,29 (0,2 | 5 | 0,4) 
P000041;3,07;0,1;50;0,6;Sim/B/B03;2,05;0,49;10;0,8;Sim/C/C10 Sim/B/B03 Sim/C/C04 Sim/B/B04 ;2,05 (1,01 | 7 | 0,14) 2,05 (0,49 | 10 | 0,8) 2,78 (0,35 | 10 | 0,4) 3 (0,22 | 4 | 0,5) 
P000042;-1,22;0,1;52;0,35;Sim/B/B01;-1,79;0,46;10;0,1;Sim/A/A06 Sim/B/B01 Sim/A/A07 ;-1,87 (0,54 | 10 | 0,1) -1,79 (0,46 | 10 | 0,1) -1,67 (1 | 5 | 0,2) 
P000043;2,17;0,21;27;0,56;Sim/B/B03;1,41;0,24;6;0,5;Sim/B/B03 Sim/B/B04 Sim/C/C07 Sim/C/C04 Sim/C/C10 ;1,41 (0,24 | 6 | 0,5) 1,9 (0,79 | 5 | 0) 2,15 (1,15 | 1 | 0) 2,15 (1,16 | 1 | 0) 2,16 (1,31 | 1 | 0) 
P000044;2,34;0,18;46;0,48;;;;;;Sim/C/C07 Sim/B/B01 Sim/C/C04 Sim/C/C10 ;2,02 (0,83 | 5 | 0) 2,02 (0,55 | 7 | 0,86) 2,15 (0,66 | 5 | 0) 2,32 (0,69 | 5 | 0) 
P000045;0,57;0,09;73;0,64;Sim/B/B01;0,4;0,3;10;0,5;Sim/C/C01 Sim/B/B01 Sim/C/C03 Sim/B/B03 ;-0,2 (0,22 | 4 | 0,5) 0,4 (0,3 | 10 | 0,5) 0,5 (0,18 | 7 | 0,29) 0,52 (0,23 | 6 | 0,33) 
P000046;-3,32;0,19;44;0,34;Sim/A/A03;-3,42;0,33;10;0,7;Sim/A/A05 Sim/A/A03 Sim/A/A02 Sim/B/B01 Sim/B/B02 ;-3,92 (1,05 | 6 | 0) -3,42 (0,33 | 10 | 0,7) -3,34 (0,63 | 6 | 0) -3,33 (2,75 | 5 | 0) -3,32 (6,24 | 1 | 0) 
P000047;-1,06;0,09;46;0,43;Sim/A/A02;-1,39;0,23;7;0,57;Sim/C/C02 Sim/A/A04 Sim/A/A02 ;-1,68 (0,94 | 5 | 0) -1,44 (0,25 | 4 | 0,25) -1,39 (0,23 | 7 | 0,57) 
P000048;-2,71;0,15;30;0,27;Sim/A/A02;-2,75;0,25;10;0,2;Sim/A/A02 Sim/A/A06 Sim/B/B01 ;-2,75 (0,25 | 10 | 0,2) -2,72 (1,26 | 5 | 0) -2,72 (1,59 | 5 | 0) 
P000049;1,97;0,21;38;0,74;Sim/B/B02;1,83;0,34;10;0,6;Sim/B/B02 Sim/B/B03 Sim/B/B04 Sim/C/C07 Sim/C/C04 Sim/C/C10 ;1,83 (0,34 | 10 | 0,6) 1,89 (0,4 | 10 | 0,8) 1,94 (1,29 | 1 | 0) 1,96 (1,33 | 1 | 0) 1,97 (1,47 | 1 | 0) 1,97 (1,72 | 1 | 0) 
P000050;1,53;0,16;48;0,73;Sim/B/B03;1,41;0,25;5;0,6;Sim/A/A04 Sim/B/B03 Sim/B/B01 Sim/B/B02 ;1 (0,63 | 6 | 0,83) 1,41 (0,25 | 5 | 0,6) 1,43 (0,31 | 10 | 0,7) 1,51 (0,43 | 10 | 0,5) 
P000051;4,92;0,14;53;0,92;Sim/C/C08;4,86;0,19;5;0,6;Sim/C/C09 Sim/C/C08 ;4,71 (0,25 | 3 | 0,67) 4,86 (0,19 | 5 | 0,6) 
P000052;3,58;0,09;64;0,47;Sim/C/C08;3,57;0,41;10;0;Sim/C/C06 Sim/B/B04 Sim/C/C10 Sim/C/C08 ;2,97 (0,51 | 10 | 0,1) 3,39 (0,25 | 4 | 0,5) 3,44 (0,2 | 4 | 0,5) 3,57 (0,41 | 10 | 0) 
P000053;0,15;0,09;75;0,57;Sim/A/A02;-0,07;0,31;10;0,7;Sim/C/C03 Sim/A/A02 Sim/B/B02 Sim/B/B03 ;-1,02 (0,53 | 7 | 0,14) -0,07 (0,31 | 10 | 0,7) 0,12 (0,25 | 4 | 0,5) 0,13 (0,35 | 10 | 0) 
P000054;3,61;0,09;66;0,48;Sim/C/C07;2,95;0,24;9;0,22;Sim/C/C07 Sim/B/B04 Sim/C/C09 ;2,95 (0,24 | 9 | 0,22) 3,2 (0,25 | 4 | 0,5) 3,28 (0,68 | 8 | 0) 
P000055;2,06;0,21;33;0,58;Sim/B/B02;2,02;0,3;10;0,5;Sim/B/B04 Sim/B/B02 Sim/C/C07 Sim/C/C04 Sim/C/C10 ;1,9 (0,79 | 5 | 0) 2,02 (0,3 | 10 | 0,5) 2,04 (1,25 | 1 | 0) 2,05 (1,32 | 1 | 0) 2,05 (1,53 | 1 | 0) 
P000056;0,96;0,11;57;0,7;Sim/C/C03;0,44;0,19;5;0,4;Sim/C/C03 Sim/B/B01 Sim/A/A02 Sim/C/C01 ;0,44 (0,19 | 5 | 0,4) 0,62 (0,3 | 10 | 0,5) 0,83 (0,39 | 10 | 0,9) 0,92 (0,71 | 5 | 0,8) 
P000057;0,87;0,1;59;0,68;Sim/B/B03;0,65;0,21;5;0,4;Sim/B/B03 Sim/B/B01 Sim/A/A02 ;0,65 (0,21 | 5 | 0,4) 0,7 (0,28 | 10 | 0,5) 0,83 (0,39 | 10 | 0,9) 
P000058;1,5;0,16;54;0,74;Sim/A/A04;0,46;0,28;10;0,7;Sim/A/A04 Sim/B/B01 Sim/B/B02 Sim/C/C07 Sim/C/C04 Sim/C/C10 ;0,46 (0,28 | 10 | 0,7) 1,26 (0,26 | 10 | 0,7) 1,29 (0,42 | 10 | 0,5) 1,5 (2,08 | 1 | 0) 1,5 (2,81 | 1 | 0) 1,5 (3,6 | 1 | 0) 
P000059;0,95;0,11;50;0,78;Sim/B/B02;0,24;0,23;5;0,4;Sim/B/B02 Sim/A/A02 Sim/B/B03 ;0,24 (0,23 | 5 | 0,4) 0,83 (0,39 | 10 | 0,9) 0,9 (0,23 | 4 | 0,5) 
P000060;-1,72;0,13;51;0,25;Sim/A/A05;-1,8;0,28;10;0,7;Sim/B/B01 Sim/A/A04 Sim/A/A06 Sim/A/A05 Sim/C/C02 ;-2,51 (1,12 | 8 | 0) -2,01 (0,54 | 7 | 0) -1,95 (0,65 | 8 | 0) -1,8 (0,28 | 10 | 0,7) -1,76 (0,94 | 6 | 0) 
P000061;0,41;0,09;70;0,59;Sim/C/C01;-0,09;0,23;6;0,5;Sim/C/C01 Sim/A/A07 Sim/A/A04 Sim/B/B02 Sim/C/C02 ;-0,09 (0,23 | 6 | 0,5) 0,08 (0,32 | 10 | 0,7) 0,26 (0,23 | 8 | 0,5) 0,29 (0,22 | 5 | 0,4) 0,39 (0,29 | 10 | 0,6) 
P000062;-1,18;0,1;54;0,31;Sim/A/A06;-1,23;0,23;5;0,2;Sim/C/C01 Sim/C/C02 Sim/A/A07 Sim/A/A06 ;-2,14 (0,72 | 7 | 0,14) -1,76 (0,94 | 6 | 0) -1,67 (1 | 5 | 0,2) -1,23 (0,23 | 5 | 0,2) 
P000063;2,64;0,14;51;0,45;Sim/B/B02;1,96;0,31;10;0,5;Sim/B/B02 Sim/C/C04 Sim/C/C07 ;1,96 (0,31 | 10 | 0,5) 2,05 (0,73 | 5 | 0) 2,1 (0,83 | 5 | 0) 
P000064;-2,29;0,17;26;0,23;Sim/A/A02;-2,49;0,24;6;0,33;Sim/A/A02 Sim/B/B01 ;-2,49 (0,24 | 6 | 0,33) -2,3 (0,98 | 5 | 0) 
P000065;3,73;0,09;70;0,56;Sim/C/C08;3,69;0,35;10;0;Sim/B/B03 Sim/B/B02 Sim/C/C10 Sim/C/C06 Sim/C/C07 Sim/C/C08 Sim/C/C09 ;2,13 (0,64 | 7 | 0,86) 3,26 (0,79 | 5 | 0,8) 3,44 (0,2 | 4 | 0,5) 3,6 (0,24 | 3 | 0,33) 3,6 (0,21 | 4 | 0,5) 3,69 (0,35 | 10 | 0) 3,71 (0,35 | 10 | 0,2) 
P000066;1,76;0,2;33;0,61;Sim/B/B03;1,41;0,24;6;0,5;Sim/B/B03 Sim/B/B04 Sim/C/C07 Sim/C/C04 Sim/C/C10 ;1,41 (0,24 | 6 | 0,5) 1,71 (1,29 | 2 | 0) 1,75 (1,61 | 1 | 0) 1,76 (1,94 | 1 | 0) 1,76 (2,38 | 1 | 0) 
P000067;6,1;0,8;50;0,98;;;;;;Sim/B/B02 ;3,3 (0,83 | 5 | 0,8) 
P000068;0,07;0,09;81;0,52;Sim/A/A02;-0,46;0,25;8;0,63;Sim/A/A02 Sim/C/C03 Sim/A/A06 Sim/A/A07 Sim/C/C02 ;-0,46 (0,25 | 8 | 0,63) -0,41 (0,33 | 10 | 0,2) -0,24 (0,31 | 10 | 0,7) -0,08 (0,24 | 10 | 0,6) -0,01 (0,23 | 10 | 0,4) 
P000069;-1,48;0,13;45;0,31;Sim/A/A05;-2,49;0,21;5;0,4;Sim/A/A05 Sim/A/A04 Sim/C/C02 ;-2,49 (0,21 | 5 | 0,4) -2,01 (0,54 | 7 | 0) -1,5 (0,68 | 5 | 0) 
P000070;-2,49;0,15;22;0,27;Sim/A/A05;-2,5;0,19;6;0,5;Sim/A/A05 Sim/B/B01 ;-2,5 (0,19 | 6 | 0,5) -2,49 (1,24 | 5 | 0) 
P000071;2,9;0,11;44;0,52;Sim/C/C10;2,59;0,4;10;0,2;Sim/C/C04 Sim/C/C10 ;2,05 (0,73 | 5 | 0,2) 2,59 (0,4 | 10 | 0,2) 
P000072;-3,18;0,18;44;0,32;Sim/A/A03;-3,71;0,25;7;0,57;Sim/A/A03 Sim/A/A05 Sim/A/A01 Sim/B/B01 ;-3,71 (0,25 | 7 | 0,57) -3,4 (0,41 | 10 | 0,2) -3,31 (0,27 | 10 | 0,5) -3,18 (2,47 | 5 | 0) 
P000073;-1,08;0,09;54;0,31;Sim/C/C01;-1,48;0,32;10;0,2;Sim/C/C01 Sim/C/C02 Sim/B/B02 Sim/B/B01 Sim/A/A06 ;-1,48 (0,32 | 10 | 0,2) -1,44 (0,6 | 6 | 0,17) -1,43 (4,2 | 1 | 0) -1,43 (0,33 | 10 | 0,2) -1,14 (0,23 | 4 | 0,25) 
P000074;-2,23;0,15;32;0,22;Sim/A/A05;-2,32;0,21;5;0,6;Sim/A/A05 Sim/A/A06 ;-2,32 (0,21 | 5 | 0,6) -2,25 (0,96 | 5 | 0) 
P000075;-3,12;0,18;47;0,38;Sim/A/A03;-3,54;0,29;10;0,7;Sim/A/A03 Sim/A/A02 ;-3,54 (0,29 | 10 | 0,7) -3,17 (0,44 | 10 | 0) 
P000076;-0,98;0,08;64;0,45;Sim/A/A05;-1,52;0,44;10;0,9;Sim/A/A07 Sim/A/A05 Sim/C/C02 Sim/A/A06 Sim/A/A04 Sim/B/B02 ;-1,67 (1 | 5 | 0,2) -1,52 (0,44 | 10 | 0,9) -1,27 (0,42 | 10 | 0,3) -1,23 (0,23 | 5 | 0,2) -1,15 (0,2 | 4 | 0,5) -0,99 (0,63 | 6 | 0) 
P000077;2,83;0,12;53;0,42;Sim/C/C05;2,72;0,28;10;0,1;Sim/C/C07 Sim/C/C10 Sim/C/C05 ;2,02 (0,83 | 5 | 0,2) 2,46 (0,51 | 10 | 0,1) 2,72 (0,28 | 10 | 0,1) 
P000078;-5,29;0,7;26;0;;;;;;;
P000079;2,49;0,18;39;0,56;Sim/B/B02;2,47;0,33;10;0,7;Sim/C/C07 Sim/C/C04 Sim/B/B03 Sim/B/B02 ;2,02 (0,83 | 5 | 0) 2,15 (0,66 | 5 | 0) 2,31 (0,93 | 5 | 0,8) 2,47 (0,33 | 10 | 0,7) 
P000080;0,6;0,1;60;0,72;Sim/B/B01;0,31;0,28;10;0,5;Sim/B/B01 Sim/C/C01 Sim/C/C03 Sim/B/B02 Sim/B/B03 ;0,31 (0,28 | 10 | 0,5) 0,32 (0,32 | 10 | 0,8) 0,38 (0,24 | 3 | 0,33) 0,49 (0,23 | 5 | 0,6) 0,6 (0,24 | 5 | 0,2) 
P000081;0,71;0,1;67;0,66;Sim/A/A02;-0,1;0,3;10;0,7;Sim/A/A02 Sim/C/C03 Sim/C/C02 ;-0,1 (0,3 | 10 | 0,7) 0,25 (0,25 | 4 | 0,25) 0,6 (0,3 | 10 | 0,7) 
P000082;3,38;0,1;48;0,63;Sim/B/B04;2,85;0,21;5;0,4;Sim/B/B04 Sim/C/C10 Sim/C/C04 Sim/C/C05 Sim/B/B02 ;2,85 (0,21 | 5 | 0,4) 2,99 (0,24 | 4 | 0,25) 3,14 (0,28 | 10 | 0,4) 3,26 (0,25 | 3 | 0,33) 3,26 (0,79 | 5 | 0,8) 
P000083;-1,44;0,12;56;0,32;Sim/C/C01;-1,76;0,45;10;0,1;Sim/A/A04 Sim/A/A06 Sim/C/C01 Sim/B/B02 ;-2,01 (0,54 | 7 | 0,14) -1,93 (0,65 | 8 | 0,13) -1,76 (0,45 | 10 | 0,1) -1,44 (4,36 | 1 | 0) 
P000084;-2,98;0,16;45;0,36;Sim/A/A05;-3,12;0,27;10;0,2;Sim/A/A05 Sim/A/A06 Sim/B/B01 ;-3,12 (0,27 | 10 | 0,2) -2,99 (1,49 | 5 | 0) -2,99 (2,11 | 5 | 0) 
P000085;-2,53;0,14;28;0,36;;;;;;Sim/A/A01 Sim/A/A06 Sim/B/B01 ;-2,56 (0,56 | 6 | 0,83) -2,54 (1,13 | 5 | 0) -2,53 (1,3 | 5 | 0) 
P000086;0,83;0,09;59;0,61;Sim/B/B03;0,19;0,32;10;0,1;Sim/B/B03 Sim/B/B01 Sim/B/B02 ;0,19 (0,32 | 10 | 0,1) 0,79 (0,26 | 10 | 0,5) 0,82 (0,27 | 10 | 0,5) 
P000087;-0,67;0,08;62;0,45;Sim/C/C01;-1,08;0,23;7;0,29;Sim/C/C01 Sim/C/C03 Sim/A/A02 ;-1,08 (0,23 | 7 | 0,29) -1,03 (0,53 | 6 | 0,17) -0,9 (0,24 | 6 | 0,5) 
P000088;5,36;0,25;52;0,96;Sim/C/C08;5,1;0,22;5;0,8;Sim/C/C08 ;5,1 (0,22 | 5 | 0,8) 
P000089;-0,93;0,09;52;0,33;Sim/C/C01;-0,95;0,21;6;0,33;Sim/A/A07 Sim/A/A04 Sim/A/A02 Sim/C/C01 Sim/B/B01 Sim/B/B02 ;-1,62 (0,98 | 5 | 0) -1,43 (0,25 | 4 | 0,25) -1,24 (0,24 | 4 | 0,5) -0,95 (0,21 | 6 | 0,33) -0,94 (0,28 | 10 | 0,4) -0,94 (0,59 | 5 | 0) 
P000090;1,64;0,17;51;0,73;Sim/B/B01;1,2;0,25;10;0,6;Sim/B/B01 Sim/C/C03 Sim/C/C04 Sim/C/C07 Sim/B/B04 ;1,2 (0,25 | 10 | 0,6) 1,44 (0,35 | 10 | 0,9) 1,52 (1,75 | 2 | 0) 1,53 (2,01 | 1 | 0) 1,64 (2,05 | 1 | 0) 
P000091;0,19;0,1;71;0,61;Sim/A/A04;-0,79;0,24;6;0,33;Sim/A/A04 Sim/C/C01 Sim/C/C02 Sim/A/A06 Sim/B/B02 Sim/C/C03 ;-0,79 (0,24 | 6 | 0,33) -0,43 (0,24 | 4 | 0,5) -0,04 (0,24 | 7 | 0,57) 0,08 (0,54 | 9 | 0,89) 0,11 (0,19 | 8 | 0,38) 0,17 (0,24 | 7 | 0,43) 
P000092;0,16;0,09;75;0,65;Sim/B/B01;-0,48;0,25;9;0,56;Sim/B/B01 Sim/C/C03 Sim/C/C01 ;-0,48 (0,25 | 9 | 0,56) -0,36 (0,32 | 10 | 0,3) -0,2 (0,22 | 4 | 0,5) 
P000093;-1,66;0,13;52;0,23;Sim/A/A04;-1,94;0,44;10;0,1;Sim/A/A05 Sim/A/A04 Sim/A/A06 Sim/C/C02 Sim/B/B02 ;-2,15 (0,25 | 3 | 0,67) -1,94 (0,44 | 10 | 0,1) -1,88 (0,54 | 10 | 0,1) -1,76 (0,94 | 6 | 0) -1,66 (8,28 | 1 | 0) 
P000094;1,6;0,17;50;0,76;Sim/A/A02;0,83;0,39;10;0,9;Sim/A/A02 Sim/B/B03 Sim/C/C07 Sim/B/B04 Sim/C/C04 Sim/C/C10 ;0,83 (0,39 | 10 | 0,9) 1,45 (0,24 | 6 | 0,67) 1,6 (1,88 | 1 | 0) 1,6 (2,2 | 1 | 0) 1,6 (2,43 | 1 | 0) 1,6 (3,07 | 1 | 0) 
P000095;0,82;0,1;66;0,73;Sim/A/A02;0,41;0,35;10;0,8;Sim/A/A02 Sim/B/B03 Sim/B/B01 ;0,41 (0,35 | 10 | 0,8) 0,58 (0,23 | 5 | 0,4) 0,7 (0,28 | 10 | 0,5) 
P000096;6,08;0,8;51;1;;;;;;;
P000097;1,65;0,18;42;0,67;Sim/B/B02;0,9;0,34;10;0,4;Sim/B/B02 Sim/B/B03 Sim/C/C07 Sim/C/C04 Sim/C/C10 ;0,9 (0,34 | 10 | 0,4) 1,65 (0,28 | 10 | 0,6) 1,65 (1,78 | 1 | 0) 1,65 (2,25 | 1 | 0) 1,65 (2,81 | 1 | 0) 
P000098;3,41;0,09;53;0,62;Sim/C/C05;2,93;0,23;8;0,38;Sim/B/B03 Sim/C/C05 Sim/C/C07 Sim/C/C10 ;2,23 (0,89 | 5 | 0,8) 2,93 (0,23 | 8 | 0,38) 3,18 (0,23 | 5 | 0,4) 3,36 (0,18 | 4 | 0,5) 
P000099;1,63;0,17;53;0,74;Sim/B/B02;1,18;0,39;10;0,5;Sim/A/A04 Sim/B/B02 Sim/B/B01 Sim/C/C07 Sim/C/C04 Sim/C/C10 ;0,92 (0,55 | 7 | 0,86) 1,18 (0,39 | 10 | 0,5) 1,43 (0,31 | 10 | 0,7) 1,62 (1,82 | 1 | 0) 1,63 (2,33 | 1 | 0) 1,63 (2,93 | 1 | 0) 
P000100;-0,46;0,08;74;0,46;Sim/A/A06;-1,06;0,18;6;0,33;Sim/C/C03 Sim/A/A06 Sim/B/B02 Sim/B/B01 ;-1,89 (1,27 | 5 | 0) -1,06 (0,18 | 6 | 0,33) -0,89 (0,48 | 10 | 0,1) -0,82 (0,27 | 10 | 0,4) 
P000101;-0,44;0,09;56;0,52;Sim/A/A04;-1,04;0,18;5;0,4;Sim/A/A04 Sim/A/A06 Sim/C/C01 ;-1,04 (0,18 | 5 | 0,4) -0,84 (0,18 | 5 | 0,6) -0,75 (0,22 | 4 | 0,5) 
P000102;-4,6;0,18;31;0,1;Sim/A/A01;-4,66;0,25;5;0,2;Sim/A/A01 Sim/A/A05 Sim/B/B01 Sim/A/A02 Sim/B/B02 Sim/B/B03 ;-4,66 (0,25 | 5 | 0,2) -4,62 (1,71 | 5 | 0) -4,61 (4,86 | 5 | 0) -4,61 (3,99 | 5 | 0) -4,61 (9,41 | 1 | 0) -4,61 (8,79 | 1 | 0) 
P000103;-2,3;0,14;30;0,33;Sim/A/A02;-2,87;0,28;10;0,1;Sim/A/A02 Sim/A/A06 Sim/B/B01 ;-2,87 (0,28 | 10 | 0,1) -2,3 (0,99 | 5 | 0) -2,3 (0,98 | 5 | 0) 
P000104;3,06;0,11;50;0,48;;;;;;Sim/B/B04 Sim/C/C05 Sim/C/C06 ;2,02 (0,74 | 5 | 0,2) 2,18 (0,88 | 7 | 0) 2,9 (0,65 | 7 | 0) 
P000105;-0,36;0,08;69;0,46;Sim/A/A04;-0,89;0,19;7;0,43;Sim/A/A04 Sim/A/A06 Sim/C/C01 Sim/B/B02 Sim/B/B03 ;-0,89 (0,19 | 7 | 0,43) -0,65 (0,22 | 3 | 0,67) -0,57 (0,22 | 4 | 0,5) -0,37 (0,23 | 5 | 0,2) -0,37 (0,88 | 5 | 0) 
P000106;-0,58;0,08;66;0,41;Sim/A/A04;-1,17;0,2;6;0,33;Sim/A/A04 Sim/B/B02 Sim/B/B01 Sim/A/A06 ;-1,17 (0,2 | 6 | 0,33) -0,96 (0,58 | 8 | 0) -0,83 (0,27 | 10 | 0,4) -0,66 (0,22 | 3 | 0,67) 
P000107;3,1;0,09;54;0,5;Sim/C/C05;3,01;0,21;6;0,33;Sim/C/C07 Sim/B/B03 Sim/B/B01 Sim/C/C10 Sim/C/C05 ;2,1 (0,83 | 5 | 0,2) 2,23 (0,89 | 5 | 0,8) 2,35 (0,78 | 5 | 0,8) 2,46 (0,51 | 10 | 0,1) 3,01 (0,21 | 6 | 0,33) 
P000108;0,17;0,09;72;0,69;Sim/C/C03;-0,12;0,3;10;0,4;Sim/C/C03 Sim/A/A02 Sim/B/B01 Sim/B/B02 Sim/C/C02 ;-0,12 (0,3 | 10 | 0,4) -0,12 (0,3 | 10 | 0,7) -0,09 (0,24 | 6 | 0,5) 0,04 (0,21 | 6 | 0,5) 0,07 (0,25 | 9 | 0,56) 
P000109;1,01;0,1;63;0,7;Sim/B/B03;0,4;0,25;8;0,25;Sim/B/B03 Sim/A/A04 Sim/B/B01 Sim/C/C07 Sim/C/C04 ;0,4 (0,25 | 8 | 0,25) 0,68 (0,38 | 10 | 0,8) 0,94 (0,25 | 8 | 0,63) 1 (3,51 | 1 | 0) 1,01 (5,73 | 1 | 0) 
P000110;0,32;0,1;57;0,74;Sim/C/C02;-0,29;0,23;5;0,6;Sim/C/C02 Sim/B/B01 Sim/C/C01 Sim/A/A02 ;-0,29 (0,23 | 5 | 0,6) -0,18 (0,25 | 5 | 0,4) 0,02 (0,24 | 8 | 0,63) 0,24 (0,34 | 10 | 0,8) 
P000111;0,18;0,09;78;0,59;Sim/A/A07;-0,16;0,24;9;0,78;Sim/A/A07 Sim/C/C02 Sim/A/A06 Sim/B/B03 Sim/A/A04 ;-0,16 (0,24 | 9 | 0,78) -0,11 (0,23 | 9 | 0,44) 0,08 (0,54 | 9 | 0,89) 0,16 (0,33 | 10 | 0) 0,17 (0,24 | 3 | 0,67) 
P000112;3,13;0,1;46;0,54;Sim/C/C10;2,76;0,31;10;0,2;Sim/B/B03 Sim/C/C10 Sim/C/C07 ;2,23 (0,89 | 5 | 0,8) 2,76 (0,31 | 10 | 0,2) 2,99 (0,24 | 6 | 0,33) 
P000113;2,7;0,13;48;0,46;Sim/C/C10;2,6;0,4;10;0,2;Sim/C/C07 Sim/B/B03 Sim/C/C10 ;2,01 (0,82 | 6 | 0,17) 2,23 (0,89 | 5 | 0,8) 2,6 (0,4 | 10 | 0,2) 
P000114;1,95;0,19;52;0,5;Sim/B/B03;1,64;0,28;10;0,7;Sim/B/B03 Sim/B/B01 Sim/B/B04 Sim/C/C04 ;1,64 (0,28 | 10 | 0,7) 1,8 (0,43 | 10 | 0,9) 1,85 (0,85 | 5 | 0) 1,92 (0,83 | 5 | 0) 
P000115;1,52;0,15;53;0,74;Sim/B/B02;0,81;0,26;10;0,5;Sim/B/B02 Sim/A/A04 Sim/C/C07 Sim/C/C04 Sim/C/C10 ;0,81 (0,26 | 10 | 0,5) 0,92 (0,55 | 7 | 0,86) 1,52 (2,02 | 1 | 0) 1,52 (2,7 | 1 | 0) 1,52 (3,45 | 1 | 0) 
P000116;4,77;0,12;67;0,85;Sim/B/B04;3,91;0,36;10;0,9;Sim/B/B03 Sim/B/B02 Sim/B/B04 Sim/C/C06 Sim/C/C10 Sim/C/C07 Sim/C/C08 ;2,26 (0,85 | 6 | 0,83) 3,3 (0,83 | 5 | 0,8) 3,91 (0,36 | 10 | 0,9) 4,29 (0,21 | 5 | 0,6) 4,46 (0,34 | 10 | 0,8) 4,72 (0,66 | 5 | 0,8) 4,77 (0,2 | 4 | 0,5) 
P000117;-3,56;0,19;32;0,25;Sim/A/A01;-3,69;0,23;6;0,5;Sim/A/A01 Sim/A/A05 Sim/A/A06 Sim/A/A02 Sim/B/B01 Sim/B/B02 ;-3,69 (0,23 | 6 | 0,5) -3,6 (0,62 | 5 | 0) -3,57 (2,14 | 5 | 0) -3,57 (1,04 | 5 | 0) -3,56 (3,14 | 5 | 0) -3,56 (7,21 | 1 | 0) 
P000118;0,65;0,1;74;0,7;Sim/A/A02;0,24;0,34;10;0,8;Sim/A/A02 Sim/B/B03 Sim/C/C03 Sim/C/C02 ;0,24 (0,34 | 10 | 0,8) 0,53 (0,23 | 6 | 0,33) 0,53 (0,2 | 4 | 0,5) 0,6 (0,29 | 10 | 0,7) 
P000119;1,36;0,13;70;0,77;Sim/A/A04;0,59;0,34;10;0,8;Sim/A/A04 Sim/A/A02 Sim/C/C03 Sim/B/B02 Sim/C/C04 Sim/C/C07 ;0,59 (0,34 | 10 | 0,8) 0,89 (0,39 | 10 | 0,9) 1,15 (0,25 | 10 | 0,8) 1,32 (0,43 | 10 | 0,6) 1,36 (1,92 | 2 | 0) 1,36 (2,4 | 1 | 0) 
P000120;1,67;0,18;46;0,76;Sim/B/B02;1,37;0,44;10;0,6;Sim/A/A04 Sim/B/B02 Sim/B/B03 Sim/C/C07 Sim/C/C04 Sim/C/C10 ;1 (0,63 | 6 | 0,83) 1,37 (0,44 | 10 | 0,6) 1,46 (0,25 | 7 | 0,57) 1,66 (1,75 | 1 | 0) 1,67 (2,21 | 1 | 0) 1,67 (2,75 | 1 | 0) 
P000121;-0;0,09;59;0,61;Sim/B/B02;-0,14;0,22;5;0,4;Sim/C/C03 Sim/B/B02 Sim/A/A04 Sim/A/A02 ;-1,29 (0,77 | 6 | 0) -0,14 (0,22 | 5 | 0,4) -0,13 (0,24 | 3 | 0,33) -0,08 (0,3 | 10 | 0,7) 
P000122;-3,31;0,18;45;0,31;Sim/A/A01;-3,45;0,25;10;0,5;Sim/A/A01 Sim/A/A02 Sim/B/B01 Sim/A/A06 Sim/B/B02 ;-3,45 (0,25 | 10 | 0,5) -3,32 (0,63 | 5 | 0) -3,31 (2,71 | 5 | 0) -3,31 (1,82 | 5 | 0) -3,31 (6,17 | 1 | 0) 
P000123;1,74;0,18;68;0,44;Sim/B/B03;1,41;0,24;6;0,5;Sim/B/B03 Sim/B/B04 Sim/B/B01 Sim/C/C10 Sim/C/C05 ;1,41 (0,24 | 6 | 0,5) 1,54 (2,42 | 1 | 0) 1,57 (0,36 | 10 | 0,9) 1,73 (1,41 | 5 | 0) 1,74 (1,83 | 6 | 0) 
P000124;4,57;0,1;76;0,78;Sim/C/C05;4,09;0,26;10;0,7;Sim/B/B01 Sim/B/B02 Sim/C/C05 Sim/C/C10 Sim/C/C06 Sim/C/C07 ;2,65 (1,22 | 5 | 0,8) 4,03 (1,72 | 5 | 0,8) 4,09 (0,26 | 10 | 0,7) 4,16 (0,25 | 10 | 0,7) 4,46 (0,24 | 8 | 0,88) 4,57 (0,44 | 10 | 0,8) 
P000125;-5,29;0,7;26;0;;;;;;;
P000126;-0,58;0,08;59;0,36;Sim/C/C02;-0,75;0,23;6;0,33;Sim/C/C02 Sim/B/B02 Sim/A/A06 Sim/A/A07 ;-0,75 (0,23 | 6 | 0,33) -0,74 (0,36 | 10 | 0) -0,66 (0,22 | 3 | 0,67) -0,65 (0,2 | 4 | 0,5) 
P000127;1,03;0,11;60;0,68;Sim/B/B02;0,81;0,26;10;0,5;Sim/B/B02 Sim/A/A02 Sim/C/C03 Sim/C/C02 Sim/B/B01 ;0,81 (0,26 | 10 | 0,5) 0,83 (0,39 | 10 | 0,9) 0,83 (0,2 | 7 | 0,57) 0,84 (0,3 | 10 | 0,7) 0,94 (0,24 | 9 | 0,56) 
P000128;-3,05;0,17;46;0,37;Sim/A/A03;-3,25;0,39;10;0,8;Sim/A/A03 Sim/A/A01 Sim/B/B01 Sim/A/A06 ;-3,25 (0,39 | 10 | 0,8) -3,06 (0,34 | 10 | 0,7) -3,06 (2,24 | 5 | 0) -3,06 (1,55 | 5 | 0) 
P000129;2,79;0,12;47;0,43;;;;;;Sim/C/C04 Sim/C/C05 Sim/C/C10 ;2,05 (0,73 | 5 | 0,2) 2,09 (0,9 | 8 | 0) 2,46 (0,51 | 10 | 0,1) 
P000130;0,76;0,1;68;0,66;Sim/C/C02;0,19;0,27;10;0,5;Sim/A/A04 Sim/C/C02 Sim/C/C01 Sim/C/C03 ;0,11 (0,22 | 4 | 0,5) 0,19 (0,27 | 10 | 0,5) 0,61 (0,46 | 10 | 0,9) 0,62 (0,21 | 4 | 0,5) 
P000131;3,72;0,09;59;0,66;Sim/C/C04;3,17;0,28;10;0,4;Sim/C/C04 Sim/C/C07 Sim/C/C06 Sim/C/C10 ;3,17 (0,28 | 10 | 0,4) 3,41 (0,24 | 4 | 0,5) 3,62 (0,24 | 3 | 0) 3,66 (0,19 | 5 | 0,6) 
P000132;-0,28;0,08;65;0,51;Sim/C/C02;-0,99;0,28;10;0,3;Sim/C/C02 Sim/A/A06 Sim/C/C03 ;-0,99 (0,28 | 10 | 0,3) -0,74 (0,19 | 4 | 0,5) -0,64 (0,34 | 10 | 0,2) 
P000133;0,67;0,1;70;0,71;Sim/A/A02;-0,08;0,3;10;0,7;Sim/A/A02 Sim/A/A07 Sim/B/B02 Sim/B/B01 ;-0,08 (0,3 | 10 | 0,7) 0,11 (0,33 | 10 | 0,8) 0,51 (0,25 | 4 | 0,5) 0,59 (0,3 | 10 | 0,6) 
P000134;1,02;0,11;67;0,73;Sim/A/A02;0,24;0,34;10;0,8;Sim/A/A02 Sim/A/A04 Sim/B/B03 ;0,24 (0,34 | 10 | 0,8) 0,68 (0,38 | 10 | 0,8) 0,77 (0,22 | 5 | 0,4) 
P000135;0,07;0,09;79;0,51;Sim/C/C03;-0,56;0,33;10;0,2;Sim/C/C03 Sim/A/A04 Sim/A/A02 Sim/C/C02 ;-0,56 (0,33 | 10 | 0,2) -0,13 (0,24 | 3 | 0,33) -0,1 (0,3 | 10 | 0,7) 0,07 (0,25 | 9 | 0,56) 
P000136;0,03;0,09;86;0,56;Sim/A/A04;-0,59;0,25;7;0,43;Sim/A/A04 Sim/A/A07 Sim/A/A02 Sim/B/B03 ;-0,59 (0,25 | 7 | 0,43) -0,07 (0,26 | 10 | 0,6) -0,07 (0,31 | 10 | 0,7) 0,02 (0,42 | 10 | 0) 
P000137;1,36;0,13;60;0,78;Sim/C/C03;0,99;0,22;10;0,7;Sim/A/A04 Sim/C/C03 Sim/C/C02 ;0,99 (0,65 | 5 | 0,8) 0,99 (0,22 | 10 | 0,7) 1,18 (0,36 | 10 | 0,9) 
P000138;-1,79;0,16;38;0,18;;;;;;Sim/B/B01 Sim/A/A05 Sim/C/C01 Sim/A/A06 Sim/A/A04 Sim/C/C02 ;-2,51 (1,12 | 8 | 0,13) -2,15 (0,25 | 3 | 0,67) -2,13 (0,72 | 6 | 0) -2,05 (0,73 | 8 | 0,13) -2,01 (0,54 | 7 | 0) -1,8 (1,66 | 1 | 0) 
P000139;1,42;0,14;56;0,77;Sim/A/A04;0,68;0,38;10;0,8;Sim/A/A04 Sim/B/B01 Sim/B/B03 ;0,68 (0,38 | 10 | 0,8) 0,98 (0,25 | 7 | 0,57) 1,39 (0,23 | 5 | 0,8) 
P000140;-1,28;0,12;42;0,14;Sim/B/B01;-1,59;0,37;10;0,1;Sim/C/C01 Sim/A/A07 Sim/B/B02 Sim/B/B01 Sim/C/C02 Sim/A/A04 ;-2,14 (0,72 | 7 | 0) -1,7 (0,99 | 6 | 0) -1,59 (6,63 | 1 | 0) -1,59 (0,37 | 10 | 0,1) -1,44 (0,6 | 6 | 0,17) -1,32 (0,3 | 2 | 0) 
P000141;-2,04;0,15;31;0,42;Sim/A/A02;-2,47;0,24;6;0,33;Sim/A/A02 Sim/A/A06 ;-2,47 (0,24 | 6 | 0,33) -2,07 (0,88 | 5 | 0,2) 
P000142;0,68;0,09;77;0,69;Sim/B/B03;0,4;0,25;8;0,13;Sim/B/B03 Sim/A/A07 Sim/B/B02 Sim/B/B01 ;0,4 (0,25 | 8 | 0,13) 0,49 (0,48 | 10 | 0,8) 0,55 (0,22 | 7 | 0,57) 0,61 (0,29 | 10 | 0,5) 
P000143;-1,72;0,14;47;0,23;;;;;;Sim/C/C01 Sim/A/A06 Sim/A/A04 Sim/C/C02 ;-2,14 (0,72 | 7 | 0) -2,06 (0,72 | 8 | 0) -2,01 (0,54 | 7 | 0) -1,73 (1,62 | 1 | 0) 
P000144;2,62;0,14;51;0,43;Sim/C/C10;2,6;0,4;10;0,2;Sim/B/B04 Sim/B/B01 Sim/C/C05 Sim/C/C04 Sim/C/C10 ;2,01 (0,74 | 5 | 0) 2,02 (0,55 | 7 | 0,86) 2,09 (0,9 | 8 | 0,13) 2,29 (0,58 | 5 | 0,2) 2,6 (0,4 | 10 | 0,2) 
P000145;-1,37;0,11;57;0,3;Sim/B/B01;-1,59;0,37;10;0,1;Sim/C/C01 Sim/B/B02 Sim/B/B01 Sim/A/A06 Sim/A/A04 Sim/A/A05 ;-2,14 (0,72 | 7 | 0) -1,59 (6,63 | 1 | 0) -1,59 (0,37 | 10 | 0,1) -1,51 (0,32 | 10 | 0,2) -1,44 (0,25 | 4 | 0,25) -1,38 (0,58 | 7 | 0,86) 
P000146;4,16;0,11;52;0,77;Sim/C/C06;4,04;0,17;5;0,6;Sim/B/B01 Sim/C/C10 Sim/C/C06 ;2,35 (0,78 | 5 | 0,8) 3,44 (0,21 | 4 | 0,5) 4,04 (0,17 | 5 | 0,6) 
P000147;3,13;0,1;52;0,52;Sim/C/C05;2,99;0,21;8;0,38;Sim/B/B03 Sim/C/C06 Sim/C/C05 Sim/C/C07 ;2,13 (0,64 | 7 | 0,86) 2,9 (0,65 | 7 | 0) 2,99 (0,21 | 8 | 0,38) 3,07 (0,24 | 5 | 0,4) 
P000148;-0,86;0,08;61;0,3;Sim/A/A02;-0,9;0,24;6;0,5;Sim/C/C02 Sim/A/A06 Sim/A/A02 Sim/A/A07 Sim/B/B02 ;-1,68 (0,94 | 5 | 0) -1,14 (0,23 | 4 | 0,25) -0,9 (0,24 | 6 | 0,5) -0,88 (0,24 | 4 | 0,25) -0,87 (0,46 | 10 | 0) 
P000149;-1,81;0,14;54;0,17;Sim/A/A04;-1,9;0,41;10;0;Sim/A/A05 Sim/A/A04 Sim/C/C02 Sim/B/B02 Sim/A/A02 ;-2,09 (0,24 | 4 | 0,5) -1,9 (0,41 | 10 | 0) -1,82 (1,67 | 1 | 0) -1,81 (2,16 | 5 | 0) -1,81 (0,22 | 6 | 0,33) 
P000150;3,36;0,09;53;0,58;Sim/C/C04;2,75;0,35;10;0,4;Sim/C/C04 Sim/C/C06 Sim/C/C05 Sim/B/B02 Sim/C/C10 ;2,75 (0,35 | 10 | 0,4) 2,9 (0,65 | 7 | 0,14) 3,16 (0,19 | 6 | 0,5) 3,3 (0,83 | 5 | 0,8) 3,35 (0,18 | 4 | 0,5) 
P000151;5,67;0,38;57;0,96;Sim/C/C09;5,37;0,43;10;0,9;Sim/C/C07 Sim/C/C09 ;4,79 (0,66 | 6 | 0,83) 5,37 (0,43 | 10 | 0,9) 
P000152;-1,53;0,13;47;0,3;Sim/A/A02;-1,68;0,23;6;0,5;Sim/B/B01 Sim/A/A06 Sim/C/C02 Sim/A/A02 ;-2,51 (1,12 | 8 | 0,13) -1,92 (0,65 | 7 | 0) -1,76 (0,94 | 6 | 0) -1,68 (0,23 | 6 | 0,5) 
P000153;-1,88;0,16;23;0,39;Sim/A/A02;-1,98;0,22;6;0,5;Sim/A/A02 Sim/B/B01 ;-1,98 (0,22 | 6 | 0,5) -1,91 (0,59 | 5 | 0) 
P000154;4,37;0,1;74;0,74;Sim/B/B04;3,79;0,31;10;0,7;Sim/B/B02 Sim/B/B04 Sim/C/C10 Sim/C/C09 ;2,98 (0,51 | 6 | 0,67) 3,79 (0,31 | 10 | 0,7) 4,03 (0,25 | 6 | 0,67) 4,04 (0,24 | 9 | 0,33) 
P000155;-3,39;0,17;46;0,33;Sim/A/A03;-3,64;0,26;10;0,6;Sim/A/A03 Sim/A/A02 Sim/B/B01 Sim/A/A06 Sim/B/B02 ;-3,64 (0,26 | 10 | 0,6) -3,4 (0,74 | 5 | 0) -3,4 (2,86 | 5 | 0) -3,39 (1,92 | 5 | 0) -3,39 (6,51 | 1 | 0) 
P000156;5,85;0,53;55;0,98;Sim/C/C04;5,05;0,45;10;0,9;Sim/C/C04 ;5,05 (0,45 | 10 | 0,9) 
P000157;-1,61;0,17;39;0,33;Sim/A/A02;-1,84;0,23;5;0,6;Sim/A/A06 Sim/A/A02 ;-2,05 (0,74 | 7 | 0) -1,84 (0,23 | 5 | 0,6) 
P000158;4,37;0,1;62;0,81;Sim/C/C06;3,87;0,18;5;0,4;Sim/C/C06 Sim/B/B02 Sim/C/C05 Sim/C/C09 ;3,87 (0,18 | 5 | 0,4) 4,03 (1,72 | 5 | 0,8) 4,07 (0,26 | 10 | 0,8) 4,35 (0,22 | 4 | 0,5) 
P000159;-3,15;0,17;46;0,3;Sim/A/A05;-3,4;0,41;10;0,2;Sim/A/A05 Sim/A/A01 Sim/B/B01 ;-3,4 (0,41 | 10 | 0,2) -3,3 (0,27 | 10 | 0,6) -3,16 (2,42 | 5 | 0) 
P000160;-0,1;0,09;59;0,56;Sim/A/A02;-0,67;0,24;7;0,57;Sim/A/A02 Sim/C/C03 Sim/C/C02 Sim/B/B01 ;-0,67 (0,24 | 7 | 0,57) -0,44 (0,32 | 10 | 0,3) -0,29 (0,23 | 5 | 0,6) -0,18 (0,25 | 5 | 0,4) 
P000161;-1,68;0,17;37;0,35;Sim/A/A02;-1,84;0,23;5;0,6;Sim/A/A02 Sim/A/A06 ;-1,84 (0,23 | 5 | 0,6) -1,7 (0,41 | 10 | 0,2) 
P000162;-0,76;0,08;67;0,43;Sim/A/A06;-1,06;0,18;6;0,33;Sim/A/A04 Sim/A/A06 Sim/C/C02 ;-1,44 (0,25 | 4 | 0,25) -1,06 (0,18 | 6 | 0,33) -0,77 (0,24 | 5 | 0,4) 
P000163;-0,76;0,08;58;0,45;Sim/B/B01;-1,23;0,3;10;0,3;Sim/B/B01 Sim/A/A04 Sim/C/C02 Sim/C/C01 Sim/A/A02 ;-1,23 (0,3 | 10 | 0,3) -1,06 (0,17 | 7 | 0,43) -1,02 (0,29 | 10 | 0,2) -0,95 (0,22 | 5 | 0,4) -0,93 (0,22 | 8 | 0,5) 
P000164;6,08;0,8;51;1;;;;;;;
P000165;-3,94;0,15;32;0,22;Sim/A/A03;-4,47;0,22;6;0,17;Sim/A/A03 Sim/A/A06 Sim/A/A02 ;-4,47 (0,22 | 6 | 0,17) -3,95 (2,57 | 5 | 0) -3,94 (2,3 | 5 | 0) 
P000166;-1,97;0,15;40;0,15;;;;;;Sim/A/A05 Sim/A/A04 Sim/C/C01 Sim/B/B01 Sim/C/C02 ;-2,21 (0,23 | 4 | 0,5) -2,01 (0,5 | 10 | 0) -1,99 (0,65 | 4 | 0) -1,99 (0,65 | 5 | 0) -1,97 (1,77 | 1 | 0) 
P000167;2,05;0,21;33;0,58;Sim/B/B02;2,02;0,3;10;0,5;Sim/B/B04 Sim/B/B02 Sim/C/C07 Sim/C/C04 Sim/C/C10 ;1,9 (0,79 | 5 | 0) 2,02 (0,3 | 10 | 0,5) 2,04 (1,25 | 1 | 0) 2,04 (1,33 | 1 | 0) 2,05 (1,53 | 1 | 0) 
P000168;0,13;0,09;64;0,66;Sim/A/A02;-0,72;0,25;8;0,5;Sim/A/A02 Sim/C/C02 Sim/A/A07 Sim/B/B01 Sim/C/C01 ;-0,72 (0,25 | 8 | 0,5) -0,31 (0,25 | 5 | 0,4) -0,12 (0,25 | 9 | 0,56) -0,04 (0,24 | 5 | 0,6) -0,04 (0,21 | 10 | 0,7) 
P000169;-5,29;0,7;26;0;;;;;;;
P000170;1,5;0,15;51;0,76;Sim/B/B03;1,39;0,23;5;0,8;Sim/B/B03 Sim/C/C03 Sim/C/C04 Sim/C/C07 ;1,39 (0,23 | 5 | 0,8) 1,44 (0,35 | 10 | 0,9) 1,5 (1,77 | 2 | 0) 1,5 (2,07 | 1 | 0) 
P000171;-1,83;0,16;33;0,3;Sim/A/A05;-1,96;0,25;6;0,67;Sim/A/A06 Sim/A/A05 Sim/A/A02 ;-2,05 (0,74 | 7 | 0) -1,96 (0,25 | 6 | 0,67) -1,84 (0,23 | 5 | 0,6) 
P000172;2,27;0,19;48;0,38;Sim/B/B03;1,52;0,24;10;0,6;Sim/B/B03 Sim/B/B04 Sim/C/C07 ;1,52 (0,24 | 10 | 0,6) 2,01 (0,74 | 5 | 0,2) 2,02 (0,83 | 5 | 0) 
P000173;2,27;0,18;56;0,54;Sim/B/B03;1,77;0,34;10;0,8;Sim/B/B03 Sim/B/B01 Sim/C/C04 ;1,77 (0,34 | 10 | 0,8) 2,02 (0,55 | 7 | 0,86) 2,05 (0,73 | 5 | 0) 
P000174;-1,44;0,12;53;0,25;Sim/C/C01;-1,76;0,45;10;0,1;Sim/A/A04 Sim/C/C02 Sim/C/C01 Sim/B/B02 Sim/B/B01 ;-2,01 (0,54 | 7 | 0) -1,76 (0,94 | 6 | 0) -1,76 (0,45 | 10 | 0,1) -1,59 (6,63 | 1 | 0) -1,59 (0,37 | 10 | 0,1) 
P000175;-2,2;0,16;39;0,21;Sim/A/A05;-2,65;0,2;6;0,33;Sim/A/A05 Sim/A/A06 Sim/B/B01 ;-2,65 (0,2 | 6 | 0,33) -2,22 (0,95 | 5 | 0) -2,21 (0,87 | 5 | 0) 
P000176;1,04;0,11;70;0,71;Sim/A/A07;0,23;0,37;10;0,7;Sim/A/A07 Sim/B/B01 Sim/C/C02 Sim/A/A02 Sim/A/A04 ;0,23 (0,37 | 10 | 0,7) 0,69 (0,28 | 10 | 0,5) 0,69 (0,29 | 10 | 0,7) 0,83 (0,39 | 10 | 0,9) 0,92 (0,63 | 5 | 0,8) 
P000177;-0,47;0,08;65;0,46;Sim/A/A04;-1,17;0,23;6;0,33;Sim/A/A04 Sim/B/B02 Sim/B/B01 ;-1,17 (0,23 | 6 | 0,33) -0,79 (0,39 | 10 | 0) -0,55 (0,25 | 10 | 0,5) 
P000178;0,82;0,1;57;0,74;Sim/A/A02;-0,07;0,31;10;0,7;Sim/A/A02 Sim/A/A04 Sim/B/B02 ;-0,07 (0,31 | 10 | 0,7) 0,03 (0,21 | 5 | 0,4) 0,51 (0,25 | 4 | 0,5) 
P000179;1,85;0,19;61;0,57;Sim/B/B03;1,41;0,24;6;0,5;Sim/B/B03 Sim/C/C03 Sim/B/B01 Sim/C/C04 ;1,41 (0,24 | 6 | 0,5) 1,44 (0,35 | 10 | 0,9) 1,53 (0,34 | 10 | 0,8) 1,82 (0,92 | 5 | 0) 
P000180;2,43;0,17;49;0,41;Sim/B/B03;1,78;0,34;10;0,7;Sim/B/B03 Sim/B/B04 Sim/C/C05 ;1,78 (0,34 | 10 | 0,7) 2,01 (0,74 | 5 | 0) 2,43 (0,49 | 7 | 0) 
P000181;1,72;0,18;43;0,72;Sim/B/B02;1,62;0,4;10;0,5;Sim/B/B02 Sim/B/B01 Sim/B/B03 Sim/C/C07 Sim/C/C04 Sim/C/C10 ;1,62 (0,4 | 10 | 0,5) 1,63 (0,38 | 10 | 0,8) 1,68 (0,29 | 10 | 0,8) 1,71 (1,67 | 1 | 0) 1,72 (2,06 | 1 | 0) 1,72 (2,55 | 1 | 0) 
P000182;2,54;0,15;51;0,47;Sim/B/B02;2,38;0,32;10;0,6;Sim/C/C05 Sim/C/C04 Sim/B/B02 ;2,09 (0,9 | 8 | 0) 2,15 (0,66 | 5 | 0,2) 2,38 (0,32 | 10 | 0,6) 
P000183;2,66;0,12;61;0,44;Sim/B/B02;2,49;0,34;10;0,7;Sim/C/C10 Sim/C/C05 Sim/B/B02 Sim/C/C07 ;2,05 (1,01 | 7 | 0,14) 2,09 (0,9 | 8 | 0,13) 2,49 (0,34 | 10 | 0,7) 2,57 (0,35 | 10 | 0,2) 
P000184;-4,89;0,32;32;0,06;;;;;;Sim/B/B01 Sim/B/B02 Sim/B/B03 ;-4,9 (5,35 | 5 | 0) -4,9 (9,73 | 1 | 0) -4,9 (9,16 | 1 | 0) 
P000185;-0,46;0,08;58;0,59;Sim/C/C01;-0,93;0,22;5;0,4;Sim/C/C02 Sim/C/C01 Sim/A/A04 ;-1,44 (0,6 | 6 | 0,17) -0,93 (0,22 | 5 | 0,4) -0,59 (0,25 | 7 | 0,43) 
P000186;-0,72;0,08;56;0,39;Sim/B/B01;-0,94;0,28;10;0,4;Sim/C/C03 Sim/B/B02 Sim/B/B01 Sim/A/A02 Sim/A/A07 Sim/A/A06 ;-1,89 (1,27 | 5 | 0,2) -1,05 (0,71 | 6 | 0) -0,94 (0,28 | 10 | 0,4) -0,93 (0,22 | 8 | 0,5) -0,88 (0,24 | 4 | 0,25) -0,82 (0,18 | 4 | 0,5) 
P000187;1,77;0,19;38;0,68;Sim/B/B02;1,51;0,43;10;0,5;Sim/B/B02 Sim/B/B03 Sim/C/C07 Sim/C/C04 Sim/C/C10 ;1,51 (0,43 | 10 | 0,5) 1,58 (0,26 | 10 | 0,6) 1,77 (1,59 | 1 | 0) 1,77 (1,91 | 1 | 0) 1,77 (2,34 | 1 | 0) 
P000188;4,36;0,09;78;0,77;Sim/C/C09;4,17;0,21;7;0,29;Sim/B/B02 Sim/C/C08 Sim/C/C09 Sim/C/C05 ;3,26 (0,79 | 5 | 0,8) 3,37 (0,6 | 6 | 0) 4,17 (0,21 | 7 | 0,29) 4,23 (0,32 | 10 | 0,8) 
P000189;2,83;0,13;44;0,48;;;;;;Sim/C/C10 Sim/B/B03 Sim/C/C04 ;2,05 (1,01 | 7 | 0) 2,13 (0,64 | 7 | 0,86) 2,29 (0,54 | 7 | 0,14) 
P000190;-0,49;0,08;73;0,41;Sim/A/A04;-1,17;0,2;7;0,29;Sim/A/A04 Sim/C/C01 Sim/A/A02 Sim/B/B03 ;-1,17 (0,2 | 7 | 0,29) -1,09 (0,22 | 8 | 0,38) -0,54 (0,25 | 8 | 0,5) -0,49 (0,92 | 7 | 0) 
P000191;-1,01;0,09;42;0,29;Sim/A/A02;-1,13;0,23;6;0,5;Sim/A/A04 Sim/C/C02 Sim/A/A02 Sim/B/B02 ;-2,01 (0,54 | 7 | 0) -1,68 (0,94 | 5 | 0) -1,13 (0,23 | 6 | 0,5) -1,01 (0,67 | 6 | 0) 
P000192;3,29;0,1;55;0,47;Sim/C/C04;2,81;0,35;10;0,3;Sim/C/C04 Sim/B/B02 Sim/C/C05 Sim/B/B04 ;2,81 (0,35 | 10 | 0,3) 2,98 (0,51 | 6 | 0,67) 3,14 (0,19 | 6 | 0,33) 3,2 (0,25 | 4 | 0,5) 
P000193;2,16;0,21;36;0,69;Sim/B/B01;1,53;0,34;10;0,8;Sim/B/B01 Sim/B/B04 Sim/C/C07 Sim/C/C04 Sim/C/C10 ;1,53 (0,34 | 10 | 0,8) 1,9 (0,79 | 5 | 0,2) 2,14 (1,16 | 1 | 0) 2,15 (1,17 | 1 | 0) 2,15 (1,32 | 1 | 0) 
P000194;-1,21;0,1;50;0,26;;;;;;Sim/A/A04 Sim/C/C02 Sim/A/A02 Sim/B/B02 ;-1,44 (0,25 | 4 | 0,25) -1,44 (0,6 | 6 | 0,17) -1,24 (0,24 | 4 | 0,5) -1,22 (0,99 | 5 | 0) 
P000195;-0,05;0,09;70;0,63;Sim/B/B01;-0,26;0,25;5;0,6;Sim/B/B01 Sim/B/B02 Sim/A/A04 Sim/A/A02 Sim/C/C01 Sim/C/C03 ;-0,26 (0,25 | 5 | 0,6) -0,18 (0,23 | 4 | 0,5) -0,13 (0,24 | 3 | 0,33) -0,08 (0,3 | 10 | 0,7) -0,08 (0,22 | 8 | 0,63) -0,07 (0,28 | 10 | 0,4) 
P000196;-1,2;0,1;54;0,33;Sim/A/A02;-1,54;0,24;6;0,5;Sim/C/C01 Sim/C/C02 Sim/A/A02 ;-2,14 (0,72 | 7 | 0) -1,76 (0,94 | 6 | 0,17) -1,54 (0,24 | 6 | 0,5) 
P000197;-1,65;0,14;43;0,28;Sim/A/A05;-1,68;0,34;10;0,8;Sim/B/B01 Sim/C/C01 Sim/A/A04 Sim/A/A05 Sim/C/C02 ;-2,51 (1,12 | 8 | 0) -2,14 (0,72 | 7 | 0) -2,01 (0,54 | 7 | 0) -1,68 (0,34 | 10 | 0,8) -1,66 (1,59 | 1 | 0) 
P000198;-4,92;0,35;32;0,09;;;;;;Sim/A/A01 Sim/B/B01 Sim/A/A06 Sim/B/B02 ;-5,32 (0,73 | 6 | 0,17) -4,93 (6,84 | 5 | 0) -4,92 (4,92 | 5 | 0) -4,92 (132522,39 | 1 | 0) 
P000199;1,23;0,12;66;0,76;Sim/A/A04;0,55;0,32;10;0,8;Sim/A/A04 Sim/A/A02 Sim/B/B02 Sim/C/C03 Sim/C/C07 ;0,55 (0,32 | 10 | 0,8) 0,83 (0,39 | 10 | 0,9) 1,03 (0,34 | 10 | 0,5) 1,08 (0,24 | 9 | 0,67) 1,23 (2,75 | 1 | 0) 
P000200;-1,86;0,15;41;0,27;Sim/A/A04;-1,96;0,46;10;0;Sim/A/A04 Sim/A/A06 Sim/B/B02 ;-1,96 (0,46 | 10 | 0) -1,95 (0,69 | 6 | 0) -1,86 (15,02 | 1 | 0) 
P000201;-2,23;0,16;21;0,29;;;;;;Sim/A/A06 Sim/B/B01 ;-2,25 (0,96 | 5 | 0) -2,24 (0,9 | 5 | 0) 
P000202;-0,94;0,09;42;0,4;Sim/A/A02;-1,54;0,24;6;0,5;Sim/C/C02 Sim/A/A02 Sim/B/B02 Sim/C/C01 Sim/B/B01 ;-1,68 (0,94 | 5 | 0) -1,54 (0,24 | 6 | 0,5) -1,05 (0,73 | 5 | 0) -0,95 (0,23 | 4 | 0,5) -0,94 (0,28 | 10 | 0,4) 
P000203;2,04;0,21;38;0,68;Sim/B/B02;1,77;0,35;10;0,5;Sim/B/B04 Sim/B/B02 Sim/C/C07 Sim/C/C04 Sim/C/C10 ;1,76 (0,88 | 5 | 0,2) 1,77 (0,35 | 10 | 0,5) 2,03 (1,26 | 1 | 0) 2,04 (1,34 | 1 | 0) 2,04 (1,55 | 1 | 0) 
P000204;-1,83;0,15;49;0,29;Sim/A/A05;-2,81;0,2;7;0,29;Sim/A/A05 Sim/B/B02 ;-2,81 (0,2 | 7 | 0,29) -1,83 (13,51 | 1 | 0) 
P000205;-2,97;0,17;36;0,28;Sim/A/A01;-3,35;0,28;10;0,6;Sim/A/A01 Sim/B/B01 ;-3,35 (0,28 | 10 | 0,6) -2,97 (2,08 | 5 | 0) 
P000206;2,68;0,12;64;0,39;Sim/B/B02;2,45;0,33;10;0,7;Sim/B/B02 Sim/C/C07 Sim/C/C04 Sim/B/B04 ;2,45 (0,33 | 10 | 0,7) 2,46 (0,4 | 10 | 0,2) 2,47 (0,45 | 10 | 0,1) 2,67 (0,2 | 8 | 0,38) 
P000207;2,34;0,18;49;0,39;Sim/B/B02;2,16;0,3;10;0,5;Sim/B/B04 Sim/C/C04 Sim/B/B03 Sim/B/B02 Sim/C/C10 Sim/C/C05 ;1,9 (0,79 | 5 | 0) 2,05 (0,73 | 5 | 0) 2,13 (0,64 | 7 | 0,86) 2,16 (0,3 | 10 | 0,5) 2,31 (0,67 | 6 | 0) 2,32 (0,63 | 6 | 0) 
P000208;-3,18;0,18;48;0,4;Sim/A/A02;-3,22;0,47;10;0;Sim/A/A05 Sim/A/A02 Sim/A/A03 Sim/B/B01 Sim/B/B02 ;-3,92 (1,05 | 6 | 0,17) -3,22 (0,47 | 10 | 0) -3,21 (0,4 | 10 | 0,8) -3,18 (2,47 | 5 | 0) -3,18 (5,7 | 1 | 0) 
P000209;-0,9;0,08;57;0,3;Sim/B/B01;-1,43;0,33;10;0,2;Sim/C/C03 Sim/C/C02 Sim/B/B01 Sim/A/A06 Sim/A/A02 ;-1,89 (1,27 | 5 | 0,2) -1,68 (0,94 | 5 | 0) -1,43 (0,33 | 10 | 0,2) -0,95 (0,17 | 6 | 0,5) -0,9 (0,24 | 6 | 0,5) 
P000210;1,04;0,11;60;0,7;Sim/C/C02;0,41;0,29;10;0,5;Sim/C/C02 Sim/B/B01 Sim/A/A02 ;0,41 (0,29 | 10 | 0,5) 0,69 (0,28 | 10 | 0,5) 0,83 (0,39 | 10 | 0,9) 
P000211;5,34;0,22;64;0,92;Sim/C/C09;5,07;0,28;10;0,8;Sim/B/B02 Sim/C/C07 Sim/C/C06 Sim/C/C09 ;3,3 (0,83 | 5 | 0,8) 4,72 (0,66 | 5 | 0,8) 4,91 (0,56 | 9 | 0,89) 5,07 (0,28 | 10 | 0,8) 
P000212;4,85;0,14;61;0,9;Sim/C/C05;4,38;0,4;10;0,8;Sim/C/C05 Sim/C/C09 ;4,38 (0,4 | 10 | 0,8) 4,49 (0,2 | 4 | 0,5) 
P000213;-1,82;0,16;31;0,35;Sim/A/A02;-1,98;0,22;6;0,5;Sim/B/B01 Sim/A/A02 ;-2,51 (1,12 | 8 | 0) -1,98 (0,22 | 6 | 0,5) 
P000214;-2,93;0,17;36;0,44;Sim/A/A01;-3,68;0,24;6;0,5;Sim/A/A01 Sim/A/A03 Sim/A/A06 Sim/B/B01 ;-3,68 (0,24 | 6 | 0,5) -3,06 (0,47 | 10 | 0,9) -2,93 (1,43 | 5 | 0) -2,93 (1,99 | 5 | 0) 
P000215;0,16;0,09;73;0,58;Sim/A/A07;0,15;0,34;10;0,7;Sim/C/C02 Sim/A/A04 Sim/A/A06 Sim/A/A07 ;-0,46 (0,24 | 4 | 0,5) -0,13 (0,24 | 3 | 0,33) 0,09 (0,6 | 6 | 0,83) 0,15 (0,34 | 10 | 0,7) 
P000216;0,85;0,1;67;0,72;Sim/B/B01;0,8;0,26;10;0,5;Sim/C/C03 Sim/B/B01 Sim/B/B02 Sim/A/A02 ;0,65 (0,23 | 3 | 0,67) 0,8 (0,26 | 10 | 0,5) 0,82 (0,27 | 10 | 0,5) 0,83 (0,39 | 10 | 0,9) 
P000217;0,56;0,09;79;0,66;Sim/A/A02;-0,72;0,25;8;0,5;Sim/A/A02 Sim/B/B01 Sim/B/B03 ;-0,72 (0,25 | 8 | 0,5) 0,28 (0,27 | 10 | 0,5) 0,48 (0,23 | 7 | 0,29) 
P000218;4,07;0,11;51;0,8;Sim/C/C10;3,51;0,18;5;0,6;Sim/B/B02 Sim/C/C07 Sim/C/C10 ;3,26 (0,79 | 5 | 0,8) 3,4 (0,23 | 4 | 0,5) 3,51 (0,18 | 5 | 0,6) 
P000219;-3,18;0,18;40;0,33;Sim/A/A01;-3,54;0,23;8;0,5;Sim/A/A01 Sim/A/A02 Sim/B/B01 Sim/A/A06 Sim/B/B02 ;-3,54 (0,23 | 8 | 0,5) -3,24 (0,48 | 10 | 0,1) -3,18 (2,47 | 5 | 0) -3,18 (1,68 | 5 | 0) -3,18 (5,71 | 1 | 0) 
P000220;2,92;0,11;57;0,4;Sim/B/B02;2,18;0,3;10;0,5;Sim/C/C05 Sim/B/B02 Sim/B/B03 Sim/B/B01 Sim/B/B04 Sim/C/C06 ;2,12 (0,9 | 7 | 0) 2,18 (0,3 | 10 | 0,5) 2,31 (0,93 | 5 | 0,8) 2,35 (0,78 | 5 | 0,8) 2,84 (0,23 | 3 | 0,33) 2,91 (0,66 | 6 | 0) 
P000221;0,86;0,1;56;0,73;Sim/A/A04;0,25;0,22;9;0,67;Sim/A/A04 Sim/B/B03 Sim/B/B02 Sim/C/C02 ;0,25 (0,22 | 9 | 0,67) 0,48 (0,24 | 6 | 0,33) 0,51 (0,25 | 4 | 0,5) 0,79 (0,3 | 10 | 0,7) 
P000222;-2,01;0,15;26;0,46;Sim/A/A02;-2,2;0,24;6;0,5;Sim/A/A02 Sim/B/B01 ;-2,2 (0,24 | 6 | 0,5) -2,03 (0,68 | 5 | 0) 
P000223;-4,35;0,15;32;0,13;Sim/A/A01;-4,66;0,25;5;0,2;Sim/A/A01 Sim/A/A05 Sim/A/A06 Sim/B/B01 Sim/A/A02 Sim/B/B02 Sim/B/B03 ;-4,66 (0,25 | 5 | 0,2) -4,36 (1,44 | 5 | 0) -4,35 (3,03 | 5 | 0) -4,35 (4,43 | 5 | 0) -4,35 (3,15 | 5 | 0) -4,35 (9,15 | 1 | 0) -4,35 (8,48 | 1 | 0) 
P000224;-1,95;0,16;31;0,42;Sim/A/A02;-2,22;0,23;7;0,43;Sim/A/A02 Sim/A/A06 ;-2,22 (0,23 | 7 | 0,43) -1,97 (0,77 | 5 | 0) 
P000225;-0,03;0,08;78;0,53;Sim/B/B02;-0,58;0,27;10;0;Sim/B/B02 Sim/A/A07 Sim/A/A04 Sim/A/A02 ;-0,58 (0,27 | 10 | 0) -0,27 (0,21 | 7 | 0,57) -0,13 (0,24 | 3 | 0,33) -0,09 (0,3 | 10 | 0,7) 
P000226;0,79;0,1;73;0,7;Sim/C/C01;0,23;0,29;10;0,8;Sim/C/C01 Sim/A/A02 Sim/A/A04 Sim/C/C03 ;0,23 (0,29 | 10 | 0,8) 0,24 (0,34 | 10 | 0,8) 0,31 (0,23 | 10 | 0,7) 0,62 (0,21 | 4 | 0,5) 
P000227;4,02;0,09;59;0,64;Sim/C/C10;3,82;0,22;5;0,6;Sim/B/B02 Sim/C/C07 Sim/C/C10 Sim/C/C06 Sim/C/C09 ;3,3 (0,83 | 5 | 0,8) 3,79 (0,21 | 4 | 0,5) 3,82 (0,22 | 5 | 0,6) 3,92 (0,2 | 4 | 0,5) 4,02 (0,24 | 9 | 0,33) 
P000228;0,99;0,1;53;0,75;Sim/B/B02;0,41;0,19;8;0,5;Sim/B/B02 Sim/B/B03 Sim/A/A04 ;0,41 (0,19 | 8 | 0,5) 0,76 (0,2 | 6 | 0,5) 0,99 (0,65 | 5 | 0,8) 
P000229;-0,17;0,08;70;0,51;Sim/C/C03;-0,3;0,32;10;0,3;Sim/C/C02 Sim/C/C03 Sim/B/B01 Sim/B/B03 ;-0,46 (0,24 | 4 | 0,5) -0,3 (0,32 | 10 | 0,3) -0,21 (0,23 | 8 | 0,38) -0,18 (0,66 | 5 | 0) 
P000230;-3,48;0,18;41;0,37;Sim/A/A03;-3,57;0,29;10;0,7;Sim/A/A05 Sim/A/A03 Sim/A/A02 Sim/A/A06 ;-4,01 (1,07 | 6 | 0,17) -3,57 (0,29 | 10 | 0,7) -3,5 (0,91 | 5 | 0) -3,5 (2,05 | 5 | 0) 
P000231;0,92;0,11;71;0,7;Sim/A/A07;-0,07;0,26;10;0,7;Sim/A/A07 Sim/B/B01 Sim/A/A04 Sim/A/A02 ;-0,07 (0,26 | 10 | 0,7) 0,41 (0,31 | 10 | 0,5) 0,68 (0,38 | 10 | 0,8) 0,83 (0,39 | 10 | 0,9) 
P000232;-2,95;0,16;38;0,39;Sim/A/A01;-3,42;0,25;9;0,56;Sim/A/A01 Sim/A/A06 ;-3,42 (0,25 | 9 | 0,56) -2,96 (1,46 | 5 | 0) 
P000233;-0,35;0,08;56;0,48;Sim/B/B01;-0,83;0,27;10;0,4;Sim/B/B01 Sim/A/A06 Sim/A/A07 ;-0,83 (0,27 | 10 | 0,4) -0,54 (0,23 | 5 | 0,8) -0,37 (0,23 | 4 | 0,5) 
P000234;-2,33;0,15;30;0,27;Sim/A/A02;-2,49;0,24;6;0,33;Sim/A/A02 Sim/A/A06 ;-2,49 (0,24 | 6 | 0,33) -2,35 (1,02 | 5 | 0) 
P000235;0,35;0,1;65;0,63;Sim/C/C01;0,03;0,24;8;0,63;Sim/C/C01 Sim/B/B02 Sim/B/B01 Sim/A/A02 Sim/A/A07 ;0,03 (0,24 | 8 | 0,63) 0,12 (0,25 | 4 | 0,5) 0,16 (0,25 | 9 | 0,56) 0,24 (0,34 | 10 | 0,8) 0,31 (0,4 | 10 | 0,8) 
P000236;1,68;0,18;53;0,79;Sim/A/A02;0,83;0,39;10;0,9;Sim/A/A02 Sim/B/B02 Sim/B/B01 Sim/C/C07 Sim/C/C04 Sim/C/C10 ;0,83 (0,39 | 10 | 0,9) 1,51 (0,43 | 10 | 0,5) 1,66 (0,38 | 10 | 0,8) 1,67 (1,74 | 1 | 0) 1,68 (2,18 | 1 | 0) 1,68 (2,71 | 1 | 0) 
P000237;3,67;0,1;42;0,69;Sim/C/C04;3,63;0,24;6;0,5;Sim/B/B03 Sim/B/B04 Sim/C/C10 Sim/C/C05 Sim/C/C04 Sim/C/C07 ;2,23 (0,89 | 5 | 0,8) 3,2 (0,25 | 4 | 0,5) 3,44 (0,2 | 4 | 0,5) 3,51 (0,22 | 4 | 0,5) 3,63 (0,24 | 6 | 0,5) 3,67 (0,23 | 4 | 0,5) 
P000238;-0,43;0,08;68;0,5;Sim/C/C03;-0,88;0,43;10;0,2;Sim/A/A06 Sim/C/C03 Sim/B/B01 Sim/B/B02 Sim/A/A04 ;-1,14 (0,23 | 4 | 0,25) -0,88 (0,43 | 10 | 0,2) -0,82 (0,27 | 10 | 0,4) -0,5 (0,25 | 8 | 0) -0,45 (0,25 | 8 | 0,5) 
P000239;-0,5;0,08;54;0,43;Sim/B/B01;-0,96;0,29;10;0,4;Sim/B/B01 Sim/C/C01 Sim/C/C03 Sim/A/A02 ;-0,96 (0,29 | 10 | 0,4) -0,75 (0,21 | 5 | 0,4) -0,64 (0,34 | 10 | 0,2) -0,64 (0,24 | 7 | 0,57) 
P000240;-2,96;0,15;45;0,36;Sim/A/A05;-3,13;0,27;10;0,2;Sim/A/A05 Sim/A/A06 Sim/B/B01 ;-3,13 (0,27 | 10 | 0,2) -2,97 (1,47 | 5 | 0) -2,96 (2,06 | 5 | 0) 
P000241;-3,5;0,17;39;0,31;;;;;;Sim/A/A05 Sim/B/B01 Sim/A/A02 Sim/A/A06 Sim/B/B02 ;-4,01 (1,07 | 6 | 0,17) -3,5 (3,05 | 5 | 0) -3,5 (0,91 | 5 | 0) -3,5 (2,06 | 5 | 0) -3,5 (6,95 | 1 | 0) 
P000242;3,89;0,09;60;0,6;Sim/C/C05;3,58;0,2;5;0,4;Sim/C/C05 Sim/C/C08 Sim/C/C06 Sim/C/C04 ;3,58 (0,2 | 5 | 0,4) 3,61 (0,39 | 10 | 0,1) 3,62 (0,24 | 3 | 0) 3,74 (0,24 | 6 | 0,5) 
P000243;-2,38;0,16;26;0,42;Sim/A/A02;-2,49;0,24;6;0,33;Sim/A/A02 Sim/B/B01 ;-2,49 (0,24 | 6 | 0,33) -2,38 (1,09 | 5 | 0) 
P000244;-3,04;0,16;46;0,35;Sim/A/A05;-3,27;0,33;10;0,2;Sim/A/A05 Sim/A/A03 Sim/B/B01 Sim/A/A06 ;-3,27 (0,33 | 10 | 0,2) -3,07 (0,46 | 10 | 0,8) -3,04 (2,21 | 5 | 0) -3,04 (1,54 | 5 | 0) 
P000245;4,6;0,11;67;0,84;Sim/C/C07;4,18;0,25;9;0,78;Sim/C/C07 Sim/C/C05 Sim/C/C09 ;4,18 (0,25 | 9 | 0,78) 4,19 (0,3 | 10 | 0,8) 4,35 (0,22 | 4 | 0,5) 
P000246;-2,93;0,16;44;0,36;Sim/A/A01;-3,5;0,25;8;0,63;Sim/A/A01 Sim/B/B01 Sim/B/B02 ;-3,5 (0,25 | 8 | 0,63) -2,94 (2,01 | 5 | 0) -2,94 (4,93 | 1 | 0) 
P000247;-3,39;0,2;35;0,29;Sim/A/A03;-3,71;0,25;7;0,57;Sim/A/A03 Sim/A/A01 Sim/A/A02 Sim/B/B01 Sim/A/A06 Sim/B/B02 ;-3,71 (0,25 | 7 | 0,57) -3,6 (0,25 | 7 | 0,57) -3,4 (0,74 | 5 | 0) -3,4 (2,86 | 5 | 0) -3,39 (1,92 | 5 | 0) -3,39 (6,51 | 1 | 0) 
P000248;-0,6;0,08;49;0,55;Sim/C/C01;-1,34;0,27;10;0,3;Sim/C/C01 Sim/A/A04 Sim/A/A02 Sim/C/C02 ;-1,34 (0,27 | 10 | 0,3) -0,73 (0,23 | 6 | 0,5) -0,65 (0,24 | 7 | 0,57) -0,62 (0,23 | 4 | 0,5) 
P000249;-3,76;0,16;36;0,25;Sim/A/A01;-4,12;0,24;6;0,33;Sim/A/A01 Sim/A/A06 Sim/B/B01 Sim/A/A02 Sim/B/B03 ;-4,12 (0,24 | 6 | 0,33) -3,76 (2,35 | 5 | 0) -3,76 (3,45 | 5 | 0) -3,76 (1,56 | 5 | 0) -3,76 (7,85 | 1 | 0) 
P000250;-2,39;0,15;30;0,27;Sim/A/A05;-2,74;0,2;7;0,29;Sim/A/A05 ;-2,74 (0,2 | 7 | 0,29) 
P000251;4,36;0,09;80;0,74;Sim/C/C07;3,89;0,2;6;0,5;Sim/B/B01 Sim/B/B02 Sim/B/B04 Sim/C/C07 Sim/C/C08 Sim/C/C05 ;2,01 (0,56 | 6 | 0,83) 3,3 (0,83 | 5 | 0,8) 3,39 (0,25 | 4 | 0,5) 3,89 (0,2 | 6 | 0,5) 3,95 (0,26 | 10 | 0,2) 4,27 (0,33 | 10 | 0,8) 
P000252;1,23;0,12;57;0,77;Sim/A/A02;0,83;0,39;10;0,9;Sim/A/A02 Sim/A/A04 Sim/C/C03 Sim/B/B03 ;0,83 (0,39 | 10 | 0,9) 0,92 (0,63 | 5 | 0,8) 0,98 (0,25 | 6 | 0,67) 1,23 (0,21 | 5 | 0,6) 
P000253;-0,41;0,08;67;0,55;Sim/C/C02;-0,96;0,27;10;0,4;Sim/C/C02 Sim/C/C01 Sim/B/B02 ;-0,96 (0,27 | 10 | 0,4) -0,95 (0,22 | 5 | 0,4) -0,54 (0,25 | 10 | 0,2) 
P000254;3,6;0,08;79;0,52;Sim/C/C06;3,16;0,36;10;0,2;Sim/C/C06 Sim/B/B02 Sim/C/C05 Sim/C/C08 Sim/C/C09 ;3,16 (0,36 | 10 | 0,2) 3,3 (0,83 | 5 | 0,8) 3,31 (0,21 | 5 | 0,4) 3,32 (0,61 | 6 | 0,17) 3,32 (0,68 | 8 | 0) 
P000255;-1,37;0,11;58;0,29;Sim/B/B01;-1,71;0,42;10;0,1;Sim/A/A06 Sim/B/B02 Sim/B/B01 Sim/A/A04 ;-1,93 (0,65 | 8 | 0) -1,71 (9,5 | 1 | 0) -1,71 (0,42 | 10 | 0,1) -1,44 (0,25 | 4 | 0,25) 
P000256;1,04;0,11;64;0,73;Sim/A/A02;0,41;0,35;10;0,8;Sim/A/A02 Sim/C/C02 Sim/A/A04 Sim/B/B02 Sim/B/B03 ;0,41 (0,35 | 10 | 0,8) 0,6 (0,29 | 10 | 0,7) 0,92 (0,55 | 7 | 0,86) 0,99 (0,33 | 10 | 0,5) 1 (0,19 | 6 | 0,5) 
P000257;-0,98;0,09;42;0,33;Sim/B/B01;-1,79;0,46;10;0,1;Sim/B/B01 Sim/C/C02 Sim/A/A07 Sim/A/A04 ;-1,79 (0,46 | 10 | 0,1) -1,68 (0,94 | 5 | 0,2) -1,62 (0,98 | 5 | 0,2) -1,14 (0,2 | 4 | 0,5) 
P000258;-1,51;0,13;56;0,29;Sim/A/A05;-1,83;0,27;10;0,8;Sim/A/A05 Sim/A/A02 Sim/B/B02 Sim/B/B01 Sim/C/C02 Sim/C/C03 ;-1,83 (0,27 | 10 | 0,8) -1,68 (0,23 | 6 | 0,5) -1,64 (1,81 | 5 | 0) -1,59 (0,37 | 10 | 0,1) -1,53 (0,71 | 5 | 0) -1,52 (1,35 | 1 | 0) 
P000259;3,02;0,11;53;0,47;Sim/B/B04;2,79;0,21;5;0,4;Sim/C/C05 Sim/C/C04 Sim/B/B04 Sim/C/C06 Sim/C/C07 ;2,18 (0,88 | 7 | 0,14) 2,27 (0,57 | 6 | 0,17) 2,79 (0,21 | 5 | 0,4) 2,86 (0,67 | 7 | 0,14) 3 (0,25 | 7 | 0,29) 
P000260;-1,58;0,13;52;0,29;Sim/A/A05;-1,97;0,23;9;0,78;Sim/A/A04 Sim/A/A05 Sim/B/B02 Sim/B/B01 Sim/C/C01 Sim/C/C02 Sim/C/C03 ;-2,01 (0,54 | 7 | 0) -1,97 (0,23 | 9 | 0,78) -1,73 (10,19 | 1 | 0) -1,73 (0,43 | 10 | 0,1) -1,66 (0,4 | 10 | 0,2) -1,59 (1,56 | 1 | 0) -1,58 (1,39 | 1 | 0) 
P000261;-0,68;0,08;56;0,38;Sim/B/B01;-0,76;0,27;10;0,4;Sim/A/A02 Sim/A/A04 Sim/B/B01 Sim/B/B02 ;-1,26 (0,25 | 4 | 0,25) -0,91 (0,22 | 4 | 0,5) -0,76 (0,27 | 10 | 0,4) -0,7 (0,34 | 8 | 0) 
P000262;-0,04;0,09;69;0,67;Sim/B/B01;-0,65;0,26;10;0,5;Sim/B/B01 Sim/C/C01 Sim/A/A06 Sim/A/A04 Sim/A/A07 ;-0,65 (0,26 | 10 | 0,5) -0,57 (0,22 | 4 | 0,5) -0,17 (0,35 | 10 | 0,8) -0,13 (0,24 | 3 | 0,33) -0,05 (0,27 | 10 | 0,8) 
P000263;0,79;0,11;78;0,74;Sim/A/A07;0,11;0,33;10;0,8;Sim/A/A07 Sim/C/C01 Sim/A/A02 Sim/C/C03 ;0,11 (0,33 | 10 | 0,8) 0,2 (0,28 | 10 | 0,8) 0,24 (0,34 | 10 | 0,8) 0,64 (0,21 | 4 | 0,5) 
P000264;-0,8;0,08;69;0,45;Sim/A/A05;-1,59;0,39;10;0,8;Sim/A/A07 Sim/A/A05 Sim/C/C03 Sim/A/A04 Sim/B/B01 Sim/A/A06 Sim/B/B02 ;-1,67 (1 | 5 | 0,2) -1,59 (0,39 | 10 | 0,8) -1,03 (0,53 | 6 | 0,17) -0,97 (0,19 | 5 | 0,6) -0,97 (0,29 | 10 | 0,3) -0,84 (0,18 | 5 | 0,6) -0,81 (0,42 | 8 | 0) 
P000265;-1,04;0,09;54;0,35;Sim/A/A06;-1,23;0,23;5;0,2;Sim/B/B01 Sim/C/C03 Sim/C/C02 Sim/A/A07 Sim/A/A04 Sim/A/A06 ;-2,51 (1,12 | 8 | 0) -1,89 (1,27 | 5 | 0) -1,68 (0,94 | 5 | 0) -1,67 (1 | 5 | 0,2) -1,44 (0,25 | 4 | 0,25) -1,23 (0,23 | 5 | 0,2) 
P000266;-0,27;0,08;68;0,51;Sim/B/B01;-1,23;0,3;10;0,3;Sim/B/B01 Sim/B/B02 Sim/A/A02 Sim/A/A07 Sim/C/C01 ;-1,23 (0,3 | 10 | 0,3) -0,55 (0,25 | 10 | 0,1) -0,44 (0,25 | 8 | 0,63) -0,44 (0,19 | 6 | 0,5) -0,37 (0,23 | 4 | 0,5) 
P000267;-1,15;0,1;43;0,44;Sim/A/A02;-1,54;0,24;6;0,5;Sim/A/A02 Sim/A/A04 Sim/A/A06 ;-1,54 (0,24 | 6 | 0,5) -1,54 (0,25 | 7 | 0,14) -1,23 (0,23 | 5 | 0,2) 
P000268;-3,6;0,17;35;0,31;Sim/A/A03;-3,7;0,25;7;0,71;Sim/A/A03 Sim/A/A05 Sim/A/A02 Sim/B/B02 ;-3,7 (0,25 | 7 | 0,71) -3,64 (0,65 | 5 | 0) -3,62 (1,11 | 5 | 0) -3,6 (2597,59 | 1 | 0) 
P000269;-2,02;0,15;35;0,2;;;;;;Sim/A/A05 Sim/C/C01 Sim/B/B01 Sim/C/C02 ;-2,35 (0,24 | 4 | 0,5) -2,04 (0,69 | 4 | 0) -2,04 (0,69 | 5 | 0) -2,03 (1,81 | 1 | 0) 
P000270;-1,84;0,16;30;0,43;Sim/A/A02;-2,48;0,23;7;0,29;Sim/B/B01 Sim/A/A02 ;-2,51 (1,12 | 8 | 0,13) -2,48 (0,23 | 7 | 0,29) 
P000271;-1,37;0,11;58;0,31;Sim/C/C01;-1,59;0,37;10;0,1;Sim/C/C02 Sim/C/C01 Sim/A/A02 Sim/A/A04 Sim/A/A05 ;-1,75 (0,95 | 5 | 0,2) -1,59 (0,37 | 10 | 0,1) -1,54 (0,24 | 6 | 0,5) -1,42 (0,24 | 5 | 0,4) -1,38 (0,58 | 7 | 0,86) 
P000272;2,62;0,14;55;0,47;Sim/B/B01;1,89;0,46;10;0,8;Sim/B/B01 Sim/B/B04 Sim/C/C10 Sim/C/C05 Sim/B/B03 ;1,89 (0,46 | 10 | 0,8) 2,02 (0,74 | 5 | 0,2) 2,05 (1,01 | 7 | 0,14) 2,12 (0,9 | 7 | 0) 2,13 (0,64 | 7 | 0,86) 
P000273;1,16;0,11;60;0,77;Sim/A/A02;0,83;0,39;10;0,9;Sim/A/A02 Sim/B/B02 Sim/C/C03 Sim/C/C07 ;0,83 (0,39 | 10 | 0,9) 0,85 (0,28 | 10 | 0,6) 1,15 (0,25 | 10 | 0,8) 1,16 (2,97 | 1 | 0) 
P000274;0,19;0,1;53;0,7;Sim/B/B01;-0,18;0,25;5;0,4;Sim/B/B01 Sim/C/C02 Sim/A/A07 Sim/A/A04 ;-0,18 (0,25 | 5 | 0,4) -0,13 (0,24 | 6 | 0,5) 0,01 (0,29 | 10 | 0,8) 0,14 (0,23 | 3 | 0,67) 
P000275;-0,91;0,09;53;0,34;Sim/A/A02;-1,25;0,24;5;0,4;Sim/C/C01 Sim/A/A02 Sim/A/A06 Sim/A/A07 ;-2,14 (0,72 | 7 | 0) -1,25 (0,24 | 5 | 0,4) -1,06 (0,18 | 6 | 0,33) -0,91 (0,25 | 4 | 0,25) 
P000276;1,04;0,11;57;0,79;Sim/B/B03;0,77;0,22;5;0,4;Sim/B/B02 Sim/B/B03 Sim/A/A04 ;0,51 (0,25 | 4 | 0,5) 0,77 (0,22 | 5 | 0,4) 0,82 (0,46 | 10 | 0,9) 
P000277;-2,52;0,15;30;0,37;Sim/A/A05;-2,78;0,22;5;0,4;Sim/A/A05 Sim/A/A01 Sim/B/B01 ;-2,78 (0,22 | 5 | 0,4) -2,56 (0,56 | 6 | 0,83) -2,52 (1,29 | 5 | 0) 
P000278;-0,39;0,08;64;0,42;Sim/A/A02;-0,91;0,24;6;0,5;Sim/A/A02 Sim/B/B02 Sim/C/C03 Sim/A/A07 Sim/A/A06 ;-0,91 (0,24 | 6 | 0,5) -0,58 (0,27 | 10 | 0) -0,51 (0,33 | 10 | 0,3) -0,45 (0,18 | 6 | 0,5) -0,41 (0,24 | 8 | 0,75) 
P000279;4,62;0,12;60;0,87;Sim/C/C09;4,08;0,23;7;0,29;Sim/C/C07 Sim/B/B02 Sim/C/C09 ;3,6 (0,21 | 4 | 0,5) 4,03 (1,72 | 5 | 0,8) 4,08 (0,23 | 7 | 0,29) 
P000280;0,47;0,09;75;0,63;Sim/A/A04;-0,26;0,22;7;0,57;Sim/A/A04 Sim/B/B03 Sim/A/A07 Sim/A/A02 ;-0,26 (0,22 | 7 | 0,57) 0,06 (0,39 | 10 | 0,1) 0,08 (0,32 | 10 | 0,7) 0,24 (0,34 | 10 | 0,8) 
P000281;0,92;0,11;55;0,76;Sim/B/B02;0,29;0,22;5;0,4;Sim/B/B02 Sim/B/B01 Sim/A/A02 Sim/B/B03 ;0,29 (0,22 | 5 | 0,4) 0,68 (0,29 | 10 | 0,5) 0,83 (0,39 | 10 | 0,9) 0,9 (0,23 | 4 | 0,5) 
P000282;3,63;0,09;65;0,55;Sim/C/C05;3,32;0,21;5;0,4;Sim/C/C09 Sim/C/C05 Sim/C/C04 Sim/C/C06 Sim/C/C07 ;3,28 (0,68 | 8 | 0,13) 3,32 (0,21 | 5 | 0,4) 3,48 (0,24 | 8 | 0,5) 3,6 (0,24 | 3 | 0,33) 3,6 (0,21 | 4 | 0,5) 
P000283;0,24;0,09;75;0,61;Sim/A/A04;-0,23;0,23;5;0,4;Sim/A/A04 Sim/B/B01 Sim/B/B03 Sim/B/B02 Sim/C/C02 ;-0,23 (0,23 | 5 | 0,4) 0,04 (0,23 | 10 | 0,5) 0,06 (0,39 | 10 | 0,1) 0,09 (0,23 | 6 | 0,33) 0,19 (0,26 | 10 | 0,5) 
P000284;1,13;0,11;64;0,77;Sim/C/C02;0,71;0,29;10;0,7;Sim/C/C02 Sim/A/A02 Sim/B/B02 Sim/A/A04 Sim/B/B01 ;0,71 (0,29 | 10 | 0,7) 0,83 (0,39 | 10 | 0,9) 0,85 (0,28 | 10 | 0,6) 0,92 (0,63 | 5 | 0,8) 1,03 (0,24 | 8 | 0,5) 
P000285;-3,66;0,19;31;0,23;Sim/A/A01;-3,79;0,24;5;0,6;Sim/A/A01 Sim/A/A05 Sim/A/A02 Sim/A/A06 Sim/B/B01 Sim/B/B02 ;-3,79 (0,24 | 5 | 0,6) -3,69 (0,7 | 5 | 0) -3,67 (1,22 | 5 | 0) -3,67 (2,25 | 5 | 0) -3,66 (3,3 | 5 | 0) -3,66 (7,68 | 1 | 0) 
P000286;4,68;0,11;60;0,83;Sim/C/C10;3,97;0,23;6;0,67;Sim/C/C10 Sim/B/B02 Sim/C/C05 ;3,97 (0,23 | 6 | 0,67) 4,03 (1,72 | 5 | 0,8) 4,58 (0,61 | 5 | 0,8) 
P000287;2,4;0,17;53;0,4;Sim/B/B02;2,24;0,3;10;0,5;Sim/B/B04 Sim/C/C05 Sim/B/B02 Sim/B/B01 ;1,9 (0,79 | 5 | 0) 2,09 (0,9 | 8 | 0,13) 2,24 (0,3 | 10 | 0,5) 2,35 (0,78 | 5 | 0,8) 
P000288;-5,29;0,7;26;0;;;;;;;
P000289;-2,85;0,16;34;0,35;Sim/A/A02;-3,1;0,39;10;0;Sim/A/A02 Sim/B/B01 ;-3,1 (0,39 | 10 | 0) -2,86 (1,85 | 5 | 0) 
P000290;-1,11;0,09;58;0,36;Sim/C/C01;-1,58;0,35;10;0,2;Sim/C/C01 Sim/C/C02 Sim/B/B02 Sim/B/B01 ;-1,58 (0,35 | 10 | 0,2) -1,38 (0,5 | 10 | 0,2) -1,34 (1,21 | 5 | 0) -1,27 (0,3 | 10 | 0,2) 
P000291;-1,44;0,12;45;0,38;Sim/A/A02;-1,68;0,23;6;0,5;Sim/B/B01 Sim/A/A02 Sim/C/C01 Sim/C/C02 Sim/A/A04 ;-2,51 (1,12 | 8 | 0) -1,68 (0,23 | 6 | 0,5) -1,53 (0,34 | 10 | 0,2) -1,5 (1,52 | 1 | 0) -1,44 (0,25 | 4 | 0,25) 
P000292;4,01;0,12;47;0,77;;;;;;Sim/C/C10 Sim/C/C06 ;3,35 (0,18 | 4 | 0,5) 3,85 (0,2 | 4 | 0,5) 
P000293;-2,92;0,17;33;0,36;;;;;;Sim/A/A05 Sim/A/A06 Sim/B/B01 ;-3,92 (1,05 | 6 | 0,17) -2,93 (1,43 | 5 | 0) -2,93 (1,99 | 5 | 0) 
P000294;-5,29;0,7;26;0;;;;;;;
P000295;-1,11;0,09;59;0,36;Sim/A/A04;-1,24;0,19;5;0,4;Sim/A/A07 Sim/A/A04 Sim/A/A06 ;-1,67 (1 | 5 | 0,2) -1,24 (0,19 | 5 | 0,4) -1,23 (0,23 | 5 | 0,2) 
P000296;2,66;0,14;51;0,45;Sim/B/B02;2,38;0,32;10;0,6;Sim/B/B04 Sim/C/C05 Sim/B/B02 Sim/C/C04 ;1,9 (0,79 | 5 | 0,2) 2,09 (0,9 | 8 | 0,13) 2,38 (0,32 | 10 | 0,6) 2,53 (0,42 | 10 | 0,2) 
P000297;0,25;0,09;76;0,57;Sim/C/C03;-0,35;0,32;10;0,3;Sim/C/C03 Sim/A/A07 Sim/C/C02 Sim/B/B01 ;-0,35 (0,32 | 10 | 0,3) -0,29 (0,24 | 5 | 0,6) -0,29 (0,23 | 5 | 0,6) -0,04 (0,24 | 6 | 0,33) 
P000298;4,54;0,11;61;0,85;Sim/C/C04;4,52;0,27;10;0,8;Sim/C/C06 Sim/C/C09 Sim/C/C04 ;4,26 (0,22 | 4 | 0,75) 4,47 (0,2 | 4 | 0,5) 4,52 (0,27 | 10 | 0,8) 
P000299;0,61;0,1;64;0,64;Sim/A/A02;0,18;0,34;10;0,8;Sim/A/A02 Sim/C/C02 Sim/C/C03 Sim/B/B03 ;0,18 (0,34 | 10 | 0,8) 0,31 (0,28 | 10 | 0,6) 0,38 (0,24 | 3 | 0,33) 0,6 (0,24 | 5 | 0,2) 
P000300;-0,3;0,08;68;0,51;Sim/A/A02;-1,02;0,23;7;0,43;Sim/A/A02 Sim/C/C01 Sim/A/A06 Sim/C/C03 Sim/B/B01 Sim/A/A04 ;-1,02 (0,23 | 7 | 0,43) -0,62 (0,21 | 5 | 0,4) -0,49 (0,25 | 4 | 0,75) -0,46 (0,32 | 10 | 0,3) -0,45 (0,24 | 9 | 0,56) -0,42 (0,24 | 7 | 0,43) 
P000301;-0,73;0,08;55;0,42;Sim/C/C01;-1,04;0,2;8;0,38;Sim/C/C01 Sim/B/B01 Sim/A/A07 Sim/C/C02 ;-1,04 (0,2 | 8 | 0,38) -0,96 (0,28 | 10 | 0,4) -0,79 (0,25 | 3 | 0,33) -0,78 (0,25 | 4 | 0,25) 
P000302;1,26;0,13;56;0,75;Sim/C/C02;0,81;0,3;10;0,8;Sim/C/C02 Sim/B/B01 Sim/C/C03 ;0,81 (0,3 | 10 | 0,8) 0,95 (0,25 | 7 | 0,43) 1,15 (0,25 | 10 | 0,8) 
P000303;-2,22;0,16;41;0,22;Sim/A/A05;-2,81;0,2;7;0,29;Sim/A/A05 Sim/A/A04 Sim/C/C01 Sim/B/B01 Sim/C/C02 ;-2,81 (0,2 | 7 | 0,29) -2,24 (0,84 | 5 | 0) -2,24 (0,82 | 6 | 0) -2,23 (0,89 | 5 | 0) -2,23 (1,98 | 1 | 0) 
P000304;-1,38;0,12;54;0,33;Sim/B/B01;-1,71;0,42;10;0,1;Sim/C/C03 Sim/B/B02 Sim/B/B01 Sim/C/C02 Sim/A/A06 Sim/A/A02 Sim/A/A04 ;-1,89 (1,27 | 5 | 0) -1,71 (9,5 | 1 | 0) -1,71 (0,42 | 10 | 0,1) -1,68 (0,94 | 5 | 0) -1,56 (0,34 | 10 | 0,3) -1,54 (0,24 | 6 | 0,5) -1,44 (0,25 | 4 | 0,25) 
P000305;-0,63;0,08;55;0,4;Sim/B/B01;-0,96;0,29;10;0,4;Sim/C/C02 Sim/C/C03 Sim/B/B02 Sim/B/B01 Sim/A/A07 ;-1,68 (0,94 | 5 | 0) -1,3 (0,77 | 5 | 0,2) -1,07 (0,74 | 6 | 0) -0,96 (0,29 | 10 | 0,4) -0,67 (0,19 | 5 | 0,4) 
P000306;-1,13;0,1;43;0,21;Sim/B/B01;-1,79;0,46;10;0,1;Sim/B/B01 Sim/C/C02 Sim/A/A07 Sim/C/C01 Sim/A/A02 ;-1,79 (0,46 | 10 | 0,1) -1,68 (0,94 | 5 | 0) -1,67 (1 | 5 | 0) -1,37 (0,28 | 10 | 0,1) -1,24 (0,24 | 4 | 0,5) 
P000307;2,24;0,19;47;0,55;;;;;;Sim/B/B01 Sim/C/C04 Sim/C/C07 Sim/C/C10 ;2,02 (0,55 | 7 | 0,86) 2,15 (0,66 | 5 | 0) 2,2 (0,65 | 5 | 0) 2,23 (1,18 | 1 | 0) 
P000308;0,31;0,09;79;0,59;Sim/A/A02;-1,22;0,25;7;0,29;Sim/A/A02 Sim/A/A06 Sim/C/C02 Sim/B/B02 Sim/A/A04 Sim/A/A07 ;-1,22 (0,25 | 7 | 0,29) -0,21 (0,33 | 10 | 0,8) -0,06 (0,25 | 7 | 0,43) 0,12 (0,25 | 4 | 0,5) 0,14 (0,23 | 3 | 0,67) 0,25 (0,38 | 10 | 0,7) 
P000309;-2,99;0,17;35;0,26;Sim/A/A01;-3,23;0,29;10;0,6;Sim/A/A01 Sim/A/A02 Sim/B/B01 ;-3,23 (0,29 | 10 | 0,6) -3,1 (0,39 | 10 | 0) -2,99 (2,12 | 5 | 0) 
P000310;1,02;0,11;55;0,73;Sim/A/A02;0,83;0,39;10;0,9;Sim/C/C03 Sim/A/A02 Sim/C/C02 Sim/B/B01 ;0,68 (0,23 | 3 | 0,67) 0,83 (0,39 | 10 | 0,9) 0,83 (0,3 | 10 | 0,8) 0,95 (0,25 | 7 | 0,43) 
P000311;1,44;0,14;56;0,73;Sim/C/C02;0,85;0,3;10;0,8;Sim/C/C02 Sim/B/B01 Sim/C/C04 Sim/C/C07 ;0,85 (0,3 | 10 | 0,8) 1,07 (0,24 | 7 | 0,57) 1,44 (1,83 | 2 | 0) 1,44 (2,2 | 1 | 0) 
P000312;4,72;0,12;69;0,88;Sim/C/C05;4,07;0,26;10;0,8;Sim/C/C05 Sim/C/C10 Sim/C/C04 Sim/C/C06 ;4,07 (0,26 | 10 | 0,8) 4,53 (0,37 | 10 | 0,9) 4,61 (0,28 | 10 | 0,8) 4,65 (0,32 | 10 | 0,9) 
P000313;-2,1;0,15;22;0,32;Sim/A/A02;-2,2;0,24;6;0,5;Sim/A/A02 Sim/A/A06 Sim/B/B01 ;-2,2 (0,24 | 6 | 0,5) -2,12 (0,89 | 5 | 0) -2,12 (0,77 | 5 | 0) 
P000314;-4,64;0,17;36;0,11;Sim/A/A03;-4,82;0,32;10;0,2;Sim/A/A03 Sim/A/A05 Sim/B/B01 Sim/B/B02 Sim/B/B03 Sim/A/A06 ;-4,82 (0,32 | 10 | 0,2) -4,65 (1,74 | 5 | 0) -4,64 (4,92 | 5 | 0) -4,64 (9,45 | 1 | 0) -4,64 (8,83 | 1 | 0) -4,64 (3,35 | 5 | 0) 
P000315;0,39;0,1;72;0,58;Sim/A/A07;0,11;0,33;10;0,7;Sim/A/A07 Sim/B/B02 Sim/B/B03 Sim/C/C03 ;0,11 (0,33 | 10 | 0,7) 0,29 (0,23 | 4 | 0,5) 0,29 (0,27 | 10 | 0) 0,38 (0,24 | 3 | 0,33) 
P000316;0,61;0,1;72;0,69;Sim/C/C03;-0,02;0,26;10;0,4;Sim/C/C03 Sim/C/C02 Sim/A/A07 Sim/B/B02 ;-0,02 (0,26 | 10 | 0,4) 0,27 (0,28 | 10 | 0,6) 0,49 (0,48 | 10 | 0,7) 0,51 (0,25 | 4 | 0,5) 
P000317;4,58;0,11;60;0,78;Sim/C/C04;4,29;0,25;10;0,7;Sim/B/B01 Sim/B/B02 Sim/C/C04 Sim/C/C06 ;2,35 (0,78 | 5 | 0,8) 4,03 (1,72 | 5 | 0,8) 4,29 (0,25 | 10 | 0,7) 4,32 (0,18 | 10 | 0,7) 
P000318;-3,73;0,17;40;0,25;;;;;;Sim/A/A03 Sim/A/A06 Sim/A/A02 Sim/B/B02 ;-4,19 (0,21 | 4 | 0,5) -3,74 (2,33 | 5 | 0) -3,74 (1,38 | 5 | 0) -3,73 (3809,83 | 1 | 0) 
P000319;-1,56;0,17;36;0,36;Sim/A/A02;-1,84;0,23;5;0,6;Sim/A/A06 Sim/A/A02 ;-1,95 (0,65 | 8 | 0) -1,84 (0,23 | 5 | 0,6) 
P000320;-1,76;0,14;44;0,3;;;;;;Sim/B/B01 Sim/C/C01 Sim/A/A06 Sim/C/C02 ;-2,51 (1,12 | 8 | 0,13) -2,14 (0,72 | 7 | 0) -2,06 (0,72 | 8 | 0) -1,76 (1,64 | 1 | 0) 
P000321;6,08;0,8;51;1;;;;;;;
P000322;2,07;0,19;50;0,38;Sim/B/B01;1,08;0,25;7;0,43;Sim/B/B01 Sim/C/C04 Sim/C/C10 ;1,08 (0,25 | 7 | 0,43) 1,86 (0,87 | 5 | 0) 1,91 (1,05 | 5 | 0) 
P000323;1,67;0,18;66;0,53;Sim/B/B03;1,16;0,2;5;0,6;Sim/B/B03 Sim/B/B02 ;1,16 (0,2 | 5 | 0,6) 1,18 (0,39 | 10 | 0,5) 
P000324;0,05;0,09;65;0,65;Sim/A/A06;-0,48;0,23;6;0,67;Sim/A/A06 Sim/B/B01 Sim/A/A04 Sim/C/C02 ;-0,48 (0,23 | 6 | 0,67) -0,32 (0,25 | 6 | 0,5) -0,13 (0,24 | 3 | 0,33) -0,06 (0,25 | 6 | 0,5) 
P000325;0,63;0,1;73;0,7;Sim/C/C02;-0,12;0,25;6;0,5;Sim/C/C02 Sim/B/B01 Sim/A/A04 Sim/A/A07 ;-0,12 (0,25 | 6 | 0,5) 0,26 (0,27 | 10 | 0,5) 0,26 (0,23 | 7 | 0,71) 0,28 (0,39 | 10 | 0,8) 
P000326;-3,6;0,18;32;0,22;Sim/A/A01;-3,69;0,23;6;0,5;Sim/A/A01 Sim/A/A05 Sim/A/A02 Sim/A/A06 Sim/B/B01 Sim/B/B02 ;-3,69 (0,23 | 6 | 0,5) -3,64 (0,66 | 5 | 0) -3,61 (1,11 | 5 | 0) -3,61 (2,19 | 5 | 0) -3,61 (3,21 | 5 | 0) -3,6 (7,42 | 1 | 0) 
P000327;-1,36;0,11;60;0,37;Sim/A/A04;-1,62;0,26;10;0,3;Sim/C/C02 Sim/A/A04 Sim/A/A02 Sim/B/B02 Sim/C/C01 ;-1,76 (0,94 | 6 | 0,17) -1,62 (0,26 | 10 | 0,3) -1,54 (0,24 | 6 | 0,5) -1,37 (1,27 | 5 | 0) -1,36 (0,28 | 10 | 0,3) 
P000328;-5,29;0,7;26;0;;;;;;;
P000329;1,58;0,16;53;0,74;Sim/B/B02;1,37;0,44;10;0,6;Sim/B/B02 Sim/C/C03 Sim/B/B03 Sim/C/C04 Sim/C/C07 ;1,37 (0,44 | 10 | 0,6) 1,44 (0,35 | 10 | 0,9) 1,57 (0,26 | 10 | 0,6) 1,57 (1,69 | 2 | 0) 1,58 (1,91 | 1 | 0) 
P000330;-2,53;0,14;46;0,26;Sim/A/A02;-2,87;0,28;10;0,1;Sim/A/A02 Sim/B/B02 ;-2,87 (0,28 | 10 | 0,1) -2,54 (3,38 | 5 | 0) 
P000331;-4,3;0,16;31;0,16;;;;;;Sim/A/A01 Sim/A/A06 Sim/B/B01 Sim/A/A02 Sim/B/B02 Sim/B/B03 ;-4,46 (0,24 | 4 | 0,5) -4,3 (2,98 | 5 | 0) -4,3 (4,35 | 5 | 0) -4,3 (2,99 | 5 | 0) -4,3 (9,1 | 1 | 0) -4,3 (8,43 | 1 | 0) 
P000332;1,8;0,19;51;0,67;Sim/C/C02;0,79;0,3;10;0,7;Sim/C/C02 Sim/C/C07 Sim/C/C04 Sim/C/C03 Sim/B/B04 ;0,79 (0,3 | 10 | 0,7) 1,07 (3,27 | 1 | 0) 1,07 (5,2 | 1 | 0) 1,27 (0,29 | 10 | 0,8) 1,78 (0,94 | 5 | 0) 
P000333;0,79;0,1;62;0,71;Sim/B/B01;0,43;0,3;10;0,5;Sim/B/B01 Sim/C/C03 Sim/C/C02 ;0,43 (0,3 | 10 | 0,5) 0,51 (0,2 | 4 | 0,5) 0,58 (0,3 | 10 | 0,7) 
P000334;-0,16;0,08;87;0,51;Sim/A/A02;-1,53;0,25;9;0,33;Sim/A/A02 Sim/B/B02 Sim/C/C03 Sim/B/B03 ;-1,53 (0,25 | 9 | 0,33) -0,5 (0,24 | 10 | 0) -0,35 (0,32 | 10 | 0,3) -0,27 (0,76 | 5 | 0) 
P000335;-3,12;0,18;41;0,32;Sim/A/A01;-3,33;0,26;10;0,6;Sim/A/A05 Sim/A/A01 Sim/B/B01 Sim/A/A06 Sim/B/B02 ;-3,91 (1,06 | 5 | 0) -3,33 (0,26 | 10 | 0,6) -3,13 (2,37 | 5 | 0) -3,13 (1,62 | 5 | 0) -3,12 (5,52 | 1 | 0) 
P000336;-0,69;0,08;58;0,4;Sim/B/B01;-1,3;0,31;10;0,3;Sim/C/C03 Sim/B/B01 Sim/C/C02 Sim/A/A04 Sim/C/C01 ;-1,89 (1,27 | 5 | 0) -1,3 (0,31 | 10 | 0,3) -0,98 (0,28 | 10 | 0,1) -0,79 (0,22 | 5 | 0,6) -0,75 (0,22 | 4 | 0,5) 
P000337;-3,26;0,2;42;0,29;Sim/A/A03;-3,62;0,26;10;0,7;Sim/A/A05 Sim/A/A03 Sim/B/B01 Sim/A/A06 Sim/B/B02 ;-3,92 (1,05 | 6 | 0) -3,62 (0,26 | 10 | 0,7) -3,26 (2,63 | 5 | 0) -3,26 (1,76 | 5 | 0) -3,26 (5,99 | 1 | 0) 
P000338;-5,29;0,7;26;0;;;;;;;
P000339;-1,42;0,12;60;0,28;Sim/C/C01;-1,73;0,44;10;0,1;Sim/C/C02 Sim/C/C01 Sim/A/A02 Sim/A/A04 Sim/B/B02 ;-2,02 (1,2 | 6 | 0) -1,73 (0,44 | 10 | 0,1) -1,54 (0,24 | 6 | 0,5) -1,44 (0,25 | 4 | 0,25) -1,43 (1,36 | 6 | 0) 
P000340;0,1;0,09;83;0,55;Sim/C/C01;-0,25;0,21;6;0,5;Sim/C/C01 Sim/A/A06 Sim/B/B03 Sim/A/A07 ;-0,25 (0,21 | 6 | 0,5) -0,24 (0,31 | 10 | 0,8) 0,08 (0,38 | 10 | 0) 0,08 (0,3 | 10 | 0,7) 
P000341;-2,59;0,15;41;0,37;;;;;;Sim/A/A05 Sim/A/A06 ;-2,89 (0,24 | 4 | 0,25) -2,6 (1,18 | 5 | 0) 
P000342;2,16;0,18;68;0,38;Sim/B/B01;1,66;0,38;10;0,8;Sim/B/B01 Sim/B/B04 Sim/B/B02 Sim/C/C10 Sim/C/C05 ;1,66 (0,38 | 10 | 0,8) 1,9 (0,79 | 5 | 0) 1,96 (0,3 | 10 | 0,6) 1,98 (1,02 | 8 | 0) 2,09 (0,9 | 8 | 0,13) 
P000343;5,34;0,22;60;0,93;Sim/C/C08;5,21;0,23;10;0,8;Sim/B/B04 Sim/C/C06 Sim/C/C08 ;4,25 (0,57 | 8 | 0,88) 5,01 (0,76 | 5 | 0,8) 5,21 (0,23 | 10 | 0,8) 
P000344;1,46;0,14;59;0,78;Sim/B/B02;1;0,35;10;0,5;Sim/B/B02 Sim/B/B01 Sim/C/C02 Sim/C/C04 Sim/C/C07 ;1 (0,35 | 10 | 0,5) 1,12 (0,25 | 7 | 0,57) 1,33 (0,43 | 10 | 0,9) 1,46 (1,81 | 2 | 0) 1,46 (2,15 | 1 | 0) 
P000345;-2,73;0,15;22;0,18;Sim/A/A05;-2,93;0,23;6;0,17;Sim/A/A05 Sim/B/B01 ;-2,93 (0,23 | 6 | 0,17) -2,74 (1,63 | 5 | 0) 
P000346;-3,71;0,16;40;0,28;Sim/A/A01;-3,85;0,24;5;0,4;Sim/A/A01 Sim/A/A03 Sim/A/A06 Sim/A/A02 Sim/B/B02 ;-3,85 (0,24 | 5 | 0,4) -3,73 (0,23 | 9 | 0,56) -3,72 (2,31 | 5 | 0) -3,72 (1,34 | 5 | 0) -3,71 (3601,1 | 1 | 0) 
P000347;3,17;0,09;57;0,56;Sim/C/C05;2,76;0,27;10;0,2;Sim/B/B03 Sim/B/B01 Sim/C/C05 Sim/C/C10 ;2,13 (0,64 | 7 | 0,86) 2,35 (0,78 | 5 | 0,8) 2,76 (0,27 | 10 | 0,2) 2,94 (0,24 | 5 | 0,4) 
P000348;1,06;0,11;62;0,71;Sim/A/A02;0,4;0,35;10;0,8;Sim/A/A02 Sim/B/B01 Sim/A/A04 Sim/C/C03 ;0,4 (0,35 | 10 | 0,8) 0,43 (0,3 | 10 | 0,5) 0,92 (0,63 | 5 | 0,8) 0,98 (0,25 | 6 | 0,67) 
P000349;3,14;0,1;55;0,45;Sim/C/C07;2,78;0,27;10;0,3;Sim/B/B01 Sim/C/C07 Sim/B/B04 ;2,35 (0,78 | 5 | 0,8) 2,78 (0,27 | 10 | 0,3) 3 (0,22 | 4 | 0,5) 
P000350;-0,37;0,08;64;0,47;Sim/B/B02;-0,89;0,48;10;0,1;Sim/C/C03 Sim/B/B02 Sim/A/A07 Sim/B/B01 ;-1,03 (0,53 | 6 | 0,17) -0,89 (0,48 | 10 | 0,1) -0,8 (0,19 | 6 | 0,33) -0,43 (0,25 | 7 | 0,43) 
P000351;0,34;0,1;65;0,77;Sim/B/B01;-0,21;0,25;5;0,6;Sim/B/B01 Sim/A/A04 Sim/A/A02 Sim/C/C03 ;-0,21 (0,25 | 5 | 0,6) -0,13 (0,24 | 3 | 0,33) -0,08 (0,3 | 10 | 0,7) 0,27 (0,2 | 8 | 0,5) 
P000352;-0,2;0,08;69;0,57;Sim/B/B01;-1;0,29;10;0,3;Sim/C/C03 Sim/B/B01 Sim/A/A07 Sim/A/A04 ;-1,02 (0,53 | 6 | 0,17) -1 (0,29 | 10 | 0,3) -0,37 (0,23 | 4 | 0,5) -0,33 (0,25 | 6 | 0,5) 
P000353;-4,53;0,16;37;0,16;Sim/A/A03;-4,95;0,41;10;0,2;Sim/A/A03 Sim/B/B01 Sim/B/B02 Sim/B/B03 ;-4,95 (0,41 | 10 | 0,2) -4,53 (4,73 | 5 | 0) -4,53 (9,33 | 1 | 0) -4,53 (8,7 | 1 | 0) 
P000354;1,43;0,14;54;0,78;Sim/B/B03;1,16;0,2;5;0,6;Sim/B/B03 Sim/B/B01 Sim/C/C03 Sim/C/C04 Sim/C/C07 ;1,16 (0,2 | 5 | 0,6) 1,33 (0,28 | 10 | 0,7) 1,36 (0,32 | 10 | 0,9) 1,43 (1,84 | 2 | 0) 1,43 (2,23 | 1 | 0) 
P000355;0,7;0,1;76;0,7;Sim/A/A02;-0,59;0,23;10;0,5;Sim/A/A02 Sim/C/C01 Sim/C/C03 Sim/A/A04 ;-0,59 (0,23 | 10 | 0,5) 0,33 (0,32 | 10 | 0,9) 0,36 (0,24 | 4 | 0,25) 0,59 (0,34 | 10 | 0,8) 
P000356;0,94;0,1;60;0,77;Sim/B/B02;0,36;0,2;7;0,43;Sim/B/B02 Sim/B/B03 Sim/A/A04 Sim/A/A02 ;0,36 (0,2 | 7 | 0,43) 0,6 (0,24 | 5 | 0,2) 0,68 (0,38 | 10 | 0,8) 0,83 (0,39 | 10 | 0,9) 
P000357;-1,02;0,09;48;0,33;Sim/B/B01;-1,23;0,3;10;0,3;Sim/C/C02 Sim/B/B02 Sim/B/B01 Sim/A/A04 Sim/C/C01 ;-1,68 (0,94 | 5 | 0) -1,3 (1,14 | 5 | 0) -1,23 (0,3 | 10 | 0,3) -1,2 (0,21 | 4 | 0,5) -1,18 (0,24 | 7 | 0,43) 
P000358;3,45;0,09;59;0,56;Sim/B/B04;2,85;0,21;5;0,4;Sim/B/B04 Sim/B/B02 Sim/C/C04 Sim/C/C10 ;2,85 (0,21 | 5 | 0,4) 2,98 (0,51 | 6 | 0,67) 3,07 (0,29 | 10 | 0,4) 3,17 (0,22 | 3 | 0,33) 
P000359;-1,86;0,14;43;0,14;;;;;;Sim/B/B01 Sim/C/C01 Sim/A/A05 Sim/A/A06 Sim/C/C02 ;-2,51 (1,12 | 8 | 0) -2,13 (0,72 | 6 | 0) -2,09 (0,24 | 4 | 0,5) -2,06 (0,72 | 8 | 0) -1,87 (1,7 | 1 | 0) 
P000360;-1,49;0,12;52;0,31;Sim/A/A04;-1,92;0,42;10;0,1;Sim/A/A06 Sim/A/A04 Sim/B/B01 ;-1,93 (0,65 | 8 | 0) -1,92 (0,42 | 10 | 0,1) -1,71 (0,42 | 10 | 0,2) 
P000361;-2,78;0,15;42;0,45;Sim/A/A03;-3,49;0,3;10;0,7;Sim/A/A03 Sim/A/A05 Sim/A/A06 Sim/B/B01 ;-3,49 (0,3 | 10 | 0,7) -2,81 (0,2 | 6 | 0,33) -2,78 (1,31 | 5 | 0) -2,78 (1,71 | 5 | 0) 
P000362;0,66;0,1;74;0,66;Sim/A/A02;0,24;0,34;10;0,8;Sim/C/C01 Sim/A/A02 Sim/C/C03 Sim/B/B03 Sim/A/A07 ;-0,2 (0,22 | 4 | 0,5) 0,24 (0,34 | 10 | 0,8) 0,38 (0,24 | 3 | 0,33) 0,52 (0,21 | 9 | 0,22) 0,61 (0,55 | 9 | 0,89) 
P000363;-4,41;0,17;29;0,14;;;;;;Sim/A/A01 Sim/A/A05 Sim/B/B01 Sim/A/A02 Sim/B/B02 Sim/B/B03 ;-4,46 (0,24 | 4 | 0,5) -4,42 (1,49 | 5 | 0) -4,41 (4,53 | 5 | 0) -4,41 (3,35 | 5 | 0) -4,41 (9,21 | 1 | 0) -4,41 (8,55 | 1 | 0) 
P000364;-0;0,08;89;0,53;Sim/B/B02;-0,34;0,2;10;0,3;Sim/B/B02 Sim/B/B03 Sim/A/A04 Sim/C/C03 ;-0,34 (0,2 | 10 | 0,3) -0,15 (0,53 | 10 | 0) -0,13 (0,24 | 3 | 0,33) -0,04 (0,28 | 10 | 0,4) 
P000365;6,08;0,8;51;1;;;;;;;
P000366;-2,41;0,15;21;0,24;Sim/A/A02;-2,47;0,24;6;0,33;Sim/A/A02 Sim/A/A06 Sim/B/B01 ;-2,47 (0,24 | 6 | 0,33) -2,43 (1,06 | 5 | 0) -2,42 (1,14 | 5 | 0) 
P000367;1,29;0,12;69;0,77;Sim/A/A02;0,83;0,39;10;0,9;Sim/A/A02 Sim/A/A04 Sim/C/C02 Sim/C/C04 Sim/C/C07 ;0,83 (0,39 | 10 | 0,9) 0,92 (0,55 | 7 | 0,86) 1,14 (0,35 | 10 | 0,8) 1,29 (2,74 | 1 | 0) 1,29 (2,58 | 1 | 0) 
P000368;-0,32;0,08;61;0,59;Sim/A/A04;-0,57;0,25;7;0,57;Sim/C/C03 Sim/C/C02 Sim/A/A04 Sim/A/A06 Sim/B/B01 ;-1,03 (0,53 | 6 | 0,17) -0,78 (0,25 | 4 | 0,25) -0,57 (0,25 | 7 | 0,57) -0,48 (0,24 | 6 | 0,67) -0,45 (0,25 | 8 | 0,5) 
P000369;0,04;0,09;74;0,53;Sim/A/A06;-0,44;0,24;8;0,75;Sim/A/A06 Sim/A/A07 Sim/A/A04 Sim/C/C02 Sim/A/A02 Sim/B/B02 ;-0,44 (0,24 | 8 | 0,75) -0,23 (0,22 | 7 | 0,57) -0,13 (0,24 | 3 | 0,33) -0,13 (0,24 | 6 | 0,5) -0,08 (0,3 | 10 | 0,7) 0,04 (0,21 | 6 | 0,5) 
P000370;1,43;0,14;48;0,75;Sim/B/B01;0,99;0,24;7;0,57;Sim/B/B01 Sim/B/B03 Sim/C/C07 ;0,99 (0,24 | 7 | 0,57) 1,41 (0,24 | 6 | 0,5) 1,43 (2,23 | 1 | 0) 
P000371;1,93;0,21;41;0,49;Sim/B/B02;1,51;0,43;10;0,5;Sim/B/B02 Sim/B/B04 ;1,51 (0,43 | 10 | 0,5) 1,92 (1,33 | 1 | 0) 
P000372;3,63;0,09;50;0,6;;;;;;Sim/B/B01 Sim/B/B02 Sim/C/C05 Sim/C/C06 ;2,35 (0,78 | 5 | 0,8) 2,98 (0,51 | 6 | 0,67) 3,51 (0,22 | 4 | 0,5) 3,59 (0,24 | 3 | 0) 
P000373;-3,84;0,17;33;0,24;Sim/A/A01;-4,08;0,22;6;0,5;Sim/A/A01 Sim/A/A05 Sim/A/A06 Sim/A/A02 Sim/B/B01 Sim/B/B03 ;-4,08 (0,22 | 6 | 0,5) -3,86 (0,85 | 5 | 0) -3,84 (2,44 | 5 | 0) -3,84 (1,62 | 5 | 0) -3,84 (3,58 | 5 | 0) -3,84 (7,93 | 1 | 0) 
P000374;4,42;0,1;69;0,78;Sim/C/C05;3,98;0,24;7;0,57;Sim/B/B01 Sim/B/B02 Sim/C/C05 Sim/C/C08 Sim/C/C06 ;2,35 (0,78 | 5 | 0,8) 3,3 (0,83 | 5 | 0,8) 3,98 (0,24 | 7 | 0,57) 4,15 (0,24 | 5 | 0,4) 4,31 (0,19 | 8 | 0,63) 
P000375;-5,29;0,7;26;0;;;;;;;
P000376;-1,24;0,1;51;0,22;Sim/C/C01;-1,64;0,39;10;0,1;Sim/A/A04 Sim/C/C03 Sim/A/A07 Sim/C/C01 Sim/A/A02 Sim/B/B02 ;-2,01 (0,54 | 7 | 0) -1,89 (1,27 | 5 | 0,2) -1,68 (0,99 | 6 | 0) -1,64 (0,39 | 10 | 0,1) -1,24 (0,24 | 4 | 0,5) -1,24 (2,38 | 1 | 0) 
P000377;-2,99;0,16;50;0,4;Sim/A/A03;-3,43;0,32;10;0,7;Sim/A/A03 Sim/B/B02 ;-3,43 (0,32 | 10 | 0,7) -2,99 (5,08 | 1 | 0) 
P000378;-3,63;0,19;31;0,26;Sim/A/A01;-3,85;0,24;5;0,4;Sim/A/A01 Sim/A/A05 Sim/A/A02 Sim/B/B01 Sim/B/B02 ;-3,85 (0,24 | 5 | 0,4) -3,67 (0,68 | 5 | 0) -3,64 (1,17 | 5 | 0) -3,64 (3,26 | 5 | 0) -3,64 (7,56 | 1 | 0) 
P000379;0,7;0,1;66;0,61;Sim/B/B03;0,13;0,35;10;0,1;Sim/B/B03 Sim/B/B01 ;0,13 (0,35 | 10 | 0,1) 0,43 (0,3 | 10 | 0,5) 
P000380;1,9;0,2;60;0,4;Sim/B/B01;1,53;0,34;10;0,8;Sim/B/B01 Sim/B/B02 Sim/B/B03 Sim/B/B04 Sim/C/C04 Sim/C/C10 Sim/C/C05 ;1,53 (0,34 | 10 | 0,8) 1,67 (0,39 | 10 | 0,5) 1,71 (0,31 | 10 | 0,8) 1,76 (0,88 | 5 | 0,2) 1,87 (0,86 | 5 | 0) 1,88 (1,14 | 8 | 0) 1,89 (1,26 | 8 | 0) 
P000381;-3,02;0,17;45;0,36;Sim/A/A03;-3,42;0,33;10;0,6;Sim/A/A03 Sim/A/A02 Sim/B/B01 Sim/B/B02 ;-3,42 (0,33 | 10 | 0,6) -3,1 (0,39 | 10 | 0) -3,02 (2,17 | 5 | 0) -3,02 (5,18 | 1 | 0) 
P000382;0,01;0,09;67;0,6;Sim/B/B01;-0,18;0,25;5;0,4;Sim/B/B01 Sim/B/B02 Sim/A/A02 Sim/A/A04 Sim/C/C01 ;-0,18 (0,25 | 5 | 0,4) -0,13 (0,21 | 6 | 0,5) -0,08 (0,3 | 10 | 0,7) -0,05 (0,22 | 4 | 0,5) -0,01 (0,23 | 7 | 0,57) 
P000383;2,75;0,14;49;0,51;Sim/B/B02;2,45;0,33;10;0,7;Sim/C/C05 Sim/C/C04 Sim/B/B01 Sim/B/B02 ;2,09 (0,9 | 8 | 0,13) 2,29 (0,58 | 5 | 0,2) 2,35 (0,78 | 5 | 0,8) 2,45 (0,33 | 10 | 0,7) 
P000384;-1,99;0,16;23;0,39;Sim/A/A02;-2,2;0,24;6;0,5;Sim/A/A02 Sim/B/B01 ;-2,2 (0,24 | 6 | 0,5) -2,01 (0,67 | 5 | 0) 
P000385;0,79;0,1;65;0,72;Sim/B/B03;0,32;0,26;10;0,2;Sim/B/B03 Sim/B/B01 Sim/B/B02 Sim/C/C02 ;0,32 (0,26 | 10 | 0,2) 0,4 (0,3 | 10 | 0,6) 0,48 (0,23 | 5 | 0,6) 0,68 (0,29 | 10 | 0,6) 
P000386;2,9;0,13;40;0,55;;;;;;Sim/C/C07 Sim/B/B03 Sim/C/C04 ;2,1 (0,83 | 5 | 0) 2,13 (0,64 | 7 | 0,86) 2,29 (0,58 | 5 | 0,2) 
P000387;3,49;0,1;52;0,67;Sim/C/C04;3,08;0,29;10;0,5;Sim/C/C04 Sim/C/C10 Sim/C/C07 Sim/B/B02 Sim/C/C06 ;3,08 (0,29 | 10 | 0,5) 3,17 (0,22 | 3 | 0,33) 3,19 (0,24 | 4 | 0,5) 3,26 (0,79 | 5 | 0,8) 3,45 (0,25 | 5 | 0,2) 
P000388;0,69;0,1;68;0,69;Sim/A/A04;0,23;0,23;7;0,71;Sim/A/A04 Sim/B/B01 Sim/C/C03 Sim/B/B03 ;0,23 (0,23 | 7 | 0,71) 0,61 (0,29 | 10 | 0,5) 0,64 (0,21 | 4 | 0,5) 0,65 (0,21 | 5 | 0,4) 
P000389;-2,14;0,15;26;0,35;Sim/A/A02;-2,47;0,24;6;0,33;Sim/A/A02 Sim/B/B01 ;-2,47 (0,24 | 6 | 0,33) -2,16 (0,81 | 5 | 0) 
P000390;4,81;0,14;51;0,84;Sim/C/C04;4,29;0,25;10;0,7;Sim/B/B01 Sim/B/B02 Sim/C/C04 ;2,35 (0,78 | 5 | 0,8) 4,03 (1,72 | 5 | 0,8) 4,29 (0,25 | 10 | 0,7) 
P000391;-2,54;0,13;42;0,52;Sim/A/A02;-2,78;0,26;10;0,2;Sim/A/A03 Sim/A/A02 Sim/A/A05 Sim/B/B01 ;-2,94 (0,53 | 9 | 0,89) -2,78 (0,26 | 10 | 0,2) -2,62 (0,18 | 7 | 0,57) -2,55 (1,32 | 5 | 0) 
P000392;0,32;0,1;60;0,7;Sim/B/B02;-0,37;0,23;5;0,2;Sim/B/B02 Sim/B/B01 Sim/A/A02 Sim/A/A06 ;-0,37 (0,23 | 5 | 0,2) -0,18 (0,25 | 5 | 0,4) -0,07 (0,31 | 10 | 0,7) 0,13 (0,7 | 5 | 0,8) 
P000393;0,38;0,09;69;0,67;Sim/C/C02;0,12;0,25;10;0,5;Sim/C/C02 Sim/B/B01 Sim/C/C01 Sim/B/B02 Sim/C/C03 ;0,12 (0,25 | 10 | 0,5) 0,16 (0,25 | 9 | 0,56) 0,18 (0,27 | 10 | 0,9) 0,31 (0,23 | 4 | 0,5) 0,35 (0,22 | 4 | 0,25) 
P000394;2,89;0,11;48;0,52;Sim/B/B02;2,24;0,3;10;0,7;Sim/C/C04 Sim/C/C05 Sim/B/B02 ;2,05 (0,73 | 5 | 0,2) 2,12 (0,9 | 7 | 0) 2,24 (0,3 | 10 | 0,7) 
P000395;-2,34;0,16;24;0,25;Sim/A/A02;-2,52;0,22;9;0,22;Sim/A/A02 Sim/B/B01 ;-2,52 (0,22 | 9 | 0,22) -2,35 (1,05 | 5 | 0) 
P000396;-2,97;0,17;37;0,32;Sim/A/A01;-3,51;0,24;7;0,57;Sim/A/A01 Sim/B/B01 ;-3,51 (0,24 | 7 | 0,57) -2,98 (2,09 | 5 | 0) 
P000397;1,96;0,21;33;0,73;Sim/B/B02;1,63;0,4;10;0,5;Sim/B/B02 Sim/C/C07 Sim/C/C04 Sim/C/C10 ;1,63 (0,4 | 10 | 0,5) 1,94 (1,35 | 1 | 0) 1,95 (1,5 | 1 | 0) 1,95 (1,77 | 1 | 0) 
P000398;2,21;0,2;40;0,5;Sim/B/B02;2,1;0,29;10;0,5;Sim/B/B02 Sim/C/C07 Sim/C/C04 Sim/C/C10 ;2,1 (0,29 | 10 | 0,5) 2,17 (0,71 | 5 | 0) 2,2 (1,1 | 1 | 0) 2,2 (1,22 | 1 | 0) 
P000399;0,17;0,09;63;0,68;Sim/C/C03;-0,35;0,32;10;0,3;Sim/C/C03 Sim/C/C02 Sim/B/B01 ;-0,35 (0,32 | 10 | 0,3) -0,29 (0,23 | 5 | 0,6) 0,05 (0,24 | 6 | 0,67) 
P000400;3,35;0,09;51;0,57;;;;;;Sim/C/C06 Sim/B/B02 Sim/C/C10 Sim/C/C05 ;2,9 (0,65 | 7 | 0,14) 2,98 (0,51 | 6 | 0,67) 2,99 (0,24 | 4 | 0,25) 3,26 (0,25 | 3 | 0,33) 
P000401;-1,29;0,1;65;0,32;Sim/A/A05;-1,91;0,24;10;0,7;Sim/A/A06 Sim/A/A05 Sim/A/A07 Sim/C/C01 ;-1,93 (0,65 | 8 | 0) -1,91 (0,24 | 10 | 0,7) -1,7 (0,99 | 6 | 0) -1,32 (0,26 | 10 | 0,3) 
P000402;2,56;0,14;55;0,36;;;;;;Sim/B/B04 Sim/C/C10 Sim/C/C05 Sim/B/B03 Sim/B/B01 ;2,01 (0,74 | 5 | 0) 2,05 (1,01 | 7 | 0) 2,09 (0,9 | 8 | 0) 2,13 (0,64 | 7 | 0,86) 2,35 (0,78 | 5 | 0,8) 
P000403;1,01;0,11;59;0,73;Sim/B/B03;0,58;0,21;7;0,43;Sim/B/B03 Sim/A/A02 ;0,58 (0,21 | 7 | 0,43) 0,83 (0,39 | 10 | 0,9) 
P000404;-0,51;0,08;72;0,43;Sim/A/A07;-0,98;0,24;6;0;Sim/A/A07 Sim/C/C02 Sim/B/B02 Sim/C/C03 Sim/B/B01 ;-0,98 (0,24 | 6 | 0) -0,92 (0,26 | 10 | 0,3) -0,78 (0,39 | 10 | 0) -0,57 (0,33 | 10 | 0,2) -0,55 (0,25 | 10 | 0,5) 
P000405;0,4;0,1;64;0,63;Sim/C/C02;-0,77;0,24;5;0,4;Sim/C/C02 Sim/C/C03 Sim/B/B02 Sim/C/C01 ;-0,77 (0,24 | 5 | 0,4) -0,27 (0,33 | 10 | 0,2) 0,28 (0,22 | 5 | 0,4) 0,32 (0,32 | 10 | 0,8) 
P000406;1,32;0,13;56;0,75;Sim/C/C02;0,5;0,29;10;0,6;Sim/C/C02 Sim/B/B01 ;0,5 (0,29 | 10 | 0,6) 0,95 (0,25 | 7 | 0,43) 
P000407;-3,73;0,15;41;0,24;Sim/A/A03;-3,83;0,23;5;0,6;Sim/A/A03 Sim/A/A06 Sim/B/B02 ;-3,83 (0,23 | 5 | 0,6) -3,74 (2,33 | 5 | 0) -3,73 (3818,43 | 1 | 0) 
P000408;4,8;0,13;61;0,87;Sim/C/C07;4,57;0,44;10;0,8;Sim/C/C07 Sim/C/C08 Sim/C/C09 Sim/C/C05 ;4,57 (0,44 | 10 | 0,8) 4,69 (0,19 | 5 | 0,4) 4,71 (0,25 | 3 | 0,67) 4,78 (0,82 | 5 | 0,8) 
P000409;-1,2;0,1;54;0,22;Sim/A/A06;-1,35;0,25;10;0,3;Sim/C/C01 Sim/C/C02 Sim/A/A06 Sim/B/B02 ;-2,14 (0,72 | 7 | 0) -1,76 (0,94 | 6 | 0) -1,35 (0,25 | 10 | 0,3) -1,2 (0,97 | 5 | 0) 
P000410;-0,59;0,08;65;0,45;Sim/A/A07;-1,01;0,25;6;0,17;Sim/C/C03 Sim/A/A07 Sim/B/B01 Sim/A/A04 ;-1,89 (1,27 | 5 | 0,2) -1,01 (0,25 | 6 | 0,17) -0,82 (0,27 | 10 | 0,4) -0,73 (0,23 | 6 | 0,5) 
P000411;-2,15;0,16;27;0,48;Sim/A/A02;-2,22;0,23;7;0,43;Sim/A/A02 Sim/B/B01 ;-2,22 (0,23 | 7 | 0,43) -2,16 (0,82 | 5 | 0) 
P000412;-0,98;0,08;55;0,36;Sim/C/C01;-1,64;0,39;10;0,1;Sim/C/C01 Sim/A/A02 Sim/B/B02 Sim/B/B01 Sim/A/A04 ;-1,64 (0,39 | 10 | 0,1) -1,55 (0,24 | 7 | 0,43) -1,53 (5,58 | 1 | 0) -1,53 (0,36 | 10 | 0,2) -1,04 (0,18 | 5 | 0,4) 
P000413;0,04;0,09;74;0,53;Sim/B/B02;-0,32;0,22;7;0,29;Sim/B/B02 Sim/A/A07 Sim/C/C01 Sim/A/A04 Sim/B/B01 ;-0,32 (0,22 | 7 | 0,29) -0,27 (0,21 | 7 | 0,57) -0,09 (0,23 | 6 | 0,5) -0,08 (0,22 | 4 | 0,5) -0,02 (0,23 | 9 | 0,44) 
P000414;-0,79;0,08;58;0,41;Sim/C/C02;-1,3;0,45;10;0,3;Sim/C/C02 Sim/A/A04 Sim/C/C01 Sim/B/B01 Sim/B/B02 Sim/A/A06 ;-1,3 (0,45 | 10 | 0,3) -1,04 (0,18 | 5 | 0,4) -1 (0,25 | 3 | 0,33) -0,94 (0,28 | 10 | 0,4) -0,89 (0,48 | 10 | 0,1) -0,84 (0,18 | 5 | 0,6) 
P000415;2,97;0,1;57;0,47;Sim/C/C07;2,57;0,35;10;0,2;Sim/C/C10 Sim/B/B01 Sim/C/C04 Sim/C/C07 Sim/C/C05 ;1,98 (1,02 | 8 | 0) 2,02 (0,55 | 7 | 0,86) 2,05 (0,73 | 5 | 0) 2,57 (0,35 | 10 | 0,2) 2,87 (0,25 | 7 | 0,29) 
P000416;2,33;0,19;42;0,52;Sim/B/B02;2,33;0,31;10;0,7;Sim/B/B04 Sim/C/C04 Sim/B/B02 ;1,9 (0,79 | 5 | 0) 2,15 (0,66 | 5 | 0) 2,33 (0,31 | 10 | 0,7) 
P000417;-5,29;0,7;26;0;;;;;;;
P000418;-2,44;0,16;32;0,47;;;;;;Sim/A/A03 Sim/A/A05 Sim/A/A06 Sim/B/B01 ;-2,88 (0,64 | 5 | 0,8) -2,77 (0,22 | 4 | 0,5) -2,45 (1,07 | 5 | 0) -2,44 (1,18 | 5 | 0) 
P000419;-1,87;0,16;29;0,41;Sim/A/A02;-2,2;0,24;6;0,5;Sim/A/A02 Sim/A/A06 ;-2,2 (0,24 | 6 | 0,5) -1,9 (0,71 | 5 | 0) 
P000420;-1,4;0,11;57;0,33;Sim/A/A02;-1,54;0,24;6;0,5;Sim/C/C02 Sim/A/A02 Sim/C/C01 Sim/A/A04 Sim/B/B02 ;-1,75 (0,95 | 5 | 0,2) -1,54 (0,24 | 6 | 0,5) -1,48 (0,32 | 10 | 0,2) -1,44 (0,25 | 4 | 0,25) -1,4 (1,33 | 5 | 0) 
P000421;3,89;0,1;54;0,63;Sim/C/C04;3,58;0,24;7;0,43;Sim/B/B02 Sim/C/C10 Sim/C/C04 Sim/C/C08 ;3,3 (0,83 | 5 | 0,8) 3,44 (0,21 | 4 | 0,5) 3,58 (0,24 | 7 | 0,43) 3,71 (0,34 | 10 | 0) 
P000422;4,95;0,13;67;0,9;Sim/C/C10;4,63;0,42;10;0,9;Sim/B/B04 Sim/C/C10 Sim/C/C07 Sim/C/C08 ;4,25 (0,57 | 8 | 0,88) 4,63 (0,42 | 10 | 0,9) 4,72 (0,66 | 5 | 0,8) 4,77 (0,2 | 4 | 0,5) 
P000423;-4,21;0,14;44;0,14;;;;;;Sim/A/A03 Sim/A/A05 Sim/B/B01 Sim/B/B03 ;-5,41 (0,87 | 10 | 0) -4,22 (1,26 | 5 | 0) -4,21 (4,2 | 5 | 0) -4,21 (8,33 | 1 | 0) 
P000424;1,39;0,13;68;0,75;Sim/A/A04;0,68;0,38;10;0,8;Sim/A/A04 Sim/C/C03 Sim/C/C02 Sim/C/C07 Sim/C/C04 ;0,68 (0,38 | 10 | 0,8) 1,22 (0,27 | 10 | 0,8) 1,38 (0,45 | 10 | 0,9) 1,38 (2,33 | 1 | 0) 1,39 (3,29 | 1 | 0) 
P000425;2,42;0,17;54;0,46;Sim/B/B03;2,05;0,49;10;0,8;Sim/C/C04 Sim/B/B03 Sim/C/C05 Sim/B/B02 ;2,01 (0,75 | 5 | 0) 2,05 (0,49 | 10 | 0,8) 2,07 (0,93 | 8 | 0) 2,18 (0,3 | 10 | 0,6) 
P000426;-1,23;0,1;53;0,36;Sim/A/A05;-1,75;0,31;10;0,7;Sim/A/A04 Sim/A/A05 Sim/B/B02 Sim/B/B01 Sim/A/A02 Sim/C/C03 ;-2,01 (0,54 | 7 | 0) -1,75 (0,31 | 10 | 0,7) -1,73 (10,19 | 1 | 0) -1,73 (0,43 | 10 | 0,1) -1,54 (0,24 | 6 | 0,5) -1,3 (0,77 | 5 | 0,2) 
P000427;-2,13;0,14;29;0,31;Sim/A/A02;-2,33;0,22;8;0,38;Sim/A/A02 Sim/B/B01 ;-2,33 (0,22 | 8 | 0,38) -2,15 (0,8 | 5 | 0) 
P000428;-4,66;0,18;39;0,1;;;;;;Sim/A/A03 Sim/A/A06 Sim/A/A02 Sim/B/B03 Sim/B/B02 ;-5,41 (0,87 | 10 | 0) -4,7 (3,41 | 5 | 0) -4,7 (4,25 | 5 | 0) -4,67 (8,86 | 1 | 0) -4,66 (61751,09 | 1 | 0) 
P000429;2,76;0,14;46;0,59;Sim/B/B02;2,12;0,29;10;0,6;Sim/C/C07 Sim/B/B02 Sim/B/B03 Sim/C/C04 ;1,92 (0,84 | 6 | 0,17) 2,12 (0,29 | 10 | 0,6) 2,23 (0,89 | 5 | 0,8) 2,7 (0,36 | 10 | 0,4) 
P000430;5,38;0,24;64;0,94;Sim/B/B04;3,97;0,39;10;0,8;Sim/B/B04 Sim/C/C10 ;3,97 (0,39 | 10 | 0,8) 4,79 (0,57 | 7 | 0,86) 
P000431;3,27;0,1;52;0,52;Sim/C/C04;2,88;0,33;10;0,3;Sim/C/C04 Sim/B/B04 Sim/C/C10 Sim/C/C07 Sim/C/C06 ;2,88 (0,33 | 10 | 0,3) 3 (0,22 | 4 | 0,5) 3,17 (0,22 | 3 | 0,33) 3,19 (0,24 | 4 | 0,5) 3,23 (0,31 | 10 | 0) 
P000432;3,87;0,08;74;0,57;Sim/C/C06;3,59;0,22;5;0,2;Sim/B/B03 Sim/B/B02 Sim/C/C06 Sim/C/C04 Sim/C/C08 ;2,13 (0,64 | 7 | 0,86) 3,3 (0,83 | 5 | 0,8) 3,59 (0,22 | 5 | 0,2) 3,78 (0,25 | 6 | 0,5) 3,84 (0,29 | 10 | 0,2) 
P000433;6,08;0,8;51;1;;;;;;;
P000434;2,42;0,16;54;0,48;Sim/B/B02;2,24;0,3;10;0,6;Sim/C/C07 Sim/B/B03 Sim/B/B02 Sim/C/C05 ;1,92 (0,84 | 6 | 0,17) 2,13 (0,55 | 9 | 0,89) 2,24 (0,3 | 10 | 0,6) 2,29 (0,64 | 7 | 0) 
P000435;-5,29;0,7;26;0;;;;;;;
P000436;0,57;0,1;63;0,65;Sim/B/B01;0,19;0,25;10;0,5;Sim/B/B01 Sim/A/A02 Sim/A/A07 Sim/C/C02 Sim/B/B02 ;0,19 (0,25 | 10 | 0,5) 0,24 (0,34 | 10 | 0,8) 0,35 (0,42 | 10 | 0,8) 0,39 (0,29 | 10 | 0,6) 0,48 (0,23 | 5 | 0,6) 
P000437;2,41;0,19;36;0,56;Sim/B/B02;2,02;0,3;10;0,5;Sim/B/B02 Sim/B/B01 Sim/C/C07 Sim/C/C04 Sim/C/C10 ;2,02 (0,3 | 10 | 0,5) 2,35 (0,78 | 5 | 0,8) 2,39 (0,99 | 1 | 0) 2,39 (0,89 | 1 | 0) 2,4 (0,95 | 1 | 0) 
P000438;-3,57;0,16;42;0,29;Sim/A/A03;-3,68;0,25;10;0,6;Sim/A/A03 Sim/A/A02 Sim/A/A06 Sim/A/A01 ;-3,68 (0,25 | 10 | 0,6) -3,58 (1,08 | 5 | 0) -3,58 (2,17 | 5 | 0) -3,58 (0,22 | 7 | 0,57) 
P000439;3,07;0,1;67;0,43;Sim/B/B04;2,47;0,26;10;0,2;Sim/B/B03 Sim/B/B04 Sim/C/C05 Sim/C/C06 Sim/B/B02 ;2,13 (0,64 | 7 | 0,86) 2,47 (0,26 | 10 | 0,2) 2,82 (0,25 | 9 | 0,22) 2,86 (0,67 | 7 | 0) 3,01 (0,56 | 5 | 0,6) 
P000440;-5,29;0,7;26;0;;;;;;;
P000441;-3,74;0,17;40;0,25;;;;;;Sim/A/A03 Sim/B/B01 Sim/B/B03 Sim/A/A06 Sim/A/A02 ;-4,23 (0,21 | 4 | 0,5) -3,74 (3,42 | 5 | 0) -3,74 (7,83 | 1 | 0) -3,74 (2,32 | 5 | 0) -3,74 (1,37 | 5 | 0) 
P000442;3,19;0,1;48;0,58;Sim/B/B04;2,58;0,24;8;0,25;Sim/B/B04 Sim/C/C07 Sim/C/C04 Sim/C/C10 ;2,58 (0,24 | 8 | 0,25) 3,08 (0,25 | 4 | 0,5) 3,11 (0,29 | 10 | 0,5) 3,17 (0,22 | 3 | 0,33) 
P000443;-5,29;0,7;26;0;;;;;;;
P000444;-2,01;0,15;31;0,26;Sim/A/A05;-2,06;0,21;10;0,6;Sim/A/A05 Sim/B/B01 Sim/A/A04 ;-2,06 (0,21 | 10 | 0,6) -2,03 (0,69 | 5 | 0) -2,02 (0,55 | 7 | 0) 
P000445;3,27;0,09;66;0,52;Sim/C/C07;2,69;0,3;10;0,2;Sim/B/B01 Sim/C/C07 Sim/C/C05 Sim/C/C04 ;2,35 (0,78 | 5 | 0,8) 2,69 (0,3 | 10 | 0,2) 2,98 (0,21 | 8 | 0,25) 3 (0,31 | 10 | 0,4) 
P000446;2,69;0,13;58;0,45;Sim/B/B04;2,26;0,37;10;0,2;Sim/B/B03 Sim/B/B04 Sim/B/B02 Sim/C/C07 ;2,13 (0,64 | 7 | 0,86) 2,26 (0,37 | 10 | 0,2) 2,41 (0,32 | 10 | 0,7) 2,67 (0,31 | 10 | 0,1) 
P000447;-1,65;0,14;45;0,29;Sim/A/A04;-1,92;0,42;10;0,1;Sim/B/B01 Sim/C/C01 Sim/A/A04 Sim/C/C02 ;-2,51 (1,12 | 8 | 0,13) -2,14 (0,72 | 7 | 0) -1,92 (0,42 | 10 | 0,1) -1,66 (1,59 | 1 | 0) 
P000448;2,06;0,21;37;0,62;Sim/B/B01;1,8;0,43;10;0,9;Sim/B/B01 Sim/B/B04 Sim/C/C07 Sim/C/C04 Sim/C/C10 ;1,8 (0,43 | 10 | 0,9) 1,9 (0,79 | 5 | 0) 2,05 (1,24 | 1 | 0) 2,05 (1,31 | 1 | 0) 2,05 (1,52 | 1 | 0) 
P000449;3,07;0,1;52;0,56;Sim/B/B02;2,63;0,36;10;0,7;Sim/B/B03 Sim/B/B02 Sim/C/C10 Sim/C/C07 Sim/C/C05 ;2,23 (0,89 | 5 | 0,8) 2,63 (0,36 | 10 | 0,7) 2,99 (0,24 | 4 | 0,25) 3 (0,23 | 8 | 0,38) 3,03 (0,21 | 6 | 0,33) 
P000450;0,04;0,09;62;0,66;Sim/C/C02;-0,04;0,24;8;0,5;Sim/C/C01 Sim/A/A04 Sim/C/C02 Sim/B/B01 ;-0,2 (0,22 | 4 | 0,5) -0,13 (0,24 | 3 | 0,33) -0,04 (0,24 | 8 | 0,5) -0,04 (0,24 | 5 | 0,6) 
P000451;-2,22;0,15;35;0,37;Sim/A/A05;-2,53;0,19;6;0,5;Sim/A/A05 ;-2,53 (0,19 | 6 | 0,5) 
P000452;-1,01;0,09;54;0,33;;;;;;Sim/C/C01 Sim/A/A04 Sim/C/C02 Sim/B/B02 ;-2,14 (0,72 | 7 | 0) -2,01 (0,54 | 7 | 0) -1,68 (0,94 | 5 | 0,2) -1,02 (0,69 | 5 | 0) 
P000453;3,76;0,08;70;0,56;Sim/C/C06;3,42;0,23;9;0;Sim/B/B02 Sim/C/C06 Sim/C/C10 Sim/C/C07 ;3,26 (0,79 | 5 | 0,8) 3,42 (0,23 | 9 | 0) 3,44 (0,21 | 4 | 0,5) 3,6 (0,21 | 4 | 0,5) 
P000454;-1,84;0,15;36;0,28;;;;;;Sim/B/B01 Sim/A/A04 Sim/A/A06 Sim/A/A02 ;-2,51 (1,12 | 8 | 0) -2,01 (0,54 | 7 | 0) -1,87 (0,54 | 10 | 0,1) -1,84 (0,23 | 4 | 0,5) 
P000455;0,9;0,1;58;0,66;Sim/B/B03;0,58;0,21;7;0,43;Sim/B/B03 Sim/C/C02 ;0,58 (0,21 | 7 | 0,43) 0,88 (0,3 | 10 | 0,7) 
P000456;3,75;0,09;59;0,53;Sim/C/C10;3,66;0,19;5;0,6;Sim/B/B02 Sim/C/C05 Sim/C/C06 Sim/C/C10 ;3,3 (0,83 | 5 | 0,8) 3,54 (0,24 | 3 | 0,67) 3,62 (0,24 | 3 | 0) 3,66 (0,19 | 5 | 0,6) 
P000457;3,76;0,09;48;0,73;Sim/C/C04;3,61;0,24;7;0,57;Sim/B/B02 Sim/C/C07 Sim/C/C05 Sim/C/C04 ;2,98 (0,51 | 6 | 0,67) 3,41 (0,24 | 4 | 0,5) 3,51 (0,22 | 4 | 0,5) 3,61 (0,24 | 7 | 0,57) 
P000458;-0,75;0,08;48;0,4;Sim/B/B01;-1,27;0,3;10;0,2;Sim/C/C03 Sim/B/B02 Sim/B/B01 Sim/C/C01 Sim/A/A07 ;-1,89 (1,27 | 5 | 0) -1,27 (2,62 | 1 | 0) -1,27 (0,3 | 10 | 0,2) -0,94 (0,22 | 5 | 0,4) -0,79 (0,25 | 3 | 0,33) 
P000459;-0,17;0,08;74;0,54;Sim/A/A04;-0,41;0,25;7;0,57;Sim/A/A04 Sim/A/A07 Sim/B/B02 Sim/C/C03 Sim/B/B03 ;-0,41 (0,25 | 7 | 0,57) -0,39 (0,21 | 5 | 0,6) -0,37 (0,23 | 5 | 0,2) -0,31 (0,32 | 10 | 0,2) -0,18 (0,66 | 5 | 0) 
P000460;-3,52;0,2;38;0,26;Sim/A/A01;-3,79;0,24;5;0,6;Sim/A/A05 Sim/A/A01 Sim/B/B01 Sim/B/B02 ;-4,17 (1,15 | 6 | 0) -3,79 (0,24 | 5 | 0,6) -3,53 (3,1 | 5 | 0) -3,53 (7,06 | 1 | 0) 
P000461;1,15;0,11;58;0,72;Sim/C/C02;0,73;0,29;10;0,7;Sim/C/C02 Sim/C/C03 ;0,73 (0,29 | 10 | 0,7) 0,87 (0,19 | 10 | 0,7) 
P000462;-2,09;0,16;24;0,29;Sim/A/A05;-2,18;0,23;5;0,6;Sim/A/A05 Sim/B/B01 ;-2,18 (0,23 | 5 | 0,6) -2,11 (0,76 | 5 | 0) 
P000463;1,41;0,14;56;0,82;Sim/B/B02;0,81;0,27;10;0,5;Sim/B/B02 Sim/A/A02 Sim/B/B01 Sim/C/C07 ;0,81 (0,27 | 10 | 0,5) 0,83 (0,39 | 10 | 0,9) 1,17 (0,25 | 9 | 0,67) 1,41 (2,27 | 1 | 0) 
P000464;1,48;0,14;55;0,73;Sim/B/B02;0,81;0,26;10;0,5;Sim/B/B02 Sim/A/A04 Sim/C/C03 ;0,81 (0,26 | 10 | 0,5) 1 (0,63 | 6 | 0,83) 1,41 (0,33 | 10 | 0,9) 
P000465;-5,29;0,7;26;0;;;;;;;
P000466;-1,23;0,1;49;0,22;Sim/C/C01;-1,76;0,45;10;0,1;Sim/B/B01 Sim/C/C01 Sim/A/A07 Sim/C/C02 Sim/A/A06 ;-2,51 (1,12 | 8 | 0,13) -1,76 (0,45 | 10 | 0,1) -1,7 (0,99 | 6 | 0,17) -1,44 (0,6 | 6 | 0,17) -1,26 (0,28 | 4 | 0) 
P000467;-0,48;0,08;66;0,47;Sim/B/B01;-0,93;0,28;10;0,4;Sim/B/B02 Sim/B/B01 Sim/A/A02 Sim/C/C02 Sim/C/C01 ;-1,04 (0,69 | 7 | 0) -0,93 (0,28 | 10 | 0,4) -0,81 (0,23 | 8 | 0,5) -0,63 (0,22 | 5 | 0,4) -0,57 (0,22 | 4 | 0,5) 
P000468;-2,23;0,14;28;0,36;Sim/A/A02;-2,48;0,22;8;0,38;Sim/A/A02 Sim/B/B01 Sim/A/A06 ;-2,48 (0,22 | 8 | 0,38) -2,24 (0,9 | 5 | 0) -2,24 (0,96 | 5 | 0) 
P000469;6,08;0,8;51;1;;;;;;;
P000470;-5,29;0,7;26;0;;;;;;;
P000471;-0,23;0,08;61;0,51;Sim/C/C01;-0,77;0,21;5;0,4;Sim/C/C01 Sim/A/A07 Sim/A/A02 Sim/B/B02 ;-0,77 (0,21 | 5 | 0,4) -0,37 (0,23 | 4 | 0,5) -0,35 (0,25 | 10 | 0,6) -0,31 (0,2 | 9 | 0,22) 
P000472;0,86;0,1;59;0,64;Sim/C/C02;0,39;0,29;10;0,6;Sim/C/C02 Sim/B/B03 Sim/B/B01 Sim/A/A02 ;0,39 (0,29 | 10 | 0,6) 0,77 (0,22 | 5 | 0,4) 0,79 (0,26 | 10 | 0,5) 0,83 (0,39 | 10 | 0,9) 
P000473;-1,95;0,14;48;0,29;Sim/A/A02;-2,2;0,24;6;0,5;Sim/A/A02 Sim/A/A04 Sim/C/C01 Sim/B/B01 ;-2,2 (0,24 | 6 | 0,5) -2,01 (0,5 | 10 | 0) -1,97 (0,64 | 5 | 0) -1,97 (0,63 | 5 | 0) 
P000474;0,32;0,09;71;0,58;Sim/C/C01;-0,09;0,23;6;0,5;Sim/C/C01 Sim/C/C03 Sim/A/A07 Sim/B/B02 ;-0,09 (0,23 | 6 | 0,5) -0,07 (0,28 | 10 | 0,4) -0,07 (0,26 | 10 | 0,6) 0,29 (0,22 | 5 | 0,4) 
P000475;-0,09;0,09;70;0,61;Sim/A/A04;-1,06;0,18;7;0,29;Sim/A/A04 Sim/B/B01 Sim/C/C02 Sim/A/A06 Sim/A/A07 Sim/C/C03 ;-1,06 (0,18 | 7 | 0,29) -0,32 (0,25 | 6 | 0,5) -0,29 (0,23 | 5 | 0,6) -0,24 (0,31 | 10 | 0,8) -0,24 (0,23 | 6 | 0,67) -0,14 (0,3 | 10 | 0,3) 
P000476;-1,93;0,16;28;0,39;Sim/A/A02;-2,2;0,24;6;0,5;Sim/A/A02 Sim/B/B01 ;-2,2 (0,24 | 6 | 0,5) -1,95 (0,62 | 5 | 0) 
P000477;-1,01;0,09;52;0,31;Sim/C/C01;-1,59;0,37;10;0,1;Sim/A/A07 Sim/C/C01 Sim/B/B01 Sim/A/A06 Sim/B/B02 ;-1,87 (1,3 | 5 | 0,2) -1,59 (0,37 | 10 | 0,1) -1,45 (0,33 | 10 | 0,2) -1,14 (0,23 | 4 | 0) -1,01 (1,23 | 1 | 0) 
P000478;0,56;0,09;78;0,63;Sim/B/B01;0,15;0,25;9;0,44;Sim/B/B01 Sim/A/A02 Sim/B/B03 Sim/C/C01 Sim/A/A07 Sim/B/B02 ;0,15 (0,25 | 9 | 0,44) 0,24 (0,34 | 10 | 0,8) 0,29 (0,27 | 10 | 0,1) 0,32 (0,32 | 10 | 0,8) 0,49 (0,48 | 10 | 0,8) 0,51 (0,25 | 4 | 0,5) 
P000479;-3,9;0,15;42;0,29;Sim/A/A01;-4,08;0,24;6;0,33;Sim/A/A01 Sim/A/A02 Sim/B/B02 ;-4,08 (0,24 | 6 | 0,33) -3,91 (1,8 | 5 | 0) -3,9 (6320,92 | 1 | 0) 
P000480;-2,45;0,14;29;0,38;Sim/A/A02;-2,6;0,23;8;0,25;Sim/A/A02 Sim/A/A06 Sim/B/B01 ;-2,6 (0,23 | 8 | 0,25) -2,46 (1,08 | 5 | 0) -2,46 (1,19 | 5 | 0) 
P000481;-1,98;0,16;23;0,39;Sim/A/A02;-2,2;0,24;6;0,5;Sim/A/A02 Sim/B/B01 ;-2,2 (0,24 | 6 | 0,5) -2 (0,66 | 5 | 0) 
P000482;-0,9;0,08;64;0,42;Sim/A/A02;-1,25;0,24;5;0,4;Sim/C/C03 Sim/C/C02 Sim/A/A05 Sim/A/A02 Sim/A/A07 Sim/A/A04 ;-1,89 (1,27 | 5 | 0,2) -1,68 (0,94 | 5 | 0,2) -1,4 (0,56 | 7 | 0,86) -1,25 (0,24 | 5 | 0,4) -1,02 (0,25 | 6 | 0,17) -0,97 (0,19 | 5 | 0,6) 
P000483;-0,71;0,08;60;0,43;Sim/B/B01;-1,2;0,3;10;0,4;Sim/C/C03 Sim/B/B02 Sim/B/B01 Sim/C/C01 Sim/A/A04 Sim/A/A07 ;-1,89 (1,27 | 5 | 0) -1,27 (1,03 | 8 | 0) -1,2 (0,3 | 10 | 0,4) -0,96 (0,2 | 7 | 0,43) -0,91 (0,22 | 3 | 0,67) -0,79 (0,25 | 3 | 0,33) 
P000484;-5,29;0,7;26;0;;;;;;;
P000485;-0,72;0,08;55;0,44;Sim/C/C01;-1,08;0,21;10;0,3;Sim/C/C01 Sim/A/A02 Sim/A/A07 Sim/A/A06 Sim/B/B01 ;-1,08 (0,21 | 10 | 0,3) -0,9 (0,24 | 6 | 0,5) -0,88 (0,24 | 4 | 0,25) -0,84 (0,18 | 5 | 0,6) -0,83 (0,27 | 10 | 0,4) 
P000486;1,01;0,11;49;0,69;Sim/B/B01;0,68;0,29;10;0,5;Sim/B/B01 Sim/C/C03 Sim/B/B03 ;0,68 (0,29 | 10 | 0,5) 0,77 (0,21 | 6 | 0,5) 0,9 (0,23 | 4 | 0,5) 
P000487;1,56;0,17;49;0,53;Sim/B/B03;1,3;0,22;5;0,6;Sim/B/B03 Sim/B/B04 Sim/B/B02 Sim/C/C04 ;1,3 (0,22 | 5 | 0,6) 1,45 (2,81 | 1 | 0) 1,51 (0,43 | 10 | 0,5) 1,55 (1,19 | 5 | 0) 
P000488;6,08;0,8;51;1;;;;;;;
P000489;5,47;0,31;53;0,98;;;;;;Sim/C/C09 ;4,71 (0,25 | 3 | 0,67) 
P000490;-0,79;0,08;69;0,41;Sim/C/C01;-1,27;0,25;10;0,3;Sim/C/C01 Sim/A/A04 Sim/B/B02 Sim/C/C03 Sim/B/B01 ;-1,27 (0,25 | 10 | 0,3) -1,15 (0,2 | 4 | 0,5) -0,97 (0,57 | 9 | 0) -0,88 (0,43 | 10 | 0,2) -0,83 (0,27 | 10 | 0,4) 
P000491;1,99;0,21;33;0,64;Sim/B/B02;1,87;0,32;10;0,5;Sim/B/B02 Sim/B/B04 Sim/C/C07 Sim/C/C04 Sim/C/C10 ;1,87 (0,32 | 10 | 0,5) 1,97 (0,91 | 2 | 0) 1,98 (1,31 | 1 | 0) 1,98 (1,43 | 1 | 0) 1,99 (1,68 | 1 | 0) 
P000492;-2,15;0,16;23;0,26;Sim/A/A02;-2,2;0,24;6;0,5;Sim/A/A02 Sim/B/B01 ;-2,2 (0,24 | 6 | 0,5) -2,16 (0,82 | 5 | 0) 
P000493;-3,15;0,19;38;0,32;Sim/A/A01;-3,69;0,23;6;0,5;Sim/A/A01 Sim/B/B01 ;-3,69 (0,23 | 6 | 0,5) -3,15 (2,42 | 5 | 0) 
P000494;3,57;0,09;65;0,51;Sim/B/B03;2,05;0,49;10;0,8;Sim/B/B03 Sim/B/B04 Sim/C/C09 Sim/B/B02 Sim/C/C04 ;2,05 (0,49 | 10 | 0,8) 3,2 (0,25 | 4 | 0,5) 3,28 (0,68 | 8 | 0,13) 3,3 (0,83 | 5 | 0,8) 3,5 (0,25 | 7 | 0,57) 
P000495;-2,73;0,15;30;0,23;Sim/A/A02;-3,1;0,39;10;0;Sim/A/A02 Sim/A/A06 Sim/B/B01 ;-3,1 (0,39 | 10 | 0) -2,73 (1,27 | 5 | 0) -2,73 (1,62 | 5 | 0) 
P000496;0,44;0,1;73;0,63;Sim/B/B03;0,13;0,35;10;0,1;Sim/B/B02 Sim/B/B03 Sim/A/A07 Sim/C/C03 ;0,12 (0,25 | 4 | 0,5) 0,13 (0,35 | 10 | 0,1) 0,36 (0,42 | 10 | 0,8) 0,38 (0,24 | 3 | 0,33) 
P000497;-4,93;0,34;32;0,06;;;;;;Sim/A/A05 Sim/B/B01 Sim/B/B02 Sim/B/B03 ;-4,95 (2,05 | 5 | 0) -4,94 (5,41 | 5 | 0) -4,93 (9,77 | 1 | 0) -4,93 (9,2 | 1 | 0) 
P000498;-0,14;0,08;69;0,55;Sim/A/A04;-0,59;0,25;7;0,43;Sim/A/A04 Sim/A/A06 Sim/C/C03 Sim/B/B02 Sim/C/C01 ;-0,59 (0,25 | 7 | 0,43) -0,49 (0,25 | 4 | 0,75) -0,25 (0,31 | 10 | 0,4) -0,25 (0,21 | 6 | 0,33) -0,2 (0,22 | 4 | 0,5) 
P000499;1,25;0,13;54;0,74;Sim/B/B02;0,81;0,26;10;0,5;Sim/B/B02 Sim/A/A02 Sim/C/C03 Sim/B/B01 ;0,81 (0,26 | 10 | 0,5) 0,83 (0,39 | 10 | 0,9) 0,95 (0,23 | 7 | 0,57) 1,24 (0,26 | 10 | 0,6) 
P000500;-1,58;0,13;42;0,31;Sim/A/A02;-1,81;0,22;6;0,33;Sim/C/C01 Sim/A/A02 Sim/C/C02 Sim/B/B02 Sim/B/B01 ;-2,14 (0,72 | 7 | 0) -1,81 (0,22 | 6 | 0,33) -1,59 (1,56 | 1 | 0) -1,59 (6,63 | 1 | 0) -1,59 (0,37 | 10 | 0,1) 
P000501;-3,01;0,16;50;0,4;Sim/A/A03;-3,21;0,4;10;0,8;Sim/A/A03 Sim/A/A02 Sim/B/B01 Sim/A/A06 ;-3,21 (0,4 | 10 | 0,8) -3,01 (0,34 | 10 | 0,1) -3,01 (2,15 | 5 | 0) -3,01 (1,51 | 5 | 0) 
P000502;-1,79;0,14;53;0,21;Sim/A/A02;-1,86;0,22;6;0,33;Sim/B/B01 Sim/C/C01 Sim/A/A06 Sim/A/A02 Sim/A/A07 Sim/C/C03 ;-2,51 (1,12 | 8 | 0) -2,14 (0,72 | 7 | 0,14) -2,05 (0,73 | 8 | 0) -1,86 (0,22 | 6 | 0,33) -1,8 (0,94 | 5 | 0) -1,79 (1,55 | 1 | 0) 
P000503;-1,71;0,13;57;0,25;Sim/A/A05;-1,8;0,28;10;0,7;Sim/A/A06 Sim/A/A04 Sim/A/A05 Sim/B/B01 ;-2,07 (0,72 | 8 | 0) -2,01 (0,54 | 7 | 0) -1,8 (0,28 | 10 | 0,7) -1,78 (0,46 | 10 | 0,1) 
P000504;-4,04;0,16;32;0,22;Sim/A/A01;-4,27;0,23;5;0,4;Sim/A/A01 Sim/A/A05 Sim/A/A02 Sim/B/B02 ;-4,27 (0,23 | 5 | 0,4) -4,06 (1,07 | 5 | 0) -4,05 (2,21 | 5 | 0) -4,04 (9712,82 | 1 | 0) 
P000505;-2,33;0,16;22;0,32;Sim/A/A05;-2,62;0,18;7;0,43;Sim/A/A05 Sim/B/B01 ;-2,62 (0,18 | 7 | 0,43) -2,34 (1,03 | 5 | 0) 
P000506;3,41;0,09;51;0,61;Sim/C/C04;3,2;0,27;10;0,4;Sim/C/C05 Sim/C/C04 ;2,18 (0,88 | 7 | 0) 3,2 (0,27 | 10 | 0,4) 
P000507;-2,55;0,14;43;0,37;Sim/A/A05;-2,82;0,19;10;0,3;Sim/A/A05 Sim/A/A01 Sim/B/B01 ;-2,82 (0,19 | 10 | 0,3) -2,59 (0,5 | 10 | 0,8) -2,55 (1,33 | 5 | 0) 
P000508;-3,47;0,2;37;0,22;Sim/A/A01;-3,81;0,24;5;0,4;Sim/A/A05 Sim/A/A01 Sim/A/A06 ;-4 (1,07 | 7 | 0) -3,81 (0,24 | 5 | 0,4) -3,49 (2,05 | 5 | 0) 
P000509;0,14;0,09;75;0,56;Sim/C/C03;-0,25;0,31;10;0,3;Sim/C/C03 Sim/A/A04 Sim/C/C02 ;-0,25 (0,31 | 10 | 0,3) -0,13 (0,24 | 3 | 0,33) -0,06 (0,25 | 6 | 0,5) 
P000510;1,43;0,14;52;0,75;Sim/C/C03;0,98;0,25;6;0,67;Sim/C/C03 Sim/B/B02 Sim/C/C07 ;0,98 (0,25 | 6 | 0,67) 1,37 (0,44 | 10 | 0,6) 1,43 (2,23 | 1 | 0) 
P000511;-1,69;0,17;34;0,38;Sim/A/A02;-1,84;0,23;5;0,6;Sim/A/A06 Sim/A/A02 ;-2,05 (0,74 | 7 | 0,14) -1,84 (0,23 | 5 | 0,6) 
P000512;-2,35;0,15;34;0,32;Sim/A/A02;-2,62;0,23;8;0,25;Sim/A/A02 Sim/A/A06 ;-2,62 (0,23 | 8 | 0,25) -2,37 (1,03 | 5 | 0) 
P000513;0,58;0,1;72;0,69;Sim/A/A02;-0,08;0,3;10;0,7;Sim/A/A02 Sim/A/A06 Sim/C/C03 Sim/A/A04 Sim/B/B02 ;-0,08 (0,3 | 10 | 0,7) 0,08 (0,54 | 9 | 0,89) 0,35 (0,22 | 4 | 0,25) 0,35 (0,24 | 9 | 0,67) 0,51 (0,25 | 4 | 0,5) 
P000514;-1,38;0,11;56;0,25;Sim/B/B01;-1,48;0,34;10;0,1;Sim/A/A04 Sim/A/A06 Sim/C/C02 Sim/B/B02 Sim/B/B01 ;-2,01 (0,54 | 7 | 0,14) -1,93 (0,65 | 8 | 0) -1,76 (0,94 | 6 | 0) -1,54 (1,61 | 5 | 0) -1,48 (0,34 | 10 | 0,1) 
P000515;1,49;0,15;65;0,77;Sim/A/A02;0,83;0,39;10;0,9;Sim/A/A02 Sim/A/A04 Sim/C/C07 Sim/C/C04 Sim/C/C10 ;0,83 (0,39 | 10 | 0,9) 0,92 (0,55 | 7 | 0,86) 1,49 (2,1 | 1 | 0) 1,49 (2,84 | 1 | 0) 1,49 (3,65 | 1 | 0) 
P000516;-2,56;0,15;42;0,31;Sim/A/A02;-3,24;0,48;10;0,1;Sim/A/A02 Sim/A/A06 ;-3,24 (0,48 | 10 | 0,1) -2,62 (1,18 | 5 | 0) 
P000517;4,89;0,14;69;0,88;Sim/C/C07;4,4;0,33;10;0,7;Sim/C/C07 Sim/C/C10 Sim/C/C08 Sim/C/C04 ;4,4 (0,33 | 10 | 0,7) 4,63 (0,42 | 10 | 0,9) 4,76 (0,2 | 4 | 0,5) 4,8 (0,34 | 10 | 0,9) 
P000518;-1,08;0,09;61;0,39;Sim/A/A02;-1,54;0,24;6;0,5;Sim/A/A02 Sim/A/A04 Sim/A/A06 Sim/B/B02 ;-1,54 (0,24 | 6 | 0,5) -1,15 (0,2 | 4 | 0,5) -1,11 (0,2 | 6 | 0,33) -1,09 (0,77 | 6 | 0) 
P000519;3,45;0,1;46;0,63;Sim/C/C04;3,24;0,27;10;0,5;Sim/B/B03 Sim/B/B04 Sim/C/C04 Sim/B/B02 Sim/C/C05 ;2,23 (0,89 | 5 | 0,8) 3 (0,22 | 4 | 0,5) 3,24 (0,27 | 10 | 0,5) 3,26 (0,79 | 5 | 0,8) 3,32 (0,22 | 4 | 0,5) 
P000520;-3,27;0,18;46;0,33;Sim/A/A03;-3,83;0,23;5;0,6;Sim/A/A03 Sim/A/A05 Sim/B/B01 Sim/A/A06 Sim/B/B02 ;-3,83 (0,23 | 5 | 0,6) -3,4 (0,41 | 10 | 0,2) -3,27 (2,64 | 5 | 0) -3,27 (1,77 | 5 | 0) -3,27 (6,03 | 1 | 0) 
P000521;1,25;0,12;53;0,74;Sim/B/B01;0,95;0,25;7;0,43;Sim/A/A04 Sim/B/B01 Sim/C/C03 ;0,92 (0,55 | 7 | 0,86) 0,95 (0,25 | 7 | 0,43) 0,98 (0,25 | 6 | 0,67) 
P000522;2,92;0,1;61;0,44;Sim/B/B02;2,18;0,3;10;0,5;Sim/C/C05 Sim/B/B02 Sim/C/C10 ;2,12 (0,9 | 7 | 0) 2,18 (0,3 | 10 | 0,5) 2,77 (0,3 | 10 | 0,2) 
P000523;0,32;0,1;66;0,65;Sim/B/B01;-0,18;0,25;5;0,4;Sim/B/B01 Sim/A/A06 Sim/C/C01 Sim/A/A02 Sim/B/B02 Sim/A/A04 ;-0,18 (0,25 | 5 | 0,4) -0,17 (0,35 | 10 | 0,8) -0,09 (0,23 | 6 | 0,5) -0,09 (0,3 | 10 | 0,7) 0,16 (0,2 | 6 | 0,5) 0,17 (0,24 | 3 | 0,67) 
P000524;0,73;0,1;67;0,7;Sim/B/B02;-0,42;0,24;6;0,33;Sim/B/B02 Sim/B/B03 Sim/C/C02 ;-0,42 (0,24 | 6 | 0,33) 0,37 (0,25 | 9 | 0,22) 0,72 (0,29 | 10 | 0,7) 
P000525;-0,75;0,08;48;0,44;Sim/B/B01;-1,38;0,32;10;0,3;Sim/C/C02 Sim/B/B01 Sim/A/A07 Sim/A/A02 Sim/C/C01 Sim/B/B02 ;-1,68 (0,94 | 5 | 0) -1,38 (0,32 | 10 | 0,3) -0,92 (0,23 | 5 | 0,2) -0,83 (0,24 | 7 | 0,43) -0,81 (0,2 | 5 | 0,4) -0,75 (0,6 | 1 | 0) 
P000526;-0,27;0,09;60;0,48;Sim/A/A04;-0,59;0,25;7;0,43;Sim/A/A07 Sim/A/A04 Sim/A/A06 Sim/C/C03 Sim/A/A02 ;-0,65 (0,2 | 4 | 0,5) -0,59 (0,25 | 7 | 0,43) -0,54 (0,23 | 5 | 0,6) -0,49 (0,33 | 10 | 0,2) -0,46 (0,25 | 9 | 0,56) 
P000527;-4,8;0,21;37;0,08;;;;;;Sim/A/A03 Sim/A/A05 Sim/A/A06 Sim/A/A02 Sim/B/B02 ;-5,41 (0,87 | 10 | 0,1) -4,84 (1,93 | 5 | 0) -4,83 (3,56 | 5 | 0) -4,82 (4,64 | 5 | 0) -4,8 (92936,73 | 1 | 0) 
P000528;-1,12;0,09;63;0,4;Sim/A/A05;-1,52;0,44;10;0,9;Sim/A/A07 Sim/A/A05 Sim/A/A04 Sim/C/C02 Sim/C/C01 Sim/B/B02 ;-1,67 (1 | 5 | 0,2) -1,52 (0,44 | 10 | 0,9) -1,44 (0,25 | 4 | 0,25) -1,44 (0,6 | 6 | 0,17) -1,35 (0,27 | 10 | 0,2) -1,12 (0,84 | 5 | 0) 
P000529;-0,18;0,09;76;0,5;Sim/C/C01;-0,97;0,22;7;0,29;Sim/C/C01 Sim/A/A02 Sim/C/C03 Sim/B/B03 ;-0,97 (0,22 | 7 | 0,29) -0,87 (0,25 | 6 | 0,5) -0,41 (0,33 | 10 | 0,2) -0,19 (0,63 | 6 | 0) 
P000530;2,42;0,18;48;0,52;;;;;;Sim/B/B04 Sim/C/C07 Sim/C/C04 ;1,9 (0,79 | 5 | 0,2) 2,02 (0,83 | 5 | 0) 2,05 (0,73 | 5 | 0,2) 
P000531;-1,8;0,15;43;0,26;Sim/A/A04;-1,88;0,39;10;0;Sim/A/A06 Sim/A/A04 Sim/A/A02 ;-2,05 (0,74 | 7 | 0) -1,88 (0,39 | 10 | 0) -1,83 (0,23 | 4 | 0,5) 
P000532;-0,98;0,09;65;0,37;Sim/C/C01;-1,59;0,37;10;0,1;Sim/A/A07 Sim/C/C01 Sim/B/B01 Sim/A/A06 ;-1,87 (1,3 | 5 | 0,2) -1,59 (0,37 | 10 | 0,1) -1,23 (0,3 | 10 | 0,3) -1,14 (0,23 | 4 | 0,25) 
P000533;1,93;0,21;34;0,74;Sim/B/B02;1,51;0,43;10;0,5;Sim/B/B02 Sim/C/C07 Sim/C/C04 Sim/C/C10 ;1,51 (0,43 | 10 | 0,5) 1,92 (1,39 | 1 | 0) 1,92 (1,56 | 1 | 0) 1,92 (1,85 | 1 | 0) 
P000534;-2,74;0,14;37;0,43;Sim/A/A05;-2,88;0,21;6;0,33;Sim/A/A05 Sim/A/A02 Sim/B/B01 ;-2,88 (0,21 | 6 | 0,33) -2,75 (0,25 | 10 | 0,2) -2,74 (1,63 | 5 | 0) 
P000535;-1,22;0,11;45;0,22;Sim/C/C01;-1,35;0,27;10;0,2;Sim/B/B01 Sim/A/A07 Sim/C/C01 Sim/A/A04 ;-2,51 (1,12 | 8 | 0) -1,67 (1 | 5 | 0) -1,35 (0,27 | 10 | 0,2) -1,26 (0,27 | 2 | 0) 
P000536;-0,42;0,08;72;0,47;Sim/B/B01;-1,06;0,29;10;0,4;Sim/B/B01 Sim/C/C03 Sim/A/A04 Sim/B/B02 ;-1,06 (0,29 | 10 | 0,4) -0,89 (0,43 | 10 | 0,1) -0,73 (0,23 | 6 | 0,5) -0,53 (0,25 | 9 | 0,11) 
P000537;1,19;0,12;55;0,75;Sim/C/C02;0,6;0,29;10;0,7;Sim/C/C02 Sim/B/B01 ;0,6 (0,29 | 10 | 0,7) 0,99 (0,24 | 7 | 0,57) 
P000538;-0,77;0,08;71;0,35;Sim/A/A02;-0,93;0,22;8;0,5;Sim/C/C02 Sim/A/A06 Sim/A/A02 Sim/A/A04 Sim/B/B02 ;-1,38 (0,5 | 10 | 0,2) -1,14 (0,23 | 4 | 0) -0,93 (0,22 | 8 | 0,5) -0,89 (0,19 | 5 | 0,6) -0,78 (0,39 | 10 | 0) 
P000539;-3,19;0,18;46;0,39;Sim/A/A03;-3,43;0,32;10;0,7;Sim/A/A03 Sim/A/A02 Sim/B/B01 Sim/A/A01 Sim/A/A06 Sim/B/B02 ;-3,43 (0,32 | 10 | 0,7) -3,21 (0,52 | 5 | 0) -3,2 (2,52 | 5 | 0) -3,2 (0,31 | 10 | 0,7) -3,19 (1,69 | 5 | 0) -3,19 (5,76 | 1 | 0) 
P000540;3,05;0,11;49;0,51;Sim/C/C04;2,86;0,33;10;0,4;Sim/C/C05 Sim/B/B03 Sim/C/C04 Sim/C/C06 ;2,18 (0,88 | 7 | 0,14) 2,23 (0,89 | 5 | 0,8) 2,86 (0,33 | 10 | 0,4) 2,91 (0,66 | 6 | 0,17) 
P000541;-4,44;0,15;38;0,13;Sim/A/A03;-4,57;0,23;8;0,25;Sim/A/A03 Sim/A/A05 Sim/A/A06 Sim/A/A02 Sim/B/B01 ;-4,57 (0,23 | 8 | 0,25) -4,45 (1,53 | 5 | 0) -4,45 (3,13 | 5 | 0) -4,44 (3,47 | 5 | 0) -4,44 (5,76 | 5 | 0) 
P000542;1,04;0,11;57;0,72;Sim/A/A02;0,83;0,39;10;0,9;Sim/A/A02 Sim/C/C02 Sim/B/B03 Sim/C/C03 ;0,83 (0,39 | 10 | 0,9) 0,83 (0,3 | 10 | 0,8) 0,86 (0,19 | 6 | 0,33) 0,99 (0,25 | 6 | 0,67) 
P000543;0,33;0,09;74;0,55;Sim/C/C01;-0,08;0,23;6;0,5;Sim/C/C01 Sim/C/C03 Sim/B/B02 Sim/B/B03 ;-0,08 (0,23 | 6 | 0,5) 0,25 (0,25 | 4 | 0,25) 0,29 (0,23 | 4 | 0,5) 0,29 (0,27 | 10 | 0) 
P000544;-3,15;0,19;41;0,34;Sim/A/A03;-3,74;0,24;6;0,67;Sim/A/A03 Sim/A/A02 Sim/B/B01 Sim/A/A06 Sim/B/B02 ;-3,74 (0,24 | 6 | 0,67) -3,24 (0,48 | 10 | 0,1) -3,16 (2,42 | 5 | 0) -3,15 (1,65 | 5 | 0) -3,15 (5,61 | 1 | 0) 
P000545;0,69;0,09;86;0,67;Sim/A/A07;0,16;0,34;10;0,7;Sim/A/A07 Sim/B/B03 Sim/A/A02 Sim/C/C01 ;0,16 (0,34 | 10 | 0,7) 0,32 (0,26 | 10 | 0,2) 0,41 (0,35 | 10 | 0,8) 0,45 (0,38 | 10 | 0,8) 
P000546;-4,5;0,17;31;0,13;;;;;;Sim/A/A05 Sim/A/A06 Sim/B/B01 Sim/A/A02 Sim/B/B02 Sim/B/B03 ;-4,51 (1,58 | 5 | 0) -4,5 (3,19 | 5 | 0) -4,5 (4,68 | 5 | 0) -4,5 (3,64 | 5 | 0) -4,5 (9,3 | 1 | 0) -4,5 (8,66 | 1 | 0) 
P000547;-2,6;0,14;53;0,4;Sim/A/A03;-3,07;0,46;10;0,8;Sim/A/A03 Sim/A/A05 ;-3,07 (0,46 | 10 | 0,8) -2,8 (0,2 | 5 | 0,4) 
P000548;-0,04;0,09;63;0,6;Sim/A/A02;-0,44;0,25;8;0,63;Sim/A/A02 Sim/A/A07 Sim/A/A04 Sim/B/B02 Sim/B/B01 ;-0,44 (0,25 | 8 | 0,63) -0,37 (0,23 | 4 | 0,5) -0,13 (0,24 | 3 | 0,33) -0,09 (0,19 | 7 | 0,43) -0,09 (0,24 | 6 | 0,5) 
P000549;-0,25;0,08;63;0,59;Sim/B/B01;-0,79;0,27;10;0,5;Sim/C/C03 Sim/B/B01 Sim/A/A07 Sim/C/C01 Sim/A/A04 ;-1,89 (1,27 | 5 | 0) -0,79 (0,27 | 10 | 0,5) -0,47 (0,18 | 6 | 0,67) -0,3 (0,22 | 4 | 0,5) -0,27 (0,23 | 6 | 0,5) 
P000550;-0,71;0,08;56;0,36;Sim/A/A02;-0,93;0,22;8;0,5;Sim/A/A07 Sim/C/C03 Sim/A/A02 Sim/C/C02 ;-1,62 (0,98 | 5 | 0,2) -1,03 (0,53 | 6 | 0,17) -0,93 (0,22 | 8 | 0,5) -0,78 (0,25 | 4 | 0,25) 
P000551;-0,91;0,09;44;0,34;Sim/A/A02;-0,93;0,22;8;0,5;Sim/B/B01 Sim/C/C03 Sim/A/A04 Sim/A/A02 ;-2,51 (1,12 | 8 | 0,13) -1,89 (1,27 | 5 | 0) -1,15 (0,2 | 4 | 0,5) -0,93 (0,22 | 8 | 0,5) 
P000552;1,77;0,19;40;0,68;Sim/B/B01;1,53;0,34;10;0,8;Sim/B/B01 Sim/B/B03 Sim/B/B04 Sim/C/C07 Sim/C/C04 Sim/C/C10 ;1,53 (0,34 | 10 | 0,8) 1,71 (0,31 | 10 | 0,8) 1,73 (1,26 | 2 | 0) 1,77 (1,59 | 1 | 0) 1,77 (1,91 | 1 | 0) 1,77 (2,34 | 1 | 0) 
P000553;0,16;0,09;79;0,66;Sim/C/C03;-0,27;0,31;10;0,4;Sim/C/C03 Sim/A/A02 Sim/B/B01 Sim/A/A06 Sim/C/C02 ;-0,27 (0,31 | 10 | 0,4) -0,08 (0,3 | 10 | 0,7) -0,04 (0,24 | 5 | 0,6) 0,09 (0,6 | 6 | 0,83) 0,12 (0,25 | 10 | 0,5) 
P000554;-4,06;0,14;35;0,2;Sim/A/A03;-4,15;0,16;9;0,44;Sim/A/A03 Sim/A/A05 Sim/A/A06 Sim/A/A02 Sim/B/B02 ;-4,15 (0,16 | 9 | 0,44) -4,08 (1,09 | 5 | 0) -4,07 (2,73 | 5 | 0) -4,07 (2,27 | 5 | 0) -4,06 (10382,58 | 1 | 0) 
P000555;4,61;0,11;66;0,85;Sim/C/C09;4,24;0,22;5;0,4;Sim/B/B02 Sim/C/C09 Sim/C/C04 Sim/C/C07 ;4,03 (1,72 | 5 | 0,8) 4,24 (0,22 | 5 | 0,4) 4,33 (0,25 | 10 | 0,7) 4,45 (0,36 | 10 | 0,9) 
P000556;-0,24;0,08;86;0,51;Sim/C/C01;-1,03;0,23;7;0,29;Sim/C/C01 Sim/B/B02 Sim/A/A04 Sim/B/B03 ;-1,03 (0,23 | 7 | 0,29) -0,5 (0,25 | 8 | 0) -0,41 (0,25 | 7 | 0,57) -0,24 (0,73 | 5 | 0) 
P000557;-5,29;0,7;26;0;;;;;;;
P000558;3,18;0,11;45;0,6;Sim/B/B03;2,05;0,49;10;0,8;Sim/C/C04 Sim/B/B03 Sim/C/C10 Sim/B/B04 ;2,05 (0,73 | 5 | 0) 2,05 (0,49 | 10 | 0,8) 2,94 (0,24 | 5 | 0,4) 3 (0,22 | 4 | 0,5) 
P000559;0,77;0,1;60;0,7;Sim/A/A04;0,42;0,26;10;0,7;Sim/B/B02 Sim/A/A04 ;0,31 (0,23 | 4 | 0,5) 0,42 (0,26 | 10 | 0,7) 
P000560;-4,69;0,19;36;0,08;;;;;;Sim/A/A03 Sim/A/A05 Sim/B/B01 Sim/B/B02 Sim/B/B03 Sim/A/A06 ;-5,13 (0,55 | 10 | 0,1) -4,7 (1,79 | 5 | 0) -4,7 (5,01 | 5 | 0) -4,7 (9,51 | 1 | 0) -4,7 (8,9 | 1 | 0) -4,69 (3,41 | 5 | 0) 
P000561;3,94;0,09;57;0,67;Sim/C/C05;3,58;0,2;5;0,4;Sim/B/B01 Sim/C/C07 Sim/C/C05 ;2,01 (0,56 | 6 | 0,83) 3,41 (0,24 | 4 | 0,5) 3,58 (0,2 | 5 | 0,4) 
P000562;5,61;0,35;60;0,95;Sim/C/C09;5,37;0,43;10;0,9;Sim/B/B03 Sim/C/C06 Sim/C/C09 ;2,45 (1,28 | 5 | 0,8) 4,92 (0,56 | 8 | 0,88) 5,37 (0,43 | 10 | 0,9) 
P000563;6,1;0,8;50;0,98;;;;;;Sim/B/B02 ;3,3 (0,83 | 5 | 0,8) 
P000564;6,08;0,8;51;1;;;;;;;
P000565;-2,91;0,15;41;0,39;Sim/A/A02;-3,24;0,48;10;0,1;Sim/A/A02 Sim/A/A05 Sim/A/A06 Sim/B/B01 ;-3,24 (0,48 | 10 | 0,1) -3 (0,24 | 9 | 0,33) -2,92 (1,42 | 5 | 0) -2,91 (1,96 | 5 | 0) 
P000566;-3,33;0,18;45;0,4;Sim/A/A05;-3,51;0,48;10;0,1;Sim/A/A05 Sim/A/A02 Sim/A/A06 ;-3,51 (0,48 | 10 | 0,1) -3,36 (0,68 | 5 | 0) -3,35 (1,86 | 5 | 0) 
P000567;3,95;0,09;59;0,64;Sim/C/C04;3,48;0,24;8;0,5;Sim/B/B02 Sim/C/C04 Sim/C/C10 ;3,26 (0,79 | 5 | 0,8) 3,48 (0,24 | 8 | 0,5) 3,66 (0,19 | 5 | 0,6) 
P000568;-3,05;0,19;33;0,24;Sim/A/A01;-3,74;0,22;6;0,5;Sim/A/A01 Sim/A/A02 Sim/A/A06 ;-3,74 (0,22 | 6 | 0,5) -3,24 (0,48 | 10 | 0,1) -3,07 (1,56 | 5 | 0) 
P000569;-3,87;0,16;41;0,27;Sim/A/A01;-4,27;0,23;5;0,4;Sim/A/A01 Sim/A/A05 Sim/B/B01 Sim/B/B03 ;-4,27 (0,23 | 5 | 0,4) -3,88 (0,88 | 5 | 0) -3,87 (3,64 | 5 | 0) -3,87 (7,96 | 1 | 0) 
P000570;4,81;0,12;62;0,85;Sim/C/C04;4,29;0,25;10;0,7;Sim/B/B01 Sim/C/C04 Sim/C/C08 ;2,65 (1,22 | 5 | 0,8) 4,29 (0,25 | 10 | 0,7) 4,77 (0,2 | 4 | 0,5) 
P000571;6,08;0,8;51;1;;;;;;;
P000572;3,25;0,1;47;0,51;Sim/C/C07;3,18;0,23;5;0,4;Sim/B/B03 Sim/C/C06 Sim/C/C10 Sim/C/C07 Sim/B/B04 ;2,23 (0,89 | 5 | 0,8) 2,97 (0,51 | 10 | 0,1) 3,17 (0,22 | 3 | 0,33) 3,18 (0,23 | 5 | 0,4) 3,2 (0,25 | 4 | 0,5) 
P000573;0,43;0,09;83;0,61;Sim/C/C03;-0,12;0,3;10;0,4;Sim/C/C03 Sim/B/B03 Sim/B/B01 Sim/C/C01 ;-0,12 (0,3 | 10 | 0,4) 0,13 (0,35 | 10 | 0,1) 0,26 (0,27 | 10 | 0,5) 0,32 (0,32 | 10 | 0,8) 
P000574;1,38;0,14;54;0,76;Sim/B/B03;1,16;0,2;5;0,6;Sim/A/A04 Sim/B/B03 Sim/B/B02 Sim/C/C04 Sim/C/C07 ;0,92 (0,55 | 7 | 0,86) 1,16 (0,2 | 5 | 0,6) 1,18 (0,39 | 10 | 0,5) 1,38 (2,57 | 1 | 0) 1,38 (2,34 | 1 | 0) 
P000575;-3,63;0,17;38;0,24;Sim/A/A03;-4,12;0,21;5;0,4;Sim/A/A03 Sim/A/A06 Sim/A/A02 ;-4,12 (0,21 | 5 | 0,4) -3,64 (2,22 | 5 | 0) -3,64 (1,21 | 5 | 0) 
P000576;-2;0,16;25;0,32;Sim/A/A05;-2,18;0,23;5;0,6;Sim/A/A05 Sim/B/B01 ;-2,18 (0,23 | 5 | 0,6) -2,02 (0,67 | 5 | 0) 
P000577;5,66;0,42;56;0,98;Sim/B/B04;4,05;0,44;10;0,9;Sim/B/B04 ;4,05 (0,44 | 10 | 0,9) 
P000578;-2,01;0,16;37;0,32;Sim/A/A02;-2,49;0,24;6;0,33;Sim/A/A02 ;-2,49 (0,24 | 6 | 0,33) 
P000579;-0,61;0,08;51;0,47;Sim/A/A04;-0,84;0,21;5;0,6;Sim/A/A07 Sim/C/C03 Sim/A/A04 Sim/A/A06 Sim/B/B01 Sim/A/A02 ;-1,62 (0,98 | 5 | 0,2) -1,03 (0,53 | 6 | 0,17) -0,84 (0,21 | 5 | 0,6) -0,84 (0,18 | 4 | 0,5) -0,67 (0,26 | 10 | 0,5) -0,64 (0,24 | 7 | 0,57) 
P000580;0,94;0,11;58;0,71;Sim/B/B02;0,5;0,25;6;0,33;Sim/B/B02 Sim/C/C03 Sim/A/A02 Sim/B/B01 ;0,5 (0,25 | 6 | 0,33) 0,77 (0,21 | 6 | 0,5) 0,83 (0,39 | 10 | 0,9) 0,84 (0,25 | 10 | 0,5) 
P000581;6,08;0,8;51;1;;;;;;;
P000582;0,98;0,11;62;0,69;Sim/A/A04;0,44;0,27;10;0,7;Sim/A/A04 Sim/B/B03 Sim/C/C02 Sim/B/B01 ;0,44 (0,27 | 10 | 0,7) 0,6 (0,24 | 5 | 0,2) 0,7 (0,29 | 10 | 0,7) 0,95 (0,25 | 7 | 0,43) 
P000583;4,2;0,1;80;0,74;Sim/B/B02;2,72;0,38;10;0,7;Sim/B/B02 Sim/C/C04 Sim/C/C09 ;2,72 (0,38 | 10 | 0,7) 3,06 (0,31 | 10 | 0,4) 4,04 (0,24 | 9 | 0,33) 
P000584;-3,12;0,18;43;0,28;Sim/A/A03;-3,68;0,24;8;0,63;Sim/A/A03 Sim/A/A02 Sim/B/B01 Sim/A/A06 Sim/B/B02 ;-3,68 (0,24 | 8 | 0,63) -3,17 (0,43 | 10 | 0) -3,13 (2,37 | 5 | 0) -3,13 (1,62 | 5 | 0) -3,12 (5,52 | 1 | 0) 
P000585;3,11;0,1;48;0,54;Sim/C/C04;2,9;0,33;10;0,3;Sim/C/C05 Sim/B/B03 Sim/C/C04 ;2,12 (0,9 | 7 | 0) 2,13 (0,64 | 7 | 0,86) 2,9 (0,33 | 10 | 0,3) 
P000586;4,66;0,12;59;0,9;Sim/C/C10;4,04;0,24;7;0,71;Sim/C/C10 Sim/C/C08 ;4,04 (0,24 | 7 | 0,71) 4,43 (0,22 | 5 | 0,4) 
P000587;2,51;0,18;47;0,53;Sim/C/C07;2,35;0,45;10;0,1;Sim/B/B01 Sim/B/B03 Sim/C/C04 Sim/C/C07 Sim/B/B02 ;2,02 (0,55 | 7 | 0,86) 2,13 (0,64 | 7 | 0,86) 2,29 (0,54 | 7 | 0,14) 2,35 (0,45 | 10 | 0,1) 2,41 (0,32 | 10 | 0,7) 
P000588;3,87;0,1;48;0,77;;;;;;Sim/C/C10 Sim/C/C05 ;2,99 (0,24 | 4 | 0) 3,54 (0,22 | 4 | 0,5) 
P000589;-1;0,09;47;0,34;Sim/B/B01;-1,1;0,29;10;0,4;Sim/A/A07 Sim/A/A02 Sim/B/B02 Sim/B/B01 Sim/C/C01 Sim/C/C03 ;-1,62 (0,98 | 5 | 0) -1,24 (0,24 | 4 | 0,5) -1,11 (1,64 | 1 | 0) -1,1 (0,29 | 10 | 0,4) -1,06 (0,24 | 7 | 0,43) -1,03 (0,53 | 6 | 0,17) 
P000590;-4,08;0,16;34;0,21;;;;;;Sim/A/A01 Sim/A/A05 Sim/A/A06 Sim/B/B01 Sim/A/A02 Sim/B/B03 ;-4,46 (0,24 | 4 | 0,5) -4,09 (1,1 | 5 | 0) -4,08 (2,74 | 5 | 0) -4,08 (3,98 | 5 | 0) -4,08 (2,29 | 5 | 0) -4,08 (8,18 | 1 | 0) 
P000591;4,33;0,1;60;0,78;Sim/C/C10;4,03;0,25;6;0,67;Sim/B/B01 Sim/C/C10 Sim/C/C07 Sim/C/C06 ;2,65 (1,22 | 5 | 0,8) 4,03 (0,25 | 6 | 0,67) 4,15 (0,23 | 10 | 0,8) 4,32 (0,22 | 5 | 0,8) 
P000592;0,02;0,09;82;0,59;Sim/A/A04;-0,89;0,19;7;0,43;Sim/A/A04 Sim/B/B02 Sim/C/C03 ;-0,89 (0,19 | 7 | 0,43) -0,58 (0,27 | 10 | 0) -0,35 (0,32 | 10 | 0,3) 
P000593;0,98;0,1;62;0,74;Sim/A/A07;0,49;0,48;10;0,7;Sim/A/A07 Sim/B/B02 Sim/A/A02 Sim/A/A04 ;0,49 (0,48 | 10 | 0,7) 0,51 (0,25 | 4 | 0,5) 0,83 (0,39 | 10 | 0,9) 0,92 (0,63 | 5 | 0,8) 
P000594;3,41;0,1;40;0,73;Sim/C/C10;3,1;0,19;5;0,4;Sim/C/C10 Sim/B/B02 Sim/C/C05 Sim/C/C07 ;3,1 (0,19 | 5 | 0,4) 3,26 (0,79 | 5 | 0,8) 3,37 (0,2 | 5 | 0,6) 3,4 (0,23 | 4 | 0,5) 
P000595;-4,77;0,27;35;0,11;;;;;;Sim/A/A05 Sim/A/A06 Sim/A/A02 Sim/B/B01 ;-4,82 (1,91 | 5 | 0) -4,8 (3,53 | 5 | 0) -4,79 (4,55 | 5 | 0) -4,78 (6,34 | 5 | 0) 
P000596;5,24;0,19;57;0,93;Sim/C/C09;4,91;0,24;7;0,71;Sim/C/C09 Sim/C/C04 ;4,91 (0,24 | 7 | 0,71) 5,07 (0,46 | 10 | 0,9) 
P000597;0,92;0,1;59;0,68;Sim/B/B03;0,7;0,2;6;0,5;Sim/B/B03 Sim/A/A02 Sim/C/C02 Sim/C/C03 ;0,7 (0,2 | 6 | 0,5) 0,83 (0,39 | 10 | 0,9) 0,83 (0,3 | 10 | 0,8) 0,88 (0,2 | 10 | 0,6) 
P000598;-2,76;0,14;39;0,41;Sim/A/A01;-3,01;0,36;10;0,7;Sim/A/A01 Sim/A/A05 Sim/A/A06 Sim/B/B01 ;-3,01 (0,36 | 10 | 0,7) -2,81 (0,2 | 6 | 0,33) -2,77 (1,3 | 5 | 0) -2,76 (1,68 | 5 | 0) 
P000599;-5,29;0,7;26;0;;;;;;;
P000600;-1,27;0,1;63;0,41;Sim/A/A05;-1,56;0,42;10;0,8;Sim/A/A05 Sim/A/A02 Sim/A/A06 Sim/A/A04 Sim/B/B02 Sim/C/C02 ;-1,56 (0,42 | 10 | 0,8) -1,54 (0,24 | 6 | 0,5) -1,53 (0,33 | 10 | 0,3) -1,44 (0,25 | 4 | 0,25) -1,27 (1,04 | 7 | 0) -1,27 (0,42 | 10 | 0,3) 
P000601;2,67;0,14;53;0,47;Sim/B/B01;1,66;0,38;10;0,8;Sim/B/B01 Sim/B/B04 Sim/C/C04 Sim/C/C05 ;1,66 (0,38 | 10 | 0,8) 1,9 (0,79 | 5 | 0) 2,05 (0,73 | 5 | 0,2) 2,09 (0,9 | 8 | 0,13) 
P000602;-0,31;0,09;53;0,51;Sim/A/A04;-0,84;0,25;5;0,4;Sim/C/C03 Sim/A/A04 Sim/A/A06 Sim/A/A07 Sim/C/C01 ;-1,89 (1,27 | 5 | 0,2) -0,84 (0,25 | 5 | 0,4) -0,66 (0,22 | 3 | 0,67) -0,47 (0,22 | 3 | 0,67) -0,42 (0,22 | 4 | 0,5) 
P000603;0,28;0,09;81;0,6;Sim/A/A04;-0,27;0,23;6;0,5;Sim/A/A04 Sim/A/A07 Sim/C/C01 Sim/C/C02 Sim/B/B03 ;-0,27 (0,23 | 6 | 0,5) -0,03 (0,27 | 10 | 0,8) 0 (0,22 | 10 | 0,7) 0,22 (0,27 | 10 | 0,5) 0,25 (0,29 | 10 | 0) 
P000604;-2,95;0,15;58;0,38;Sim/A/A02;-3,1;0,39;10;0;Sim/A/A02 Sim/A/A05 Sim/B/B02 ;-3,1 (0,39 | 10 | 0) -3,02 (0,25 | 8 | 0,25) -2,95 (4,18 | 5 | 0) 
P000605;-0,9;0,08;51;0,33;Sim/B/B01;-1,63;0,39;10;0,2;Sim/B/B01 Sim/A/A04 Sim/A/A07 Sim/B/B02 ;-1,63 (0,39 | 10 | 0,2) -1,17 (0,22 | 3 | 0,33) -0,94 (0,22 | 8 | 0,38) -0,9 (0,91 | 1 | 0) 
P000606;-1,89;0,15;31;0,45;Sim/A/A02;-1,98;0,22;6;0,5;Sim/A/A02 Sim/B/B01 ;-1,98 (0,22 | 6 | 0,5) -1,92 (0,59 | 5 | 0) 
P000607;4,59;0,1;67;0,79;Sim/C/C10;3,82;0,22;5;0,6;Sim/C/C10 Sim/C/C09 Sim/C/C06 ;3,82 (0,22 | 5 | 0,6) 4,08 (0,22 | 10 | 0,3) 4,24 (0,22 | 4 | 0,75) 
P000608;-3,27;0,19;41;0,39;;;;;;Sim/A/A05 Sim/A/A02 Sim/B/B01 Sim/A/A06 Sim/B/B02 ;-3,91 (1,06 | 5 | 0) -3,28 (0,59 | 5 | 0) -3,27 (2,64 | 5 | 0) -3,27 (1,77 | 5 | 0) -3,27 (6,03 | 1 | 0) 
P000609;-2,27;0,16;21;0,33;Sim/A/A05;-2,32;0,21;5;0,6;Sim/A/A05 Sim/B/B01 ;-2,32 (0,21 | 5 | 0,6) -2,28 (0,95 | 5 | 0) 
P000610;3,63;0,09;49;0,69;Sim/C/C05;3,34;0,19;6;0,5;Sim/C/C05 Sim/C/C10 Sim/C/C04 ;3,34 (0,19 | 6 | 0,5) 3,61 (0,21 | 4 | 0,5) 3,63 (0,24 | 6 | 0,5) 
P000611;2,83;0,15;38;0,68;Sim/B/B02;2,61;0,36;10;0,9;Sim/C/C04 Sim/B/B01 Sim/B/B02 ;2,29 (0,58 | 5 | 0,2) 2,35 (0,78 | 5 | 0,8) 2,61 (0,36 | 10 | 0,9) 
P000612;-1,88;0,16;23;0,39;Sim/A/A02;-1,98;0,22;6;0,5;Sim/A/A02 Sim/B/B01 ;-1,98 (0,22 | 6 | 0,5) -1,91 (0,59 | 5 | 0) 
P000613;0,08;0,09;85;0,55;Sim/C/C03;-0,35;0,32;10;0,3;Sim/C/C03 Sim/A/A02 Sim/C/C01 Sim/A/A07 Sim/B/B02 Sim/A/A06 ;-0,35 (0,32 | 10 | 0,3) -0,24 (0,27 | 10 | 0,7) -0,07 (0,23 | 6 | 0,67) 0,03 (0,29 | 10 | 0,8) 0,05 (0,21 | 6 | 0,5) 0,05 (0,5 | 10 | 0,8) 
P000614;4,55;0,11;68;0,78;Sim/C/C04;4,18;0,25;10;0,6;Sim/B/B02 Sim/C/C04 Sim/C/C05 Sim/C/C09 ;4,03 (1,72 | 5 | 0,8) 4,18 (0,25 | 10 | 0,6) 4,28 (0,34 | 10 | 0,7) 4,35 (0,2 | 5 | 0,4) 
P000615;-4,13;0,15;31;0,16;Sim/A/A01;-4,27;0,23;5;0,4;Sim/A/A01 Sim/A/A05 Sim/A/A06 Sim/B/B01 Sim/A/A02 Sim/B/B03 ;-4,27 (0,23 | 5 | 0,4) -4,14 (1,17 | 5 | 0) -4,14 (2,81 | 5 | 0) -4,14 (4,07 | 5 | 0) -4,13 (2,46 | 5 | 0) -4,13 (8,24 | 1 | 0) 
P000616;-2,37;0,16;27;0,41;Sim/A/A02;-2,65;0,24;7;0,29;Sim/A/A02 Sim/A/A06 Sim/B/B01 ;-2,65 (0,24 | 7 | 0,29) -2,39 (1,04 | 5 | 0) -2,38 (1,09 | 5 | 0) 
P000617;-3,76;0,16;33;0,24;Sim/A/A03;-3,83;0,23;5;0,6;Sim/A/A03 Sim/A/A05 Sim/A/A02 Sim/B/B01 Sim/B/B03 ;-3,83 (0,23 | 5 | 0,6) -3,78 (0,78 | 5 | 0) -3,76 (1,43 | 5 | 0) -3,76 (3,46 | 5 | 0) -3,76 (7,85 | 1 | 0) 
P000618;-5,29;0,7;26;0;;;;;;;
P000619;6,08;0,8;51;1;;;;;;;
P000620;4,38;0,1;63;0,79;Sim/C/C10;4,07;0,24;8;0,63;Sim/C/C10 Sim/C/C08 Sim/C/C06 ;4,07 (0,24 | 8 | 0,63) 4,15 (0,24 | 6 | 0,33) 4,18 (0,18 | 5 | 0,6) 
P000621;-5,29;0,7;26;0;;;;;;;
P000622;-1,31;0,11;47;0,32;Sim/B/B01;-1,79;0,46;10;0,1;Sim/A/A04 Sim/B/B01 Sim/C/C02 ;-2,01 (0,54 | 7 | 0) -1,79 (0,46 | 10 | 0,1) -1,76 (0,94 | 6 | 0,17) 
P000623;-0,2;0,08;64;0,58;Sim/B/B01;-0,62;0,25;10;0,6;Sim/C/C03 Sim/B/B01 Sim/A/A02 ;-1,3 (0,77 | 5 | 0,2) -0,62 (0,25 | 10 | 0,6) -0,31 (0,26 | 10 | 0,6) 
P000624;-2,71;0,16;35;0,26;Sim/A/A02;-3,1;0,39;10;0;Sim/A/A02 Sim/A/A01 Sim/A/A06 Sim/B/B01 ;-3,1 (0,39 | 10 | 0) -2,9 (0,39 | 10 | 0,6) -2,72 (1,26 | 5 | 0) -2,72 (1,62 | 5 | 0) 
P000625;-1,36;0,12;46;0,37;Sim/A/A02;-1,84;0,23;5;0,4;Sim/A/A02 Sim/C/C01 Sim/A/A04 Sim/B/B02 ;-1,84 (0,23 | 5 | 0,4) -1,59 (0,36 | 10 | 0,2) -1,44 (0,25 | 4 | 0,25) -1,36 (3,41 | 1 | 0) 
P000626;1,45;0,14;50;0,78;Sim/B/B03;1,23;0,21;5;0,6;Sim/A/A04 Sim/B/B03 Sim/B/B02 Sim/C/C07 ;0,99 (0,65 | 5 | 0,8) 1,23 (0,21 | 5 | 0,6) 1,34 (0,44 | 10 | 0,5) 1,45 (2,18 | 1 | 0) 
P000627;-1,8;0,13;58;0,26;Sim/A/A05;-1,97;0,23;9;0,78;Sim/C/C01 Sim/A/A05 Sim/A/A04 Sim/A/A02 Sim/C/C02 Sim/B/B02 ;-2,14 (0,72 | 7 | 0,14) -1,97 (0,23 | 9 | 0,78) -1,93 (0,43 | 10 | 0) -1,81 (0,22 | 6 | 0,33) -1,81 (1,67 | 1 | 0) -1,8 (2,15 | 5 | 0) 
P000628;3,77;0,09;60;0,55;Sim/C/C07;3,58;0,21;5;0,4;Sim/C/C07 Sim/C/C04 Sim/C/C06 Sim/C/C09 ;3,58 (0,21 | 5 | 0,4) 3,6 (0,24 | 6 | 0,5) 3,6 (0,24 | 3 | 0,33) 3,71 (0,35 | 10 | 0,2) 
P000629;-0,41;0,08;63;0,52;Sim/B/B01;-1,1;0,29;10;0,4;Sim/B/B01 Sim/A/A06 Sim/A/A02 Sim/A/A04 Sim/C/C02 ;-1,1 (0,29 | 10 | 0,4) -0,74 (0,19 | 4 | 0,5) -0,64 (0,24 | 9 | 0,56) -0,57 (0,24 | 7 | 0,57) -0,46 (0,24 | 4 | 0,5) 
P000630;1,03;0,11;69;0,78;Sim/C/C02;0,54;0,29;10;0,7;Sim/C/C02 Sim/C/C01 Sim/A/A02 Sim/B/B02 Sim/B/B03 ;0,54 (0,29 | 10 | 0,7) 0,66 (0,48 | 10 | 0,9) 0,83 (0,39 | 10 | 0,9) 0,87 (0,29 | 10 | 0,6) 0,9 (0,23 | 4 | 0,5) 
P000631;4,13;0,09;63;0,7;Sim/C/C05;3,58;0,2;5;0,4;Sim/C/C05 Sim/C/C08 Sim/C/C07 Sim/C/C04 ;3,58 (0,2 | 5 | 0,4) 3,8 (0,3 | 10 | 0,2) 4,06 (0,24 | 5 | 0,8) 4,08 (0,24 | 10 | 0,6) 
P000632;-2,38;0,15;27;0,3;Sim/A/A02;-2,78;0,26;10;0,2;Sim/A/A02 Sim/B/B01 ;-2,78 (0,26 | 10 | 0,2) -2,39 (1,09 | 5 | 0) 
P000633;-1,62;0,13;62;0,27;Sim/C/C01;-1,68;0,41;10;0,2;Sim/A/A04 Sim/C/C01 Sim/C/C02 Sim/A/A06 Sim/C/C03 ;-2,01 (0,54 | 7 | 0) -1,68 (0,41 | 10 | 0,2) -1,63 (1,57 | 1 | 0) -1,63 (0,38 | 10 | 0,2) -1,63 (1,42 | 1 | 0) 
P000634;-2,67;0,14;32;0,34;Sim/A/A05;-2,75;0,19;7;0,29;Sim/A/A05 Sim/A/A06 Sim/B/B01 ;-2,75 (0,19 | 7 | 0,29) -2,67 (1,22 | 5 | 0) -2,67 (1,52 | 5 | 0) 
P000635;0,71;0,11;61;0,77;Sim/A/A04;0,68;0,38;10;0,8;Sim/B/B02 Sim/C/C03 Sim/B/B03 Sim/A/A04 ;0,29 (0,23 | 4 | 0,5) 0,38 (0,24 | 3 | 0,33) 0,66 (0,24 | 4 | 0,5) 0,68 (0,38 | 10 | 0,8) 
P000636;4,16;0,09;71;0,65;Sim/C/C09;3,8;0,31;10;0,2;Sim/C/C09 Sim/C/C07 Sim/C/C08 Sim/B/B02 Sim/C/C10 ;3,8 (0,31 | 10 | 0,2) 3,94 (0,21 | 5 | 0,6) 4 (0,24 | 10 | 0,3) 4,03 (1,72 | 5 | 0,8) 4,03 (0,25 | 6 | 0,67) 
P000637;3,69;0,09;66;0,53;Sim/C/C08;3,64;0,37;10;0;Sim/B/B02 Sim/C/C05 Sim/C/C06 Sim/C/C08 ;3,3 (0,83 | 5 | 0,8) 3,54 (0,22 | 4 | 0,5) 3,6 (0,24 | 3 | 0) 3,64 (0,37 | 10 | 0) 
P000638;3,52;0,09;56;0,59;Sim/C/C06;3,4;0,24;9;0;Sim/C/C10 Sim/C/C05 Sim/B/B02 Sim/C/C06 ;2,99 (0,24 | 4 | 0) 3,26 (0,25 | 3 | 0,33) 3,26 (0,79 | 5 | 0,8) 3,4 (0,24 | 9 | 0) 
P000639;-4,67;0,18;37;0,11;;;;;;Sim/A/A03 Sim/A/A05 Sim/A/A06 Sim/A/A02 Sim/B/B01 Sim/B/B03 ;-5,14 (0,56 | 10 | 0,1) -4,68 (1,77 | 5 | 0) -4,68 (3,39 | 5 | 0) -4,67 (4,18 | 5 | 0) -4,67 (4,96 | 5 | 0) -4,67 (8,86 | 1 | 0) 
P000640;3,79;0,09;68;0,53;Sim/B/B04;3,1;0,19;7;0,43;Sim/B/B01 Sim/B/B04 Sim/B/B02 Sim/C/C04 ;2,02 (0,55 | 7 | 0,86) 3,1 (0,19 | 7 | 0,43) 3,26 (0,79 | 5 | 0,8) 3,76 (0,25 | 6 | 0,5) 
P000641;-2,39;0,14;30;0,3;Sim/A/A02;-2,87;0,28;10;0,1;Sim/A/A02 Sim/B/B01 ;-2,87 (0,28 | 10 | 0,1) -2,4 (1,11 | 5 | 0) 
P000642;3,34;0,09;69;0,46;Sim/B/B01;1,53;0,34;10;0,8;Sim/B/B01 Sim/B/B03 Sim/C/C06 Sim/B/B02 Sim/C/C05 Sim/C/C08 Sim/C/C09 ;1,53 (0,34 | 10 | 0,8) 2,23 (0,89 | 5 | 0,8) 2,9 (0,65 | 7 | 0,14) 2,98 (0,51 | 6 | 0,67) 3 (0,21 | 7 | 0,29) 3,32 (0,61 | 6 | 0,17) 3,33 (0,72 | 5 | 0) 
P000643;-5,29;0,7;26;0;;;;;;;
P000644;-0,44;0,08;65;0,51;Sim/B/B01;-0,65;0,26;10;0,5;Sim/A/A07 Sim/B/B01 Sim/A/A02 Sim/C/C01 ;-0,65 (0,2 | 4 | 0,5) -0,65 (0,26 | 10 | 0,5) -0,64 (0,24 | 7 | 0,57) -0,57 (0,22 | 4 | 0,5) 
P000645;3,72;0,08;73;0,58;Sim/C/C07;3,36;0,22;5;0,4;Sim/B/B02 Sim/C/C07 Sim/C/C08 Sim/C/C06 Sim/C/C10 ;3,3 (0,83 | 5 | 0,8) 3,36 (0,22 | 5 | 0,4) 3,39 (0,52 | 9 | 0,11) 3,59 (0,22 | 4 | 0,25) 3,61 (0,21 | 4 | 0,5) 
P000646;-2,94;0,16;41;0,39;Sim/A/A02;-3,1;0,39;10;0;Sim/A/A02 Sim/B/B01 ;-3,1 (0,39 | 10 | 0) -2,94 (2,02 | 5 | 0) 
P000647;0,7;0,1;68;0,68;Sim/A/A04;0,24;0,24;6;0,67;Sim/A/A04 Sim/C/C02 Sim/B/B01 ;0,24 (0,24 | 6 | 0,67) 0,33 (0,28 | 10 | 0,6) 0,46 (0,3 | 10 | 0,5) 
P000648;-2,34;0,15;27;0,3;Sim/A/A02;-2,61;0,23;8;0,25;Sim/A/A02 Sim/A/A06 Sim/B/B01 ;-2,61 (0,23 | 8 | 0,25) -2,35 (1,02 | 5 | 0) -2,35 (1,04 | 5 | 0) 
P000649;-3,85;0,15;33;0,24;Sim/A/A03;-3,87;0,2;7;0,57;Sim/A/A05 Sim/A/A03 Sim/A/A06 Sim/A/A02 Sim/B/B02 ;-3,87 (0,87 | 5 | 0) -3,87 (0,2 | 7 | 0,57) -3,86 (2,47 | 5 | 0) -3,86 (1,68 | 5 | 0) -3,85 (5539,12 | 1 | 0) 
P000650;-0,55;0,08;70;0,37;Sim/A/A04;-0,73;0,23;6;0,5;Sim/A/A07 Sim/C/C03 Sim/A/A04 Sim/C/C01 Sim/B/B02 ;-1,63 (0,97 | 6 | 0,17) -1,02 (0,53 | 7 | 0,14) -0,73 (0,23 | 6 | 0,5) -0,72 (0,2 | 6 | 0,33) -0,58 (0,27 | 10 | 0) 
P000651;-0,65;0,08;61;0,41;Sim/A/A02;-0,89;0,24;6;0,5;Sim/A/A02 Sim/B/B01 Sim/A/A04 Sim/C/C01 Sim/A/A07 ;-0,89 (0,24 | 6 | 0,5) -0,79 (0,27 | 10 | 0,4) -0,73 (0,23 | 6 | 0,5) -0,66 (0,18 | 6 | 0,5) -0,65 (0,2 | 4 | 0,5) 
P000652;-5,29;0,7;26;0;;;;;;;
P000653;-2,51;0,14;44;0,45;Sim/A/A02;-3,01;0,34;10;0,1;Sim/A/A02 Sim/A/A05 Sim/B/B02 ;-3,01 (0,34 | 10 | 0,1) -2,54 (0,19 | 7 | 0,57) -2,51 (102,9 | 1 | 0) 
P000654;0,6;0,1;61;0,72;Sim/A/A07;0,37;0,43;10;0,9;Sim/A/A04 Sim/A/A07 Sim/B/B02 Sim/B/B03 ;0,24 (0,24 | 4 | 0,75) 0,37 (0,43 | 10 | 0,9) 0,51 (0,25 | 4 | 0,5) 0,55 (0,24 | 5 | 0,4) 
P000655;1,65;0,2;37;0,46;Sim/B/B01;1,07;0,24;7;0,57;Sim/B/B01 Sim/B/B03 ;1,07 (0,24 | 7 | 0,57) 1,23 (0,21 | 5 | 0,6) 
P000656;-0,5;0,08;66;0,45;Sim/B/B02;-0,89;0,48;10;0,1;Sim/B/B02 Sim/A/A07 Sim/B/B01 ;-0,89 (0,48 | 10 | 0,1) -0,77 (0,18 | 7 | 0,29) -0,68 (0,26 | 10 | 0,5) 
P000657;1,99;0,2;41;0,51;Sim/B/B03;1,57;0,26;10;0,6;Sim/B/B03 Sim/C/C07 Sim/C/C04 Sim/C/C10 ;1,57 (0,26 | 10 | 0,6) 1,98 (1,31 | 1 | 0) 1,99 (1,43 | 1 | 0) 1,99 (1,67 | 1 | 0) 
P000658;3,48;0,09;55;0,53;Sim/B/B04;3,32;0,2;8;0,5;Sim/B/B01 Sim/C/C05 Sim/B/B04 Sim/C/C10 ;2,35 (0,78 | 5 | 0,8) 3,32 (0,22 | 4 | 0,5) 3,32 (0,2 | 8 | 0,5) 3,44 (0,21 | 4 | 0,5) 
P000659;1,1;0,11;59;0,71;Sim/B/B03;0,9;0,17;8;0,63;Sim/B/B03 Sim/A/A02 Sim/C/C07 ;0,9 (0,17 | 8 | 0,63) 1,09 (0,38 | 10 | 0,9) 1,1 (3,17 | 1 | 0) 
P000660;-1,27;0,1;57;0,35;Sim/A/A02;-1,54;0,24;6;0,5;Sim/A/A06 Sim/C/C02 Sim/A/A02 Sim/A/A05 ;-1,92 (0,65 | 7 | 0) -1,76 (0,94 | 6 | 0,17) -1,54 (0,24 | 6 | 0,5) -1,38 (0,58 | 7 | 0,86) 
P000661;-3,29;0,18;42;0,38;;;;;;Sim/A/A05 Sim/A/A02 Sim/B/B01 Sim/A/A06 Sim/B/B02 ;-3,92 (1,05 | 6 | 0) -3,3 (0,61 | 5 | 0) -3,29 (2,67 | 5 | 0) -3,29 (1,8 | 5 | 0) -3,29 (6,1 | 1 | 0) 
P000662;-0,7;0,08;62;0,39;Sim/B/B02;-0,89;0,48;10;0,1;Sim/C/C03 Sim/A/A07 Sim/B/B02 Sim/C/C02 Sim/C/C01 Sim/A/A04 ;-1,89 (1,27 | 5 | 0,2) -1,62 (0,98 | 5 | 0) -0,89 (0,48 | 10 | 0,1) -0,78 (0,25 | 4 | 0,25) -0,75 (0,2 | 7 | 0,29) -0,73 (0,23 | 6 | 0,5) 
P000663;2,18;0,21;31;0,55;;;;;;Sim/B/B04 Sim/C/C07 Sim/C/C04 Sim/C/C10 ;1,9 (0,79 | 5 | 0) 2,16 (1,14 | 1 | 0) 2,16 (1,15 | 1 | 0) 2,17 (1,29 | 1 | 0) 
P000664;-1,25;0,1;56;0,36;Sim/A/A05;-1,68;0,34;10;0,8;Sim/A/A06 Sim/A/A07 Sim/A/A05 Sim/A/A04 Sim/C/C02 Sim/B/B02 ;-1,93 (0,65 | 8 | 0) -1,7 (0,99 | 6 | 0,17) -1,68 (0,34 | 10 | 0,8) -1,44 (0,25 | 4 | 0,25) -1,44 (0,6 | 6 | 0,17) -1,25 (2,43 | 1 | 0) 
P000665;2,17;0,19;50;0,56;Sim/B/B03;1,63;0,28;10;0,8;Sim/B/B03 Sim/C/C04 Sim/C/C07 ;1,63 (0,28 | 10 | 0,8) 2,12 (0,67 | 5 | 0) 2,13 (0,74 | 5 | 0) 
P000666;-4,87;0,24;37;0,05;;;;;;Sim/A/A03 Sim/B/B01 Sim/B/B02 Sim/B/B03 Sim/A/A06 ;-5,41 (0,87 | 10 | 0) -4,87 (5,31 | 5 | 0) -4,87 (9,7 | 1 | 0) -4,87 (9,12 | 1 | 0) -4,87 (3,61 | 5 | 0) 
P000667;2,19;0,19;49;0,49;Sim/B/B01;1,43;0,31;10;0,7;Sim/B/B01 Sim/C/C07 Sim/C/C04 Sim/C/C10 ;1,43 (0,31 | 10 | 0,7) 2,02 (0,83 | 5 | 0) 2,15 (0,66 | 5 | 0) 2,16 (0,82 | 5 | 0) 
P000668;3,97;0,09;58;0,62;Sim/C/C05;3,66;0,2;5;0,6;Sim/C/C05 Sim/C/C10 Sim/C/C07 Sim/C/C06 ;3,66 (0,2 | 5 | 0,6) 3,81 (0,22 | 5 | 0,6) 3,9 (0,18 | 9 | 0,56) 3,94 (0,19 | 4 | 0,5) 
P000669;-0,8;0,08;60;0,38;Sim/A/A06;-1,17;0,22;6;0,17;Sim/A/A06 Sim/A/A02 Sim/C/C01 Sim/C/C02 Sim/B/B02 ;-1,17 (0,22 | 6 | 0,17) -1,08 (0,23 | 6 | 0,33) -1,06 (0,23 | 5 | 0,4) -1,02 (0,29 | 10 | 0,3) -0,88 (0,48 | 10 | 0) 
P000670;0,19;0,1;65;0,57;Sim/B/B02;-0,46;0,25;6;0,17;Sim/B/B02 Sim/C/C02 Sim/B/B03 Sim/A/A04 ;-0,46 (0,25 | 6 | 0,17) -0,12 (0,25 | 6 | 0,5) 0,16 (0,34 | 9 | 0) 0,17 (0,24 | 3 | 0,67) 
P000671;3,85;0,08;64;0,64;Sim/C/C04;3,6;0,24;6;0,5;Sim/B/B02 Sim/C/C04 Sim/C/C10 Sim/C/C07 ;2,98 (0,51 | 6 | 0,67) 3,6 (0,24 | 6 | 0,5) 3,66 (0,19 | 5 | 0,6) 3,77 (0,2 | 4 | 0,5) 
P000672;2,68;0,14;56;0,5;Sim/B/B03;1,76;0,33;10;0,8;Sim/B/B03 Sim/C/C07 Sim/C/C05 Sim/B/B02 Sim/C/C04 ;1,76 (0,33 | 10 | 0,8) 2,01 (0,82 | 6 | 0) 2,09 (0,9 | 8 | 0,13) 2,57 (0,35 | 10 | 0,8) 2,66 (0,38 | 10 | 0,3) 
P000673;-2,53;0,15;35;0,31;Sim/A/A02;-3,1;0,39;10;0,1;Sim/A/A02 Sim/B/B01 ;-3,1 (0,39 | 10 | 0,1) -2,54 (1,31 | 5 | 0) 
P000674;0,16;0,09;77;0,64;Sim/A/A02;-0,72;0,25;8;0,5;Sim/A/A02 Sim/A/A06 Sim/B/B01 Sim/C/C02 Sim/C/C03 ;-0,72 (0,25 | 8 | 0,5) -0,27 (0,3 | 10 | 0,7) -0,09 (0,24 | 6 | 0,5) 0,12 (0,25 | 10 | 0,5) 0,13 (0,23 | 9 | 0,44) 
P000675;-3,5;0,19;41;0,37;Sim/A/A01;-3,79;0,24;5;0,6;Sim/A/A01 Sim/A/A02 Sim/A/A06 Sim/B/B02 ;-3,79 (0,24 | 5 | 0,6) -3,52 (0,94 | 5 | 0) -3,52 (2,08 | 5 | 0) -3,5 (1931,15 | 1 | 0) 
P000676;-1,98;0,16;23;0,39;Sim/A/A02;-2,2;0,24;6;0,5;Sim/A/A02 Sim/B/B01 ;-2,2 (0,24 | 6 | 0,5) -2 (0,66 | 5 | 0) 
P000677;-1,46;0,12;56;0,3;Sim/A/A05;-1,83;0,27;10;0,7;Sim/A/A06 Sim/A/A05 ;-1,92 (0,65 | 7 | 0) -1,83 (0,27 | 10 | 0,7) 
P000678;0,34;0,1;77;0,61;Sim/B/B02;-0,53;0,26;10;0,1;Sim/B/B02 Sim/A/A06 Sim/A/A02 ;-0,53 (0,26 | 10 | 0,1) -0,46 (0,25 | 6 | 0,67) -0,32 (0,26 | 10 | 0,6) 
P000679;5,7;0,43;55;0,96;Sim/C/C04;5,05;0,45;10;0,9;Sim/B/B02 Sim/C/C04 ;3,59 (1,32 | 5 | 0,8) 5,05 (0,45 | 10 | 0,9) 
P000680;-1,27;0,11;50;0,34;Sim/C/C01;-1,73;0,44;10;0,1;Sim/C/C02 Sim/C/C01 Sim/A/A02 Sim/B/B02 ;-1,76 (0,94 | 6 | 0,17) -1,73 (0,44 | 10 | 0,1) -1,54 (0,24 | 6 | 0,5) -1,27 (2,63 | 1 | 0) 
P000681;0,51;0,09;77;0,65;Sim/C/C01;0,21;0,28;10;0,8;Sim/C/C01 Sim/A/A02 Sim/C/C03 Sim/C/C02 ;0,21 (0,28 | 10 | 0,8) 0,24 (0,34 | 10 | 0,8) 0,35 (0,22 | 4 | 0,25) 0,49 (0,29 | 10 | 0,6) 
P000682;0,92;0,11;60;0,73;Sim/B/B01;0,43;0,3;10;0,5;Sim/B/B01 Sim/A/A04 Sim/B/B03 Sim/A/A02 ;0,43 (0,3 | 10 | 0,5) 0,68 (0,38 | 10 | 0,8) 0,73 (0,24 | 3 | 0,33) 0,83 (0,39 | 10 | 0,9) 
P000683;-0,28;0,08;64;0,56;Sim/A/A04;-0,77;0,25;7;0,29;Sim/C/C03 Sim/A/A04 Sim/C/C02 Sim/B/B01 Sim/A/A02 ;-1,02 (0,53 | 6 | 0,17) -0,77 (0,25 | 7 | 0,29) -0,76 (0,22 | 8 | 0,38) -0,37 (0,25 | 6 | 0,5) -0,32 (0,26 | 10 | 0,6) 
P000684;5,39;0,25;56;0,95;Sim/C/C09;5,01;0,25;10;0,8;Sim/B/B02 Sim/C/C09 ;3,59 (1,32 | 5 | 0,8) 5,01 (0,25 | 10 | 0,8) 
P000685;-3,95;0,16;40;0,28;Sim/A/A03;-4,39;0,22;5;0,4;Sim/A/A03 Sim/A/A05 Sim/B/B01 Sim/B/B03 ;-4,39 (0,22 | 5 | 0,4) -3,96 (0,96 | 5 | 0) -3,95 (3,77 | 5 | 0) -3,95 (8,05 | 1 | 0) 
P000686;-3,35;0,18;41;0,29;Sim/A/A05;-3,4;0,41;10;0,2;Sim/A/A05 Sim/A/A01 Sim/A/A02 Sim/B/B01 Sim/A/A06 Sim/B/B02 ;-3,4 (0,41 | 10 | 0,2) -3,38 (0,25 | 10 | 0,6) -3,37 (0,69 | 5 | 0) -3,36 (2,8 | 5 | 0) -3,36 (1,88 | 5 | 0) -3,36 (6,36 | 1 | 0) 
P000687;3,18;0,09;54;0,52;Sim/C/C04;2,89;0,33;10;0,4;Sim/C/C04 Sim/B/B02 Sim/B/B04 Sim/C/C07 Sim/C/C05 ;2,89 (0,33 | 10 | 0,4) 2,98 (0,51 | 6 | 0,67) 3,08 (0,19 | 7 | 0,43) 3,14 (0,23 | 7 | 0,29) 3,15 (0,19 | 6 | 0,33) 
P000688;0,51;0,09;84;0,63;Sim/A/A02;-0,1;0,3;10;0,7;Sim/A/A02 Sim/A/A07 Sim/C/C02 Sim/B/B03 Sim/C/C01 Sim/B/B01 Sim/B/B02 ;-0,1 (0,3 | 10 | 0,7) -0,07 (0,26 | 10 | 0,7) 0,05 (0,24 | 10 | 0,4) 0,13 (0,35 | 10 | 0,1) 0,16 (0,26 | 10 | 0,8) 0,43 (0,3 | 10 | 0,5) 0,51 (0,25 | 4 | 0,5) 
P000689;2,07;0,21;31;0,58;Sim/B/B02;1,96;0,31;10;0,5;Sim/B/B04 Sim/B/B02 Sim/C/C07 Sim/C/C04 Sim/C/C10 ;1,9 (0,79 | 5 | 0) 1,96 (0,31 | 10 | 0,5) 2,05 (1,23 | 1 | 0) 2,06 (1,3 | 1 | 0) 2,06 (1,5 | 1 | 0) 
P000690;-3,69;0,16;41;0,24;Sim/A/A01;-3,79;0,24;5;0,6;Sim/A/A01 Sim/B/B01 Sim/A/A02 Sim/A/A06 Sim/B/B02 ;-3,79 (0,24 | 5 | 0,6) -3,69 (3,34 | 5 | 0) -3,69 (1,27 | 5 | 0) -3,69 (2,27 | 5 | 0) -3,69 (7,82 | 1 | 0) 
P000691;-2,36;0,18;42;0,33;Sim/A/A05;-2,75;0,22;5;0,4;Sim/A/A05 Sim/A/A01 Sim/A/A04 ;-2,75 (0,22 | 5 | 0,4) -2,59 (0,5 | 10 | 0,8) -2,38 (1 | 5 | 0) 
P000692;-0,34;0,08;61;0,54;Sim/A/A04;-0,73;0,23;6;0,5;Sim/A/A04 Sim/A/A06 Sim/C/C01 Sim/A/A02 Sim/A/A07 ;-0,73 (0,23 | 6 | 0,5) -0,58 (0,22 | 4 | 0,75) -0,53 (0,18 | 7 | 0,57) -0,46 (0,25 | 10 | 0,6) -0,4 (0,21 | 5 | 0,6) 
P000693;-4,44;0,17;42;0,1;;;;;;Sim/A/A03 Sim/B/B01 Sim/B/B02 Sim/B/B03 Sim/A/A06 ;-5,07 (0,51 | 10 | 0,1) -4,44 (4,59 | 5 | 0) -4,44 (9,24 | 1 | 0) -4,44 (8,59 | 1 | 0) -4,44 (3,13 | 5 | 0) 
P000694;-1,67;0,13;59;0,24;;;;;;Sim/A/A06 Sim/A/A04 ;-2,06 (0,72 | 8 | 0) -2,01 (0,54 | 7 | 0,14) 
P000695;1,65;0,18;42;0,81;Sim/C/C03;0,98;0,25;6;0,67;Sim/C/C03 Sim/B/B02 ;0,98 (0,25 | 6 | 0,67) 1,63 (0,4 | 10 | 0,5) 
P000696;0,67;0,1;70;0,67;Sim/C/C01;0,22;0,28;10;0,7;Sim/C/C01 Sim/C/C02 Sim/B/B01 Sim/C/C03 ;0,22 (0,28 | 10 | 0,7) 0,31 (0,28 | 10 | 0,6) 0,46 (0,3 | 10 | 0,5) 0,53 (0,2 | 4 | 0,5) 
P000697;0,35;0,1;66;0,59;Sim/A/A07;0,23;0,36;10;0,7;Sim/B/B02 Sim/A/A04 Sim/A/A07 Sim/B/B03 ;0,12 (0,25 | 4 | 0,5) 0,17 (0,24 | 3 | 0,67) 0,23 (0,36 | 10 | 0,7) 0,25 (0,29 | 10 | 0,1) 
P000698;-3,02;0,17;40;0,33;Sim/A/A02;-3,1;0,39;10;0;Sim/A/A02 Sim/A/A05 ;-3,1 (0,39 | 10 | 0) -3,08 (0,25 | 10 | 0,3) 
P000699;1,99;0,21;34;0,71;Sim/B/B02;1,76;0,36;10;0,5;Sim/B/B02 Sim/C/C07 Sim/B/B04 Sim/C/C04 Sim/C/C10 ;1,76 (0,36 | 10 | 0,5) 1,98 (1,32 | 1 | 0) 1,98 (1,22 | 1 | 0) 1,98 (1,44 | 1 | 0) 1,98 (1,69 | 1 | 0) 
P000700;-3,48;0,18;38;0,34;;;;;;Sim/A/A05 Sim/A/A02 Sim/A/A06 ;-4,01 (1,07 | 6 | 0,17) -3,5 (0,91 | 5 | 0) -3,5 (2,06 | 5 | 0) 
P000701;-1,06;0,1;42;0,29;;;;;;Sim/B/B01 Sim/C/C03 Sim/C/C02 Sim/A/A07 Sim/A/A04 ;-2,51 (1,12 | 8 | 0) -1,89 (1,27 | 5 | 0,2) -1,68 (0,94 | 5 | 0,2) -1,62 (0,98 | 5 | 0,2) -1,17 (0,22 | 3 | 0) 
P000702;0,79;0,1;73;0,67;Sim/A/A07;0,39;0,43;10;0,7;Sim/A/A07 Sim/B/B03 Sim/C/C03 Sim/B/B01 ;0,39 (0,43 | 10 | 0,7) 0,6 (0,24 | 5 | 0,2) 0,71 (0,2 | 6 | 0,5) 0,75 (0,27 | 10 | 0,6) 
P000703;-0,26;0,08;61;0,54;Sim/A/A02;-0,67;0,24;7;0,57;Sim/C/C02 Sim/A/A02 Sim/C/C01 Sim/C/C03 ;-0,78 (0,25 | 4 | 0,25) -0,67 (0,24 | 7 | 0,57) -0,32 (0,2 | 7 | 0,43) -0,27 (0,31 | 10 | 0,4) 
P000704;1;0,11;61;0,67;Sim/C/C02;0,7;0,29;10;0,6;Sim/A/A07 Sim/C/C02 Sim/A/A02 Sim/A/A04 Sim/C/C03 ;0,56 (0,56 | 7 | 0,86) 0,7 (0,29 | 10 | 0,6) 0,83 (0,39 | 10 | 0,9) 0,92 (0,63 | 5 | 0,8) 0,98 (0,25 | 6 | 0,67) 
P000705;-0,25;0,08;74;0,46;Sim/A/A04;-1,06;0,18;7;0,29;Sim/A/A04 Sim/A/A06 Sim/A/A02 Sim/C/C01 Sim/C/C03 Sim/B/B03 ;-1,06 (0,18 | 7 | 0,29) -0,74 (0,19 | 4 | 0,5) -0,43 (0,24 | 10 | 0,6) -0,4 (0,21 | 5 | 0,4) -0,35 (0,32 | 10 | 0,3) -0,26 (0,7 | 6 | 0) 
P000706;-0,68;0,09;60;0,37;Sim/A/A04;-1,05;0,18;7;0,43;Sim/A/A07 Sim/A/A04 Sim/C/C01 Sim/B/B03 ;-1,62 (0,98 | 5 | 0,2) -1,05 (0,18 | 7 | 0,43) -0,92 (0,22 | 4 | 0,5) -0,68 (1,45 | 5 | 0) 
P000707;-2,8;0,15;37;0,46;Sim/A/A05;-3;0,24;6;0,33;Sim/A/A05 Sim/A/A01 Sim/A/A06 Sim/B/B01 ;-3 (0,24 | 6 | 0,33) -2,99 (0,36 | 10 | 0,8) -2,81 (1,33 | 5 | 0) -2,81 (1,75 | 5 | 0) 
P000708;-0,72;0,08;62;0,45;Sim/A/A04;-1,48;0,25;8;0,13;Sim/B/B01 Sim/A/A04 Sim/C/C01 Sim/C/C02 ;-2,51 (1,12 | 9 | 0) -1,48 (0,25 | 8 | 0,13) -1,11 (0,21 | 10 | 0,2) -0,77 (0,23 | 6 | 0,5) 
P000709;-3,42;0,18;41;0,34;;;;;;Sim/A/A05 Sim/A/A02 Sim/A/A06 ;-3,92 (1,05 | 6 | 0) -3,44 (0,81 | 5 | 0) -3,44 (1,98 | 5 | 0) 
P000710;-0,34;0,08;54;0,56;Sim/A/A02;-0,96;0,23;6;0,5;Sim/A/A02 Sim/A/A04 Sim/A/A07 Sim/C/C03 Sim/B/B02 ;-0,96 (0,23 | 6 | 0,5) -0,57 (0,24 | 7 | 0,57) -0,53 (0,2 | 4 | 0,5) -0,39 (0,32 | 10 | 0,3) -0,36 (0,24 | 4 | 0,25) 
P000711;1,51;0,16;65;0,8;Sim/A/A04;0,68;0,38;10;0,8;Sim/A/A04 Sim/A/A02 Sim/B/B01 Sim/C/C07 Sim/C/C04 Sim/C/C10 ;0,68 (0,38 | 10 | 0,8) 0,83 (0,39 | 10 | 0,9) 1,28 (0,27 | 10 | 0,8) 1,51 (2,05 | 1 | 0) 1,51 (2,75 | 1 | 0) 1,51 (3,53 | 1 | 0) 
P000712;3,28;0,1;51;0,55;Sim/C/C04;2,89;0,33;10;0,4;Sim/C/C04 Sim/C/C10 Sim/B/B04 Sim/C/C06 ;2,89 (0,33 | 10 | 0,4) 3,17 (0,22 | 3 | 0,33) 3,2 (0,25 | 4 | 0,5) 3,24 (0,31 | 10 | 0,1) 
P000713;0,39;0,09;84;0,69;Sim/A/A02;-0,09;0,3;10;0,7;Sim/A/A02 Sim/A/A06 Sim/C/C03 Sim/B/B02 Sim/A/A07 Sim/C/C01 ;-0,09 (0,3 | 10 | 0,7) 0,13 (0,7 | 5 | 0,8) 0,16 (0,22 | 10 | 0,5) 0,22 (0,22 | 4 | 0,5) 0,28 (0,39 | 10 | 0,8) 0,33 (0,32 | 10 | 0,9) 
P000714;-2,37;0,16;26;0,38;Sim/A/A05;-2,69;0,2;5;0,4;Sim/A/A05 Sim/B/B01 ;-2,69 (0,2 | 5 | 0,4) -2,38 (1,08 | 5 | 0) 
P000715;0,51;0,09;82;0,62;Sim/A/A02;0,24;0,34;10;0,8;Sim/A/A02 Sim/B/B03 Sim/C/C02 Sim/B/B01 ;0,24 (0,34 | 10 | 0,8) 0,29 (0,27 | 10 | 0) 0,41 (0,29 | 10 | 0,6) 0,43 (0,3 | 10 | 0,5) 
P000716;2,57;0,16;43;0,4;;;;;;Sim/C/C07 Sim/B/B04 Sim/C/C04 Sim/C/C05 ;2,01 (0,82 | 7 | 0,14) 2,02 (0,74 | 5 | 0) 2,05 (0,73 | 5 | 0) 2,11 (0,9 | 8 | 0,13) 
P000717;0,78;0,1;63;0,63;Sim/B/B03;0,21;0,31;10;0,1;Sim/B/B03 Sim/C/C03 ;0,21 (0,31 | 10 | 0,1) 0,38 (0,24 | 3 | 0,33) 
P000718;-2,17;0,16;21;0,33;Sim/A/A02;-2,2;0,24;6;0,5;Sim/A/A06 Sim/A/A02 Sim/B/B01 ;-2,2 (0,94 | 5 | 0) -2,2 (0,24 | 6 | 0,5) -2,19 (0,84 | 5 | 0) 
P000719;1,12;0,12;53;0,74;Sim/A/A02;0,83;0,39;10;0,9;Sim/A/A02 Sim/B/B03 Sim/B/B01 Sim/C/C04 Sim/C/C07 ;0,83 (0,39 | 10 | 0,9) 0,9 (0,23 | 4 | 0,5) 1,12 (0,25 | 7 | 0,57) 1,12 (3,09 | 1 | 0) 1,12 (3,08 | 1 | 0) 
P000720;2,57;0,15;46;0,35;Sim/C/C07;2,36;0,46;10;0,1;Sim/B/B04 Sim/C/C04 Sim/C/C05 Sim/B/B01 Sim/C/C07 ;2,02 (0,74 | 5 | 0,2) 2,05 (0,73 | 5 | 0) 2,11 (0,9 | 8 | 0) 2,35 (0,78 | 5 | 0,8) 2,36 (0,46 | 10 | 0,1) 
P000721;2,38;0,2;36;0,53;;;;;;Sim/B/B04 Sim/C/C07 Sim/C/C10 ;2,01 (0,74 | 5 | 0) 2,02 (0,83 | 5 | 0) 2,34 (0,68 | 5 | 0) 
P000722;-5,29;0,7;26;0;;;;;;;
P000723;0,93;0,1;69;0,74;Sim/C/C02;0,37;0,28;10;0,6;Sim/C/C02 Sim/B/B01 Sim/A/A02 Sim/B/B03 Sim/A/A04 ;0,37 (0,28 | 10 | 0,6) 0,69 (0,28 | 10 | 0,5) 0,83 (0,39 | 10 | 0,9) 0,9 (0,23 | 4 | 0,5) 0,92 (0,63 | 5 | 0,8) 
P000724;-3,88;0,15;33;0,21;;;;;;Sim/A/A03 Sim/A/A05 Sim/A/A02 Sim/B/B01 Sim/B/B03 ;-4,05 (0,21 | 4 | 0,5) -3,89 (0,88 | 5 | 0) -3,88 (1,72 | 5 | 0) -3,88 (3,65 | 5 | 0) -3,88 (7,97 | 1 | 0) 
P000725;4,96;0,16;52;0,92;Sim/C/C04;4,36;0,25;10;0,7;Sim/C/C04 Sim/C/C09 ;4,36 (0,25 | 10 | 0,7) 4,71 (0,25 | 3 | 0,67) 
P000726;1,44;0,15;51;0,78;Sim/B/B02;0,81;0,26;10;0,5;Sim/B/B02 Sim/A/A02 Sim/C/C07 Sim/C/C04 ;0,81 (0,26 | 10 | 0,5) 0,83 (0,39 | 10 | 0,9) 1,44 (2,21 | 1 | 0) 1,44 (3,05 | 1 | 0) 
P000727;-1,51;0,12;57;0,3;Sim/A/A02;-1,68;0,23;6;0,5;Sim/A/A02 Sim/A/A06 Sim/B/B02 Sim/C/C02 ;-1,68 (0,23 | 6 | 0,5) -1,56 (0,34 | 10 | 0,3) -1,51 (1,55 | 5 | 0) -1,51 (0,69 | 5 | 0) 
P000728;2,79;0,12;58;0,45;Sim/B/B01;1,8;0,43;10;0,9;Sim/B/B01 Sim/C/C07 Sim/C/C05 Sim/B/B03 Sim/C/C10 ;1,8 (0,43 | 10 | 0,9) 2,1 (0,83 | 5 | 0) 2,12 (0,9 | 7 | 0) 2,13 (0,64 | 7 | 0,86) 2,79 (0,28 | 10 | 0,2) 
P000729;2,18;0,2;40;0,6;Sim/B/B03;1,71;0,31;10;0,7;Sim/B/B03 Sim/B/B04 Sim/C/C07 Sim/C/C04 Sim/C/C10 ;1,71 (0,31 | 10 | 0,7) 1,9 (0,79 | 5 | 0) 2,14 (0,69 | 5 | 0) 2,17 (1,14 | 1 | 0) 2,17 (1,28 | 1 | 0) 
P000730;-4,3;0,16;32;0,16;Sim/A/A01;-4,66;0,25;5;0,2;Sim/A/A01 Sim/A/A05 Sim/A/A06 Sim/A/A02 ;-4,66 (0,25 | 5 | 0,2) -4,31 (1,38 | 5 | 0) -4,31 (2,98 | 5 | 0) -4,3 (3 | 5 | 0) 
P000731;0,23;0,09;79;0,59;Sim/B/B02;-0,12;0,23;5;0,4;Sim/A/A04 Sim/B/B02 Sim/B/B03 ;-0,13 (0,24 | 3 | 0,33) -0,12 (0,23 | 5 | 0,4) 0,2 (0,31 | 10 | 0) 
P000732;-2,1;0,16;30;0,33;Sim/A/A05;-2,32;0,21;5;0,6;Sim/A/A05 Sim/A/A02 ;-2,32 (0,21 | 5 | 0,6) -2,2 (0,24 | 6 | 0,5) 
P000733;4,85;0,13;57;0,91;;;;;;Sim/C/C09 ;4,49 (0,2 | 4 | 0,5) 
P000734;0,93;0,1;57;0,75;Sim/B/B02;0,28;0,22;5;0,4;Sim/B/B02 Sim/C/C02 Sim/A/A02 ;0,28 (0,22 | 5 | 0,4) 0,48 (0,29 | 10 | 0,7) 0,83 (0,39 | 10 | 0,9) 
P000735;-5,29;0,7;26;0;;;;;;;
P000736;0,93;0,11;64;0,77;Sim/A/A02;0,24;0,34;10;0,8;Sim/A/A02 Sim/B/B01 Sim/C/C03 ;0,24 (0,34 | 10 | 0,8) 0,61 (0,29 | 10 | 0,5) 0,75 (0,22 | 4 | 0,75) 
P000737;2,77;0,12;62;0,48;Sim/C/C04;2,45;0,45;10;0,2;Sim/C/C05 Sim/B/B03 Sim/C/C04 Sim/B/B02 Sim/C/C10 ;2,09 (0,9 | 8 | 0,13) 2,13 (0,64 | 7 | 0,86) 2,45 (0,45 | 10 | 0,2) 2,5 (0,34 | 10 | 0,8) 2,59 (0,4 | 10 | 0,2) 
P000738;-5,29;0,7;26;0;;;;;;;
P000739;-0,96;0,08;47;0,34;Sim/A/A04;-1,07;0,18;6;0,33;Sim/A/A04 Sim/B/B02 Sim/B/B01 ;-1,07 (0,18 | 6 | 0,33) -1,06 (0,75 | 5 | 0) -0,96 (0,29 | 10 | 0,3) 
P000740;-1,13;0,15;35;0,46;Sim/A/A02;-1,84;0,23;5;0,6;Sim/A/A02 ;-1,84 (0,23 | 5 | 0,6) 
P000741;-1,75;0,16;31;0,45;Sim/A/A02;-1,98;0,22;6;0,5;Sim/B/B01 Sim/A/A02 ;-2,51 (1,12 | 8 | 0,13) -1,98 (0,22 | 6 | 0,5) 
P000742;2,53;0,16;52;0,58;Sim/B/B01;1,8;0,43;10;0,9;Sim/B/B01 Sim/C/C07 Sim/B/B03 Sim/C/C04 ;1,8 (0,43 | 10 | 0,9) 1,92 (0,84 | 6 | 0,17) 2,31 (0,93 | 5 | 0,8) 2,48 (0,43 | 10 | 0,3) 
P000743;-2,67;0,15;25;0,12;Sim/A/A02;-2,81;0,27;10;0,1;Sim/A/A02 Sim/A/A06 Sim/B/B01 ;-2,81 (0,27 | 10 | 0,1) -2,68 (1,23 | 5 | 0) -2,68 (1,55 | 5 | 0) 
P000744;6,08;0,8;51;1;;;;;;;
P000745;1,69;0,19;36;0,72;Sim/B/B03;1,39;0,23;5;0,8;Sim/B/B03 Sim/B/B02 ;1,39 (0,23 | 5 | 0,8) 1,63 (0,4 | 10 | 0,5) 
P000746;1,81;0,2;40;0,78;Sim/B/B02;1,32;0,43;10;0,6;Sim/B/B02 Sim/B/B01 Sim/C/C07 Sim/C/C04 Sim/C/C10 ;1,32 (0,43 | 10 | 0,6) 1,8 (0,43 | 10 | 0,9) 1,8 (1,54 | 1 | 0) 1,81 (1,82 | 1 | 0) 1,81 (2,21 | 1 | 0) 
P000747;-2,64;0,15;30;0,27;Sim/A/A02;-3,24;0,48;10;0,1;Sim/A/A02 Sim/A/A06 Sim/B/B01 ;-3,24 (0,48 | 10 | 0,1) -2,64 (1,2 | 5 | 0) -2,64 (1,48 | 5 | 0) 
P000748;1,5;0,15;52;0,81;Sim/B/B03;1,23;0,21;5;0,6;Sim/B/B03 Sim/C/C03 Sim/C/C02 ;1,23 (0,21 | 5 | 0,6) 1,27 (0,29 | 10 | 0,8) 1,33 (0,43 | 10 | 0,9) 
P000749;-3,85;0,17;41;0,32;Sim/A/A01;-4,44;0,23;5;0,4;Sim/A/A01 Sim/B/B01 Sim/B/B03 Sim/A/A06 ;-4,44 (0,23 | 5 | 0,4) -3,86 (3,61 | 5 | 0) -3,86 (7,95 | 1 | 0) -3,85 (2,46 | 5 | 0) 
P000750;-4,26;0,15;36;0,14;Sim/A/A01;-4,27;0,23;5;0,4;Sim/A/A05 Sim/A/A01 Sim/A/A06 Sim/A/A03 Sim/A/A02 ;-4,27 (1,34 | 5 | 0) -4,27 (0,23 | 5 | 0,4) -4,27 (2,94 | 5 | 0) -4,26 (0,19 | 5 | 0,4) -4,26 (2,87 | 5 | 0) 
P000751;-0,63;0,08;59;0,42;Sim/C/C01;-1,3;0,26;10;0,2;Sim/C/C01 Sim/C/C03 Sim/A/A07 ;-1,3 (0,26 | 10 | 0,2) -1,03 (0,53 | 6 | 0,17) -0,65 (0,2 | 4 | 0,5) 
P000752;0,01;0,09;75;0,52;Sim/C/C02;-0,46;0,23;6;0,33;Sim/C/C02 Sim/A/A04 Sim/A/A02 Sim/A/A06 ;-0,46 (0,23 | 6 | 0,33) -0,33 (0,25 | 6 | 0,5) -0,24 (0,27 | 10 | 0,7) -0,24 (0,31 | 10 | 0,8) 
P000753;0,19;0,09;75;0,57;Sim/A/A07;0,06;0,3;10;0,7;Sim/C/C02 Sim/B/B02 Sim/A/A07 Sim/B/B03 Sim/B/B01 ;-0,46 (0,24 | 4 | 0,5) -0,32 (0,25 | 4 | 0,25) 0,06 (0,3 | 10 | 0,7) 0,13 (0,35 | 10 | 0,1) 0,14 (0,24 | 10 | 0,4) 
P000754;-3,45;0,19;39;0,31;Sim/A/A01;-3,65;0,23;8;0,5;Sim/A/A01 Sim/A/A02 ;-3,65 (0,23 | 8 | 0,5) -3,47 (0,86 | 5 | 0) 
P000755;5,46;0,27;65;0,91;Sim/C/C07;4,4;0,33;10;0,7;Sim/B/B03 Sim/C/C07 Sim/C/C06 ;2,15 (0,93 | 5 | 0,8) 4,4 (0,33 | 10 | 0,7) 4,92 (0,56 | 8 | 0,88) 
P000756;2,16;0,2;46;0,63;Sim/B/B01;1,8;0,43;10;0,9;Sim/B/B01 Sim/B/B03 Sim/C/C07 Sim/C/C04 Sim/C/C10 ;1,8 (0,43 | 10 | 0,9) 2,08 (0,51 | 10 | 0,9) 2,14 (1,15 | 1 | 0) 2,15 (1,17 | 1 | 0) 2,15 (1,32 | 1 | 0) 
P000757;0,56;0,1;63;0,68;Sim/B/B02;0,29;0,22;5;0,4;Sim/B/B02 Sim/C/C03 Sim/B/B03 ;0,29 (0,22 | 5 | 0,4) 0,33 (0,21 | 5 | 0,4) 0,48 (0,24 | 6 | 0,33) 
P000758;-2,54;0,14;31;0,35;Sim/A/A02;-2,65;0,23;10;0,3;Sim/A/A02 Sim/A/A06 Sim/B/B01 ;-2,65 (0,23 | 10 | 0,3) -2,55 (1,14 | 5 | 0) -2,55 (1,32 | 5 | 0) 
P000759;1,44;0,15;49;0,76;Sim/C/C03;0,99;0,25;6;0,67;Sim/C/C03 Sim/A/A04 ;0,99 (0,25 | 6 | 0,67) 0,99 (0,65 | 5 | 0,8) 
P000760;1,73;0,19;40;0,73;Sim/B/B01;1,32;0,28;10;0,7;Sim/B/B01 Sim/B/B02 Sim/C/C07 Sim/C/C04 Sim/C/C10 ;1,32 (0,28 | 10 | 0,7) 1,51 (0,43 | 10 | 0,5) 1,72 (1,66 | 1 | 0) 1,72 (2,04 | 1 | 0) 1,72 (2,52 | 1 | 0) 
P000761;-5,29;0,7;26;0;;;;;;;
P000762;0,94;0,11;70;0,67;Sim/A/A04;0,37;0,25;9;0,67;Sim/A/A04 Sim/C/C03 Sim/C/C02 Sim/B/B01 ;0,37 (0,25 | 9 | 0,67) 0,62 (0,21 | 5 | 0,4) 0,63 (0,29 | 10 | 0,5) 0,84 (0,25 | 10 | 0,5) 
P000763;-1,78;0,16;35;0,37;Sim/A/A02;-1,98;0,22;6;0,5;Sim/A/A06 Sim/A/A02 ;-2,07 (0,72 | 8 | 0) -1,98 (0,22 | 6 | 0,5) 
P000764;-0,21;0,09;60;0,55;Sim/B/B01;-1,17;0,29;10;0,2;Sim/B/B01 Sim/A/A02 Sim/C/C01 Sim/C/C03 ;-1,17 (0,29 | 10 | 0,2) -0,65 (0,24 | 7 | 0,57) -0,42 (0,22 | 4 | 0,5) -0,33 (0,32 | 10 | 0,4) 
P000765;2,99;0,11;47;0,49;Sim/C/C04;2,85;0,34;10;0,3;Sim/C/C07 Sim/C/C04 Sim/C/C05 ;2,1 (0,83 | 6 | 0) 2,85 (0,34 | 10 | 0,3) 2,86 (0,25 | 8 | 0,25) 
P000766;0,89;0,1;64;0,72;Sim/B/B03;0,52;0,23;6;0,33;Sim/B/B03 Sim/C/C02 Sim/B/B01 Sim/A/A02 ;0,52 (0,23 | 6 | 0,33) 0,6 (0,29 | 10 | 0,7) 0,79 (0,26 | 10 | 0,5) 0,83 (0,39 | 10 | 0,9) 
P000767;3,58;0,08;72;0,43;Sim/C/C06;3,42;0,23;9;0;Sim/B/B02 Sim/C/C06 Sim/C/C10 Sim/B/B04 ;3,26 (0,79 | 5 | 0,8) 3,42 (0,23 | 9 | 0) 3,46 (0,17 | 7 | 0,43) 3,51 (0,23 | 7 | 0,57) 
P000768;1,62;0,16;59;0,75;Sim/C/C02;1,16;0,36;10;0,8;Sim/C/C02 Sim/C/C03 Sim/C/C04 Sim/C/C07 ;1,16 (0,36 | 10 | 0,8) 1,36 (0,32 | 10 | 0,9) 1,61 (1,67 | 2 | 0) 1,62 (1,84 | 1 | 0) 
P000769;-0,08;0,08;78;0,49;Sim/A/A02;-0,31;0,26;10;0,6;Sim/A/A02 Sim/C/C02 Sim/A/A06 Sim/A/A07 Sim/C/C03 ;-0,31 (0,26 | 10 | 0,6) -0,29 (0,23 | 5 | 0,6) -0,27 (0,3 | 10 | 0,8) -0,17 (0,24 | 7 | 0,71) -0,14 (0,3 | 10 | 0,3) 
P000770;-5,29;0,7;26;0;;;;;;;
P000771;2,49;0,16;49;0,49;;;;;;Sim/B/B04 Sim/B/B01 Sim/B/B03 Sim/C/C04 Sim/C/C10 ;2,01 (0,74 | 5 | 0,2) 2,02 (0,55 | 7 | 0,86) 2,13 (0,64 | 7 | 0,86) 2,29 (0,58 | 5 | 0,2) 2,36 (0,61 | 7 | 0) 
P000772;0,41;0,09;78;0,56;Sim/A/A02;-0,08;0,3;10;0,7;Sim/A/A02 Sim/C/C02 Sim/A/A04 Sim/A/A07 Sim/B/B03 ;-0,08 (0,3 | 10 | 0,7) 0,12 (0,25 | 10 | 0,5) 0,17 (0,24 | 3 | 0,67) 0,2 (0,36 | 10 | 0,7) 0,25 (0,29 | 10 | 0,1) 
P000773;-0,73;0,08;57;0,4;Sim/A/A06;-0,95;0,17;6;0,5;Sim/A/A07 Sim/C/C03 Sim/A/A06 Sim/B/B01 Sim/B/B02 Sim/A/A04 ;-1,67 (1 | 5 | 0,2) -1,3 (0,77 | 5 | 0,2) -0,95 (0,17 | 6 | 0,5) -0,75 (0,27 | 10 | 0,4) -0,74 (0,38 | 7 | 0) -0,73 (0,24 | 5 | 0,6) 
P000774;-2;0,16;32;0,38;Sim/A/A05;-2,32;0,21;5;0,6;Sim/A/A05 Sim/A/A02 ;-2,32 (0,21 | 5 | 0,6) -2,2 (0,24 | 6 | 0,5) 
P000775;-2,04;0,15;30;0,23;;;;;;Sim/A/A05 Sim/A/A06 Sim/A/A04 ;-2,21 (0,23 | 4 | 0,5) -2,06 (0,85 | 5 | 0) -2,05 (0,59 | 5 | 0,2) 
P000776;-5,29;0,7;26;0;;;;;;;
P000777;-0,35;0,08;70;0,54;Sim/B/B01;-1,39;0,32;10;0,3;Sim/B/B01 Sim/A/A06 Sim/A/A02 Sim/A/A04 ;-1,39 (0,32 | 10 | 0,3) -0,96 (0,18 | 5 | 0,4) -0,66 (0,24 | 9 | 0,56) -0,44 (0,24 | 8 | 0,5) 
P000778;1,92;0,21;34;0,76;Sim/B/B02;1,22;0,4;10;0,5;Sim/B/B02 Sim/C/C07 Sim/C/C04 Sim/C/C10 ;1,22 (0,4 | 10 | 0,5) 1,91 (1,39 | 1 | 0) 1,92 (1,56 | 1 | 0) 1,92 (1,86 | 1 | 0) 
P000779;-4,88;0,24;37;0,05;;;;;;Sim/A/A03 Sim/A/A05 Sim/B/B01 Sim/B/B02 Sim/B/B03 Sim/A/A06 ;-5,53 (0,91 | 10 | 0,1) -4,89 (1,98 | 5 | 0) -4,88 (5,32 | 5 | 0) -4,88 (9,71 | 1 | 0) -4,88 (9,14 | 1 | 0) -4,88 (3,62 | 5 | 0) 
P000780;0,32;0,09;72;0,58;Sim/A/A07;-0,29;0,23;5;0,6;Sim/A/A07 Sim/C/C01 Sim/C/C02 Sim/A/A02 Sim/B/B03 Sim/B/B02 ;-0,29 (0,23 | 5 | 0,6) 0,16 (0,26 | 10 | 0,8) 0,21 (0,27 | 10 | 0,5) 0,24 (0,34 | 10 | 0,8) 0,29 (0,27 | 10 | 0) 0,29 (0,23 | 4 | 0,5) 
P000781;0,6;0,1;65;0,74;Sim/B/B02;0,04;0,21;6;0,5;Sim/B/B02 Sim/A/A04 Sim/C/C03 Sim/C/C01 Sim/C/C02 ;0,04 (0,21 | 6 | 0,5) 0,24 (0,24 | 6 | 0,67) 0,38 (0,23 | 4 | 0,5) 0,45 (0,38 | 10 | 0,8) 0,57 (0,3 | 10 | 0,6) 
P000782;1,45;0,15;51;0,82;Sim/A/A04;0,82;0,46;10;0,9;Sim/A/A04 Sim/B/B03 Sim/B/B02 Sim/C/C07 ;0,82 (0,46 | 10 | 0,9) 1,16 (0,2 | 5 | 0,6) 1,32 (0,43 | 10 | 0,6) 1,44 (2,19 | 1 | 0) 
P000783;-0,14;0,08;81;0,53;Sim/A/A04;-0,68;0,25;6;0,5;Sim/A/A04 Sim/B/B02 Sim/C/C02 Sim/B/B03 ;-0,68 (0,25 | 6 | 0,5) -0,36 (0,24 | 4 | 0,25) -0,21 (0,22 | 7 | 0,43) -0,15 (0,59 | 6 | 0) 
P000784;-1,39;0,11;52;0,23;;;;;;Sim/B/B01 Sim/C/C01 Sim/A/A06 Sim/A/A07 Sim/C/C02 ;-2,51 (1,12 | 8 | 0) -2,14 (0,72 | 7 | 0) -1,93 (0,65 | 8 | 0) -1,7 (0,99 | 6 | 0,17) -1,44 (0,6 | 6 | 0,17) 
P000785;3,19;0,09;50;0,58;Sim/B/B04;2,75;0,2;6;0,33;Sim/B/B04 Sim/C/C10 ;2,75 (0,2 | 6 | 0,33) 2,94 (0,24 | 5 | 0,4) 
P000786;0,63;0,11;51;0,71;Sim/C/C02;-0,12;0,25;6;0,5;Sim/C/C02 Sim/B/B02 Sim/B/B01 ;-0,12 (0,25 | 6 | 0,5) 0,28 (0,21 | 5 | 0,6) 0,43 (0,3 | 10 | 0,5) 
P000787;-1,85;0,15;39;0,26;Sim/A/A02;-1,99;0,23;5;0,4;Sim/A/A04 Sim/A/A02 Sim/A/A06 ;-2,06 (0,59 | 7 | 0,14) -1,99 (0,23 | 5 | 0,4) -1,87 (0,67 | 5 | 0) 
P000788;-5,29;0,7;26;0;;;;;;;
P000789;0,85;0,1;55;0,62;Sim/B/B03;0,12;0,35;10;0,1;Sim/B/B03 Sim/B/B01 ;0,12 (0,35 | 10 | 0,1) 0,61 (0,29 | 10 | 0,5) 
P000790;1,18;0,12;51;0,75;Sim/B/B01;0,92;0,25;8;0,63;Sim/B/B03 Sim/B/B01 Sim/A/A04 Sim/C/C03 ;0,9 (0,23 | 4 | 0,5) 0,92 (0,25 | 8 | 0,63) 0,99 (0,65 | 5 | 0,8) 1,15 (0,25 | 10 | 0,8) 
P000791;0,82;0,11;64;0,69;Sim/A/A06;-0,22;0,33;10;0,7;Sim/A/A06 Sim/A/A04 Sim/A/A02 Sim/B/B02 ;-0,22 (0,33 | 10 | 0,7) 0,17 (0,24 | 3 | 0,67) 0,24 (0,34 | 10 | 0,8) 0,56 (0,23 | 6 | 0,5) 
P000792;0,49;0,1;71;0,63;Sim/B/B02;-0,53;0,26;10;0,1;Sim/B/B02 Sim/A/A02 Sim/C/C03 ;-0,53 (0,26 | 10 | 0,1) 0,24 (0,34 | 10 | 0,8) 0,44 (0,19 | 5 | 0,4) 
P000793;-5,29;0,7;26;0;;;;;;;
P000794;2,13;0,21;36;0,64;Sim/B/B01;1,52;0,34;10;0,7;Sim/B/B01 Sim/B/B04 Sim/C/C07 Sim/C/C04 Sim/C/C10 ;1,52 (0,34 | 10 | 0,7) 1,9 (0,79 | 5 | 0) 2,12 (1,18 | 1 | 0) 2,12 (1,2 | 1 | 0) 2,13 (1,36 | 1 | 0) 
P000795;-1,38;0,11;58;0,26;Sim/C/C01;-1,68;0,41;10;0,2;Sim/A/A06 Sim/A/A07 Sim/C/C01 Sim/B/B01 Sim/B/B02 ;-1,93 (0,65 | 8 | 0) -1,7 (0,99 | 6 | 0) -1,68 (0,41 | 10 | 0,2) -1,42 (0,33 | 10 | 0,3) -1,38 (3,62 | 1 | 0) 
P000796;1,34;0,13;70;0,64;Sim/B/B03;0,86;0,19;6;0,33;Sim/B/B03 Sim/C/C04 ;0,86 (0,19 | 6 | 0,33) 1,34 (1,44 | 5 | 0) 
P000797;3,12;0,1;47;0,51;Sim/C/C10;3,06;0,2;5;0,2;Sim/C/C07 Sim/B/B03 Sim/B/B04 Sim/C/C10 ;2,1 (0,83 | 7 | 0,14) 2,23 (0,89 | 5 | 0,8) 3 (0,22 | 4 | 0,5) 3,06 (0,2 | 5 | 0,2) 
P000798;4,95;0,14;56;0,91;Sim/C/C04;4,07;0,24;10;0,6;Sim/C/C04 ;4,07 (0,24 | 10 | 0,6) 
P000799;-0,8;0,09;49;0,45;Sim/C/C01;-1,08;0,23;6;0,5;Sim/A/A06 Sim/C/C01 Sim/B/B01 Sim/A/A02 ;-1,14 (0,23 | 4 | 0) -1,08 (0,23 | 6 | 0,5) -0,82 (0,27 | 10 | 0,4) -0,81 (0,25 | 7 | 0,57) 
P000800;4,82;0,12;64;0,88;Sim/C/C06;4,5;0,25;10;0,8;Sim/C/C06 Sim/C/C04 Sim/C/C08 ;4,5 (0,25 | 10 | 0,8) 4,61 (0,28 | 10 | 0,8) 4,76 (0,2 | 4 | 0,5) 
P000801;0,98;0,11;49;0,73;Sim/B/B02;0,49;0,23;5;0,6;Sim/B/B02 Sim/B/B03 ;0,49 (0,23 | 5 | 0,6) 0,6 (0,24 | 5 | 0,2) 
P000802;1,24;0,12;76;0,76;Sim/A/A04;0,82;0,46;10;0,9;Sim/A/A04 Sim/A/A02 Sim/B/B03 Sim/B/B01 Sim/C/C07 ;0,82 (0,46 | 10 | 0,9) 0,83 (0,39 | 10 | 0,9) 1,16 (0,2 | 5 | 0,6) 1,22 (0,26 | 10 | 0,7) 1,24 (2,71 | 1 | 0) 
P000803;-2,04;0,15;26;0,46;Sim/A/A02;-2,2;0,24;6;0,5;Sim/A/A02 Sim/B/B01 Sim/A/A06 ;-2,2 (0,24 | 6 | 0,5) -2,06 (0,71 | 5 | 0) -2,05 (0,84 | 5 | 0) 
P000804;-3,21;0,19;43;0,33;Sim/A/A03;-3,27;0,38;10;0,8;Sim/A/A05 Sim/A/A03 Sim/A/A02 Sim/B/B01 Sim/B/B02 ;-3,92 (1,05 | 6 | 0,17) -3,27 (0,38 | 10 | 0,8) -3,25 (0,5 | 10 | 0) -3,22 (2,54 | 5 | 0) -3,21 (5,83 | 1 | 0) 
P000805;-1,97;0,16;41;0,34;Sim/A/A05;-2,39;0,21;5;0,6;Sim/A/A05 Sim/A/A02 ;-2,39 (0,21 | 5 | 0,6) -2,2 (0,24 | 6 | 0,5) 
P000806;6,08;0,8;51;1;;;;;;;
P000807;-0,32;0,08;72;0,49;Sim/B/B02;-0,63;0,29;10;0;Sim/B/B02 Sim/C/C02 Sim/A/A07 Sim/A/A04 ;-0,63 (0,29 | 10 | 0) -0,46 (0,23 | 5 | 0,4) -0,43 (0,18 | 8 | 0,5) -0,33 (0,25 | 6 | 0,5) 
P000808;3,58;0,1;58;0,71;Sim/C/C07;2,94;0,23;10;0,4;Sim/C/C07 Sim/C/C10 Sim/B/B02 ;2,94 (0,23 | 10 | 0,4) 3,03 (0,22 | 4 | 0,25) 3,3 (0,83 | 5 | 0,8) 
P000809;-5,29;0,7;26;0;;;;;;;
P000810;2,96;0,1;55;0,47;Sim/B/B01;1,53;0,34;10;0,8;Sim/B/B01 Sim/B/B03 Sim/C/C07 Sim/B/B04 ;1,53 (0,34 | 10 | 0,8) 2,31 (0,93 | 5 | 0,8) 2,67 (0,31 | 10 | 0,1) 2,84 (0,23 | 3 | 0,33) 
P000811;-2,61;0,15;35;0,34;Sim/A/A01;-3,07;0,34;10;0,7;Sim/A/A01 Sim/A/A02 Sim/B/B01 ;-3,07 (0,34 | 10 | 0,7) -2,81 (0,27 | 10 | 0,1) -2,61 (1,43 | 5 | 0) 
P000812;-1,04;0,09;52;0,27;Sim/C/C01;-1,68;0,41;10;0,2;Sim/C/C02 Sim/C/C01 Sim/A/A06 Sim/A/A02 ;-1,68 (0,94 | 5 | 0) -1,68 (0,41 | 10 | 0,2) -1,14 (0,23 | 4 | 0) -1,09 (0,25 | 4 | 0,5) 
P000813;-0,15;0,08;69;0,61;Sim/A/A04;-0,68;0,25;6;0,5;Sim/A/A04 Sim/A/A02 Sim/B/B02 Sim/B/B01 ;-0,68 (0,25 | 6 | 0,5) -0,53 (0,25 | 7 | 0,57) -0,37 (0,23 | 5 | 0,2) -0,18 (0,25 | 5 | 0,4) 
P000814;5,31;0,21;57;0,93;Sim/C/C09;4,84;0,22;7;0,71;Sim/B/B01 Sim/B/B02 Sim/C/C09 ;2,65 (1,22 | 5 | 0,8) 4,03 (1,72 | 5 | 0,8) 4,84 (0,22 | 7 | 0,71) 
P000815;5,16;0,18;57;0,95;Sim/C/C04;4,8;0,34;10;0,9;Sim/C/C07 Sim/C/C04 Sim/C/C08 ;4,72 (0,66 | 5 | 0,8) 4,8 (0,34 | 10 | 0,9) 5,07 (0,21 | 5 | 0,8) 
P000816;6,08;0,8;51;1;;;;;;;
P000817;0,99;0,11;70;0,74;Sim/C/C01;0,61;0,46;10;0,9;Sim/C/C01 Sim/C/C03 Sim/B/B02 Sim/A/A02 Sim/C/C02 Sim/A/A04 Sim/B/B01 ;0,61 (0,46 | 10 | 0,9) 0,62 (0,21 | 5 | 0,4) 0,82 (0,27 | 10 | 0,5) 0,83 (0,39 | 10 | 0,9) 0,87 (0,3 | 10 | 0,7) 0,92 (0,55 | 7 | 0,86) 0,93 (0,25 | 7 | 0,43) 
P000818;1,87;0,2;41;0,54;Sim/B/B03;1,68;0,3;10;0,6;Sim/B/B03 Sim/B/B02 Sim/C/C07 Sim/C/C04 Sim/C/C10 ;1,68 (0,3 | 10 | 0,6) 1,7 (0,38 | 10 | 0,5) 1,86 (1,46 | 1 | 0) 1,86 (1,68 | 1 | 0) 1,86 (2,02 | 1 | 0) 
P000819;-1,04;0,09;39;0,33;Sim/B/B01;-1,78;0,46;10;0,1;Sim/B/B01 Sim/C/C02 Sim/A/A04 Sim/A/A02 ;-1,78 (0,46 | 10 | 0,1) -1,44 (0,6 | 6 | 0,17) -1,24 (0,19 | 5 | 0,4) -1,09 (0,25 | 4 | 0,5) 
P000820;3,36;0,09;53;0,58;Sim/C/C07;3,01;0,23;6;0,5;Sim/C/C07 Sim/B/B04 Sim/C/C06 ;3,01 (0,23 | 6 | 0,5) 3,2 (0,25 | 4 | 0,5) 3,24 (0,31 | 10 | 0,1) 
P000821;-2,94;0,15;50;0,42;Sim/A/A03;-3,25;0,38;10;0,8;Sim/A/A03 Sim/A/A06 ;-3,25 (0,38 | 10 | 0,8) -2,96 (1,46 | 5 | 0) 
P000822;-0,78;0,09;47;0,45;Sim/A/A02;-1,54;0,24;6;0,5;Sim/A/A02 Sim/C/C01 Sim/A/A07 Sim/C/C02 Sim/A/A06 ;-1,54 (0,24 | 6 | 0,5) -1,06 (0,23 | 5 | 0,4) -1,02 (0,25 | 6 | 0,17) -0,9 (0,25 | 10 | 0,3) -0,82 (0,18 | 4 | 0,5) 
P000823;6,08;0,8;51;1;;;;;;;
P000824;6,08;0,8;51;1;;;;;;;
P000825;-4,14;0,16;30;0,13;;;;;;Sim/A/A03 Sim/A/A05 Sim/A/A06 Sim/B/B01 Sim/A/A02 Sim/B/B03 ;-4,34 (0,24 | 3 | 0,33) -4,15 (1,18 | 5 | 0) -4,15 (2,82 | 5 | 0) -4,15 (4,09 | 5 | 0) -4,14 (2,5 | 5 | 0) -4,14 (8,25 | 1 | 0) 
P000826;-5,29;0,7;26;0;;;;;;;
P000827;0,6;0,09;73;0,64;Sim/B/B03;0,06;0,39;10;0,1;Sim/B/B03 Sim/B/B01 Sim/C/C02 ;0,06 (0,39 | 10 | 0,1) 0,15 (0,25 | 9 | 0,44) 0,39 (0,29 | 10 | 0,6) 
P000828;-1,49;0,12;55;0,29;;;;;;Sim/B/B01 Sim/A/A04 Sim/A/A06 Sim/C/C02 ;-2,51 (1,12 | 8 | 0,13) -2,01 (0,54 | 7 | 0) -1,87 (0,54 | 10 | 0,1) -1,52 (0,7 | 5 | 0) 
P000829;-3,9;0,17;32;0,25;Sim/A/A01;-4,27;0,23;5;0,4;Sim/A/A01 Sim/A/A05 Sim/A/A06 Sim/A/A02 Sim/B/B02 ;-4,27 (0,23 | 5 | 0,4) -3,93 (0,93 | 5 | 0) -3,92 (2,54 | 5 | 0) -3,92 (1,83 | 5 | 0) -3,9 (6435,44 | 1 | 0) 
P000830;-3,36;0,2;37;0,3;Sim/A/A03;-3,55;0,3;10;0,7;Sim/A/A05 Sim/A/A03 Sim/A/A02 Sim/B/B01 Sim/A/A06 Sim/B/B02 ;-3,92 (1,05 | 6 | 0) -3,55 (0,3 | 10 | 0,7) -3,37 (0,71 | 5 | 0) -3,37 (2,81 | 5 | 0) -3,36 (1,89 | 5 | 0) -3,36 (6,39 | 1 | 0) 
P000831;-2,41;0,15;22;0,27;Sim/A/A05;-2,5;0,19;6;0,5;Sim/A/A05 Sim/A/A06 Sim/B/B01 ;-2,5 (0,19 | 6 | 0,5) -2,42 (1,06 | 5 | 0) -2,41 (1,13 | 5 | 0) 
P000832;-1,97;0,14;41;0,24;Sim/A/A02;-2;0,23;5;0,4;Sim/A/A04 Sim/A/A02 Sim/A/A06 ;-2,01 (0,5 | 10 | 0) -2 (0,23 | 5 | 0,4) -1,99 (0,86 | 5 | 0) 
P000833;-3,48;0,19;35;0,31;Sim/A/A01;-3,66;0,22;7;0,57;Sim/A/A01 Sim/A/A05 Sim/A/A02 Sim/A/A06 Sim/B/B02 ;-3,66 (0,22 | 7 | 0,57) -3,58 (0,58 | 7 | 0,14) -3,51 (0,92 | 5 | 0) -3,5 (2,06 | 5 | 0) -3,48 (1857,84 | 1 | 0) 
P000834;-1,95;0,15;35;0,17;;;;;;Sim/A/A05 Sim/C/C01 Sim/B/B01 Sim/C/C02 ;-2,21 (0,23 | 4 | 0,5) -1,97 (0,64 | 4 | 0) -1,97 (0,64 | 5 | 0) -1,95 (1,76 | 1 | 0) 
P000835;3,94;0,09;62;0,65;Sim/C/C04;3,5;0,23;10;0,5;Sim/B/B03 Sim/C/C09 Sim/C/C04 Sim/C/C07 ;2,23 (0,89 | 5 | 0,8) 3,3 (0,68 | 8 | 0,13) 3,5 (0,23 | 10 | 0,5) 3,57 (0,21 | 5 | 0,4) 
P000836;5,17;0,18;54;0,94;Sim/C/C04;5,05;0,45;10;0,9;Sim/C/C04 Sim/C/C08 ;5,05 (0,45 | 10 | 0,9) 5,07 (0,22 | 4 | 0,75) 
P000837;1;0,11;69;0,71;Sim/A/A02;0,24;0,34;10;0,8;Sim/A/A02 Sim/C/C02 Sim/B/B01 ;0,24 (0,34 | 10 | 0,8) 0,81 (0,3 | 10 | 0,7) 0,84 (0,25 | 10 | 0,5) 
P000838;2,45;0,19;49;0,67;Sim/C/C03;1,67;0,46;10;0,9;Sim/C/C03 Sim/C/C07 Sim/C/C04 Sim/B/B03 ;1,67 (0,46 | 10 | 0,9) 2,02 (0,83 | 5 | 0) 2,05 (0,73 | 5 | 0) 2,08 (0,51 | 10 | 0,9) 
P000839;-2,54;0,15;22;0,18;Sim/A/A05;-2,56;0,2;5;0,4;Sim/A/A06 Sim/A/A05 Sim/B/B01 ;-2,56 (1,14 | 5 | 0) -2,56 (0,2 | 5 | 0,4) -2,55 (1,33 | 5 | 0) 
P000840;-2,13;0,15;26;0,31;Sim/A/A05;-2,32;0,21;5;0,6;Sim/A/A05 ;-2,32 (0,21 | 5 | 0,6) 
P000841;0,82;0,1;60;0,68;Sim/B/B03;0,6;0,24;5;0,2;Sim/B/B03 Sim/B/B01 Sim/B/B02 ;0,6 (0,24 | 5 | 0,2) 0,69 (0,28 | 10 | 0,5) 0,8 (0,26 | 10 | 0,5) 
P000842;2,15;0,2;49;0,53;Sim/B/B01;1,43;0,31;10;0,7;Sim/B/B01 Sim/B/B04 Sim/C/C07 Sim/B/B03 ;1,43 (0,31 | 10 | 0,7) 1,9 (0,79 | 5 | 0,2) 2,02 (0,83 | 5 | 0) 2,13 (0,64 | 7 | 0,86) 
P000843;2,69;0,13;58;0,48;Sim/B/B01;1,89;0,46;10;0,8;Sim/B/B01 Sim/C/C04 Sim/C/C05 Sim/C/C10 Sim/B/B02 ;1,89 (0,46 | 10 | 0,8) 2,05 (0,73 | 5 | 0,2) 2,09 (0,9 | 8 | 0) 2,55 (0,44 | 10 | 0,2) 2,57 (0,35 | 10 | 0,8) 
P000844;-0,53;0,08;59;0,44;Sim/A/A02;-0,99;0,23;7;0,57;Sim/A/A02 Sim/A/A06 Sim/A/A07 Sim/B/B02 ;-0,99 (0,23 | 7 | 0,57) -0,58 (0,22 | 4 | 0,75) -0,55 (0,2 | 4 | 0,5) -0,55 (0,25 | 10 | 0,1) 
P000845;0,14;0,09;88;0,58;Sim/C/C03;-0,3;0,32;10;0,3;Sim/C/C03 Sim/A/A04 Sim/B/B02 Sim/A/A06 Sim/B/B03 Sim/A/A07 ;-0,3 (0,32 | 10 | 0,3) -0,13 (0,24 | 3 | 0,33) 0,01 (0,22 | 5 | 0,4) 0,08 (0,51 | 10 | 0,9) 0,12 (0,35 | 10 | 0) 0,12 (0,33 | 10 | 0,6) 
P000846;0,76;0,1;74;0,69;Sim/C/C03;0,11;0,24;9;0,44;Sim/C/C03 Sim/B/B01 Sim/C/C02 ;0,11 (0,24 | 9 | 0,44) 0,43 (0,3 | 10 | 0,5) 0,5 (0,3 | 10 | 0,6) 
P000847;2,59;0,16;47;0,47;Sim/B/B03;1,82;0,36;10;0,8;Sim/B/B03 Sim/C/C07 Sim/C/C10 Sim/C/C04 ;1,82 (0,36 | 10 | 0,8) 1,92 (0,84 | 6 | 0,17) 2,05 (1,01 | 7 | 0) 2,53 (0,42 | 10 | 0,2) 
P000848;-2,44;0,15;33;0,33;Sim/A/A02;-2,87;0,28;10;0,1;Sim/A/A02 Sim/B/B01 ;-2,87 (0,28 | 10 | 0,1) -2,45 (1,18 | 5 | 0) 
P000849;-3,14;0,18;42;0,31;Sim/A/A01;-3,47;0,25;7;0,57;Sim/A/A01 Sim/B/B01 Sim/A/A06 ;-3,47 (0,25 | 7 | 0,57) -3,15 (2,41 | 5 | 0) -3,15 (1,64 | 5 | 0) 
P000850;1,41;0,14;55;0,76;Sim/A/A02;0,83;0,39;10;0,9;Sim/A/A02 Sim/C/C03 ;0,83 (0,39 | 10 | 0,9) 0,99 (0,25 | 6 | 0,67) 
P000851;1,1;0,12;51;0,76;Sim/B/B03;0,77;0,22;5;0,4;Sim/B/B03 Sim/B/B02 Sim/C/C03 ;0,77 (0,22 | 5 | 0,4) 0,79 (0,26 | 10 | 0,5) 0,83 (0,2 | 7 | 0,57) 
P000852;1,38;0,13;64;0,77;Sim/B/B01;1,07;0,24;8;0,5;Sim/A/A04 Sim/B/B01 Sim/C/C03 Sim/B/B02 Sim/C/C02 Sim/C/C07 ;0,92 (0,55 | 7 | 0,86) 1,07 (0,24 | 8 | 0,5) 1,22 (0,27 | 10 | 0,8) 1,32 (0,43 | 10 | 0,5) 1,33 (0,43 | 10 | 0,9) 1,38 (2,35 | 1 | 0) 
P000853;0,39;0,1;68;0,63;Sim/A/A02;-0,08;0,3;10;0,7;Sim/A/A02 Sim/A/A04 Sim/C/C01 Sim/C/C02 Sim/C/C03 ;-0,08 (0,3 | 10 | 0,7) -0,05 (0,22 | 4 | 0,5) 0,16 (0,26 | 10 | 0,8) 0,28 (0,28 | 10 | 0,5) 0,38 (0,24 | 3 | 0,33) 
P000854;-2,42;0,15;22;0,23;Sim/A/A02;-2,48;0,23;7;0,29;Sim/A/A02 Sim/A/A06 Sim/B/B01 ;-2,48 (0,23 | 7 | 0,29) -2,43 (1,07 | 5 | 0) -2,42 (1,15 | 5 | 0) 
P000855;-1,37;0,11;58;0,31;Sim/B/B01;-1,79;0,46;10;0,1;Sim/A/A07 Sim/A/A06 Sim/B/B01 Sim/A/A05 Sim/A/A04 ;-2,12 (1,38 | 7 | 0,14) -1,93 (0,65 | 8 | 0) -1,79 (0,46 | 10 | 0,1) -1,48 (0,48 | 10 | 0,9) -1,44 (0,25 | 4 | 0,25) 
P000856;3,32;0,1;43;0,6;Sim/B/B04;3,12;0,19;6;0,67;Sim/C/C04 Sim/B/B04 Sim/C/C10 ;2,04 (0,72 | 6 | 0) 3,12 (0,19 | 6 | 0,67) 3,28 (0,18 | 5 | 0,4) 
P000857;-0,53;0,08;53;0,42;Sim/C/C01;-0,93;0,22;5;0,4;Sim/C/C01 Sim/C/C02 Sim/A/A06 Sim/A/A02 ;-0,93 (0,22 | 5 | 0,4) -0,78 (0,25 | 4 | 0,25) -0,68 (0,17 | 7 | 0,57) -0,55 (0,24 | 8 | 0,5) 
P000858;-0,17;0,08;72;0,6;Sim/B/B01;-1,13;0,29;10;0,3;Sim/B/B01 Sim/C/C03 Sim/B/B02 Sim/C/C02 ;-1,13 (0,29 | 10 | 0,3) -1,03 (0,53 | 6 | 0,17) -0,48 (0,24 | 8 | 0,25) -0,46 (0,23 | 5 | 0,4) 
P000859;-4,97;0,36;32;0,03;;;;;;Sim/A/A05 Sim/B/B01 Sim/B/B02 Sim/B/B03 ;-4,99 (2,09 | 5 | 0) -4,98 (5,49 | 5 | 0) -4,97 (9,82 | 1 | 0) -4,97 (9,26 | 1 | 0) 
P000860;1,92;0,21;38;0,76;Sim/B/B02;1,75;0,36;10;0,6;Sim/B/B02 Sim/B/B03 Sim/C/C07 Sim/C/C04 Sim/C/C10 ;1,75 (0,36 | 10 | 0,6) 1,76 (0,33 | 10 | 0,8) 1,91 (1,4 | 1 | 0) 1,91 (1,57 | 1 | 0) 1,92 (1,87 | 1 | 0) 
P000861;-1,04;0,09;46;0,33;Sim/C/C01;-1,13;0,24;7;0,43;Sim/B/B01 Sim/A/A07 Sim/C/C01 ;-2,51 (1,12 | 8 | 0) -1,82 (1,04 | 7 | 0,14) -1,13 (0,24 | 7 | 0,43) 
P000862;-3,65;0,17;35;0,23;Sim/A/A03;-3,83;0,23;5;0,6;Sim/A/A03 Sim/A/A02 Sim/A/A06 Sim/B/B01 Sim/B/B02 ;-3,83 (0,23 | 5 | 0,6) -3,65 (1,19 | 5 | 0) -3,65 (2,23 | 5 | 0) -3,65 (3,27 | 5 | 0) -3,65 (7,62 | 1 | 0) 
P000863;-3,32;0,19;37;0,35;Sim/A/A01;-3,33;0,27;10;0,7;Sim/A/A05 Sim/A/A02 Sim/A/A01 Sim/B/B01 Sim/A/A06 Sim/B/B02 ;-3,92 (1,05 | 6 | 0,17) -3,34 (0,66 | 5 | 0) -3,33 (0,27 | 10 | 0,7) -3,33 (2,75 | 5 | 0) -3,33 (1,84 | 5 | 0) -3,33 (6,24 | 1 | 0) 
P000864;1,1;0,11;58;0,76;Sim/B/B01;0,75;0,27;10;0,6;Sim/B/B01 Sim/B/B02 Sim/C/C02 ;0,75 (0,27 | 10 | 0,6) 0,82 (0,27 | 10 | 0,5) 0,91 (0,3 | 10 | 0,8) 
P000865;-0,9;0,08;55;0,35;Sim/A/A06;-1,23;0,23;5;0,2;Sim/A/A06 Sim/B/B01 Sim/A/A02 ;-1,23 (0,23 | 5 | 0,2) -1,1 (0,29 | 10 | 0,4) -1,09 (0,25 | 4 | 0,5) 
P000866;1;0,1;57;0,77;Sim/B/B02;0,51;0,23;5;0,6;Sim/B/B02 Sim/C/C02 Sim/A/A02 Sim/C/C01 Sim/B/B01 ;0,51 (0,23 | 5 | 0,6) 0,81 (0,3 | 10 | 0,8) 0,83 (0,39 | 10 | 0,9) 0,92 (0,71 | 5 | 0,8) 0,99 (0,24 | 7 | 0,57) 
P000867;-2,3;0,16;21;0,29;Sim/A/A05;-2,32;0,21;5;0,6;Sim/A/A05 Sim/A/A06 Sim/B/B01 ;-2,32 (0,21 | 5 | 0,6) -2,32 (1 | 5 | 0) -2,31 (0,99 | 5 | 0) 
P000868;3,18;0,1;58;0,57;Sim/B/B02;2,36;0,32;10;0,6;Sim/B/B02 Sim/B/B04 Sim/C/C10 Sim/C/C07 ;2,36 (0,32 | 10 | 0,6) 2,64 (0,22 | 6 | 0,33) 2,77 (0,3 | 10 | 0,2) 3,14 (0,24 | 4 | 0,5) 
P000869;0,11;0,09;65;0,69;Sim/A/A02;-0,24;0,27;10;0,7;Sim/A/A02 Sim/B/B01 Sim/B/B02 Sim/C/C01 Sim/A/A04 ;-0,24 (0,27 | 10 | 0,7) -0,21 (0,25 | 5 | 0,6) 0 (0,22 | 5 | 0,6) 0,02 (0,23 | 9 | 0,67) 0,08 (0,22 | 4 | 0,5) 
P000870;1,92;0,21;34;0,53;Sim/B/B03;1,54;0,25;9;0,67;Sim/B/B03 Sim/B/B02 ;1,54 (0,25 | 9 | 0,67) 1,87 (0,32 | 10 | 0,5) 
P000871;2,78;0,12;44;0,52;Sim/B/B02;2,05;0,3;10;0,5;Sim/B/B02 Sim/C/C05 Sim/C/C04 ;2,05 (0,3 | 10 | 0,5) 2,12 (0,9 | 7 | 0,14) 2,29 (0,58 | 5 | 0,2) 
P000872;0,58;0,1;67;0,61;Sim/C/C02;-0,11;0,24;7;0,43;Sim/C/C02 Sim/A/A07 Sim/A/A02 Sim/B/B03 ;-0,11 (0,24 | 7 | 0,43) 0,19 (0,35 | 10 | 0,7) 0,24 (0,34 | 10 | 0,8) 0,45 (0,24 | 7 | 0,29) 
P000873;2,38;0,18;42;0,5;;;;;;Sim/B/B04 Sim/C/C07 Sim/C/C04 Sim/C/C10 ;2,01 (0,74 | 5 | 0,2) 2,02 (0,83 | 5 | 0) 2,05 (0,73 | 5 | 0) 2,36 (0,67 | 5 | 0) 
P000874;-5,29;0,7;26;0;;;;;;;
P000875;-2,12;0,16;22;0,32;Sim/A/A02;-2,2;0,24;6;0,5;Sim/A/A02 Sim/A/A06 Sim/B/B01 ;-2,2 (0,24 | 6 | 0,5) -2,14 (0,9 | 5 | 0) -2,13 (0,79 | 5 | 0) 
P000876;2,89;0,12;51;0,47;Sim/C/C04;2,72;0,36;10;0,4;Sim/B/B04 Sim/C/C04 ;2,02 (0,74 | 5 | 0,2) 2,72 (0,36 | 10 | 0,4) 
P000877;2,53;0,16;57;0,51;Sim/B/B02;2,44;0,33;10;0,7;Sim/B/B04 Sim/B/B02 ;1,9 (0,79 | 5 | 0,2) 2,44 (0,33 | 10 | 0,7) 
P000878;3,43;0,09;60;0,55;Sim/B/B02;2,18;0,3;10;0,5;Sim/B/B02 Sim/B/B03 Sim/C/C06 Sim/C/C07 ;2,18 (0,3 | 10 | 0,5) 2,55 (1,2 | 5 | 0,8) 3,41 (0,24 | 9 | 0) 3,41 (0,24 | 4 | 0,5) 
P000879;3,75;0,09;59;0,59;Sim/C/C08;3,71;0,34;10;0;Sim/B/B02 Sim/C/C07 Sim/C/C08 ;3,26 (0,79 | 5 | 0,8) 3,41 (0,24 | 4 | 0,5) 3,71 (0,34 | 10 | 0) 
P000880;-4,72;0,19;36;0,08;;;;;;Sim/A/A03 Sim/B/B01 Sim/B/B02 Sim/B/B03 Sim/A/A06 ;-5,41 (0,87 | 10 | 0) -4,72 (5,05 | 5 | 0) -4,72 (9,53 | 1 | 0) -4,72 (8,93 | 1 | 0) -4,72 (3,43 | 5 | 0) 
P000881;3,39;0,09;68;0,43;Sim/B/B04;2,94;0,19;6;0,5;Sim/B/B01 Sim/B/B04 Sim/C/C04 Sim/C/C09 Sim/C/C10 Sim/B/B02 ;2,35 (0,78 | 5 | 0,8) 2,94 (0,19 | 6 | 0,5) 3,16 (0,28 | 10 | 0,4) 3,25 (0,69 | 8 | 0) 3,28 (0,18 | 5 | 0,4) 3,3 (0,83 | 5 | 0,8) 
P000882;-0,05;0,08;71;0,59;Sim/A/A02;-0,54;0,25;8;0,5;Sim/A/A02 Sim/B/B02 Sim/A/A06 Sim/B/B01 ;-0,54 (0,25 | 8 | 0,5) -0,25 (0,21 | 6 | 0,33) -0,22 (0,33 | 10 | 0,7) -0,09 (0,24 | 6 | 0,5) 
P000883;6,08;0,8;51;1;;;;;;;
P000884;4,61;0,1;69;0,81;Sim/C/C10;4,23;0,27;10;0,7;Sim/C/C10 Sim/C/C04 Sim/C/C08 Sim/C/C07 ;4,23 (0,27 | 10 | 0,7) 4,3 (0,25 | 10 | 0,7) 4,44 (0,22 | 4 | 0,5) 4,46 (0,37 | 10 | 0,8) 
P000885;-0,41;0,08;59;0,49;Sim/A/A04;-0,73;0,23;6;0,5;Sim/C/C03 Sim/A/A04 Sim/A/A07 Sim/A/A06 Sim/C/C01 ;-1,3 (0,77 | 5 | 0,2) -0,73 (0,23 | 6 | 0,5) -0,51 (0,16 | 9 | 0,44) -0,49 (0,25 | 4 | 0,75) -0,42 (0,22 | 4 | 0,5) 
P000886;-2,1;0,15;22;0,32;Sim/A/A02;-2,2;0,24;6;0,5;Sim/A/A02 Sim/A/A06 Sim/B/B01 ;-2,2 (0,24 | 6 | 0,5) -2,12 (0,89 | 5 | 0) -2,12 (0,77 | 5 | 0) 
P000887;1,81;0,2;38;0,79;Sim/B/B03;1,39;0,23;5;0,8;Sim/B/B03 Sim/B/B01 Sim/C/C07 Sim/C/C04 ;1,39 (0,23 | 5 | 0,8) 1,52 (0,34 | 10 | 0,7) 1,8 (1,54 | 1 | 0) 1,8 (1,83 | 1 | 0) 
P000888;0,01;0,09;79;0,58;Sim/A/A04;-0,33;0,25;6;0,5;Sim/A/A06 Sim/A/A04 Sim/C/C03 Sim/C/C02 ;-0,65 (0,22 | 3 | 0,67) -0,33 (0,25 | 6 | 0,5) -0,3 (0,32 | 10 | 0,3) -0,29 (0,23 | 5 | 0,6) 
P000889;-2,93;0,15;46;0,43;Sim/A/A03;-3,17;0,42;10;0,8;Sim/A/A03 Sim/A/A05 Sim/A/A01 Sim/A/A06 Sim/B/B01 ;-3,17 (0,42 | 10 | 0,8) -3,02 (0,24 | 9 | 0,33) -2,98 (0,37 | 10 | 0,7) -2,93 (1,44 | 5 | 0) -2,93 (1,99 | 5 | 0) 
P000890;1,91;0,2;35;0,63;Sim/B/B03;1,77;0,34;10;0,8;Sim/B/B03 Sim/B/B04 Sim/C/C07 Sim/C/C04 Sim/B/B02 Sim/C/C10 ;1,77 (0,34 | 10 | 0,8) 1,89 (1,02 | 2 | 0) 1,9 (1,41 | 1 | 0) 1,9 (1,6 | 1 | 0) 1,9 (0,32 | 10 | 0,5) 1,91 (1,9 | 1 | 0) 
P000891;2,52;0,15;55;0,33;;;;;;Sim/B/B04 Sim/C/C10 Sim/C/C05 Sim/B/B01 ;2,01 (0,74 | 5 | 0) 2,05 (1,01 | 7 | 0) 2,09 (0,9 | 8 | 0) 2,35 (0,78 | 5 | 0,8) 
P000892;0,71;0,09;72;0,61;Sim/B/B03;0,29;0,27;10;0;Sim/B/B03 Sim/C/C02 Sim/A/A04 Sim/C/C01 ;0,29 (0,27 | 10 | 0) 0,37 (0,28 | 10 | 0,6) 0,52 (0,31 | 10 | 0,8) 0,69 (0,52 | 8 | 0,88) 
P000893;6;0,7;51;0,98;;;;;;Sim/B/B02 ;3,26 (0,79 | 5 | 0,8) 
P000894;-0,31;0,08;77;0,43;Sim/B/B02;-0,89;0,48;10;0,1;Sim/B/B02 Sim/A/A07 Sim/C/C01 Sim/A/A02 Sim/B/B03 ;-0,89 (0,48 | 10 | 0,1) -0,77 (0,18 | 7 | 0,29) -0,37 (0,22 | 4 | 0,5) -0,34 (0,25 | 10 | 0,6) -0,32 (0,82 | 5 | 0) 
P000895;-1,99;0,16;28;0,18;;;;;;Sim/A/A05 Sim/B/B01 ;-2,09 (0,24 | 4 | 0,5) -2,01 (0,67 | 5 | 0) 
P000896;1,98;0,2;51;0,73;Sim/C/C03;1,44;0,35;10;0,9;Sim/C/C03 Sim/C/C02 Sim/B/B01 Sim/B/B04 Sim/C/C04 Sim/C/C07 ;1,44 (0,35 | 10 | 0,9) 1,47 (0,54 | 6 | 0,83) 1,66 (0,38 | 10 | 0,8) 1,9 (0,79 | 5 | 0) 1,96 (1,14 | 2 | 0) 1,97 (1,33 | 1 | 0) 
P000897;-4,31;0,16;30;0,13;;;;;;Sim/A/A03 Sim/A/A06 Sim/B/B01 Sim/A/A02 Sim/B/B02 Sim/B/B03 ;-4,34 (0,24 | 3 | 0,33) -4,32 (2,99 | 5 | 0) -4,31 (4,37 | 5 | 0) -4,31 (3,03 | 5 | 0) -4,31 (9,11 | 1 | 0) -4,31 (8,44 | 1 | 0) 
P000898;-0,24;0,09;59;0,54;Sim/C/C02;-0,91;0,26;10;0,1;Sim/C/C02 Sim/A/A07 Sim/B/B02 ;-0,91 (0,26 | 10 | 0,1) -0,88 (0,24 | 4 | 0,25) -0,37 (0,23 | 5 | 0,2) 
P000899;-2,47;0,16;29;0,38;Sim/A/A05;-2,78;0,22;5;0,4;Sim/A/A05 Sim/B/B01 ;-2,78 (0,22 | 5 | 0,4) -2,48 (1,24 | 5 | 0) 
P000900;0,62;0,1;70;0,66;Sim/B/B01;0,31;0,28;10;0,5;Sim/B/B01 Sim/B/B03 Sim/C/C02 Sim/A/A04 ;0,31 (0,28 | 10 | 0,5) 0,49 (0,23 | 7 | 0,29) 0,53 (0,29 | 10 | 0,6) 0,59 (0,34 | 10 | 0,8) 
P000901;-0,41;0,08;66;0,53;Sim/B/B01;-0,94;0,28;10;0,4;Sim/B/B01 Sim/C/C02 Sim/A/A04 Sim/C/C03 Sim/C/C01 Sim/A/A06 ;-0,94 (0,28 | 10 | 0,4) -0,78 (0,25 | 4 | 0,25) -0,73 (0,23 | 6 | 0,5) -0,64 (0,34 | 10 | 0,2) -0,57 (0,22 | 4 | 0,5) -0,46 (0,23 | 7 | 0,71) 
P000902;-0,77;0,08;54;0,41;Sim/A/A02;-1,25;0,24;5;0,4;Sim/C/C02 Sim/A/A02 Sim/A/A04 ;-1,68 (0,94 | 5 | 0,2) -1,25 (0,24 | 5 | 0,4) -1,15 (0,2 | 4 | 0,5) 
P000903;-2,07;0,16;27;0,33;Sim/A/A02;-2,2;0,24;6;0,5;Sim/A/A02 Sim/A/A06 Sim/A/A05 ;-2,2 (0,24 | 6 | 0,5) -2,1 (0,89 | 5 | 0) -2,07 (0,24 | 5 | 0,8) 
P000904;-4,6;0,16;37;0,14;Sim/A/A03;-4,74;0,28;10;0,3;Sim/A/A03 Sim/A/A05 Sim/B/B01 Sim/B/B02 Sim/B/B03 Sim/A/A06 ;-4,74 (0,28 | 10 | 0,3) -4,6 (1,68 | 5 | 0) -4,6 (4,84 | 5 | 0) -4,6 (9,4 | 1 | 0) -4,6 (8,78 | 1 | 0) -4,6 (3,3 | 5 | 0) 
P000905;0,49;0,1;60;0,67;Sim/A/A07;-0,17;0,24;7;0,71;Sim/A/A07 Sim/A/A04 Sim/C/C02 Sim/C/C03 Sim/B/B02 Sim/C/C01 ;-0,17 (0,24 | 7 | 0,71) 0,24 (0,24 | 4 | 0,75) 0,29 (0,28 | 10 | 0,6) 0,32 (0,23 | 4 | 0,25) 0,45 (0,24 | 4 | 0,5) 0,45 (0,38 | 10 | 0,8) 
P000906;3,32;0,09;63;0,56;Sim/B/B02;2,84;0,43;10;0,9;Sim/B/B03 Sim/B/B02 Sim/C/C05 Sim/C/C07 Sim/C/C04 ;2,23 (0,89 | 5 | 0,8) 2,84 (0,43 | 10 | 0,9) 3,02 (0,2 | 7 | 0,29) 3,18 (0,23 | 5 | 0,4) 3,26 (0,26 | 10 | 0,4) 
P000907;3,27;0,1;53;0,66;Sim/B/B01;1,8;0,43;10;0,9;Sim/B/B01 Sim/C/C04 Sim/C/C07 ;1,8 (0,43 | 10 | 0,9) 2,05 (0,73 | 5 | 0) 2,69 (0,3 | 10 | 0,3) 
P000908;-1,68;0,14;51;0,24;;;;;;Sim/A/A05 Sim/A/A04 Sim/A/A06 Sim/C/C02 Sim/C/C03 Sim/B/B02 ;-2,15 (0,25 | 3 | 0,67) -2,06 (0,59 | 7 | 0,14) -2,06 (0,72 | 8 | 0,13) -1,85 (1,69 | 1 | 0) -1,84 (1,59 | 1 | 0) -1,68 (1,91 | 5 | 0) 
P000909;-4,37;0,15;33;0,15;Sim/A/A03;-4,49;0,23;5;0,4;Sim/A/A03 Sim/A/A05 Sim/B/B01 Sim/A/A02 Sim/B/B02 Sim/B/B03 ;-4,49 (0,23 | 5 | 0,4) -4,38 (1,46 | 5 | 0) -4,37 (4,47 | 5 | 0) -4,37 (3,22 | 5 | 0) -4,37 (9,17 | 1 | 0) -4,37 (8,51 | 1 | 0) 
P000910;0,93;0,1;59;0,69;Sim/B/B03;0,86;0,17;9;0,44;Sim/C/C03 Sim/B/B03 Sim/A/A04 ;0,38 (0,24 | 3 | 0,33) 0,86 (0,17 | 9 | 0,44) 0,92 (0,63 | 5 | 0,8) 
P000911;1,26;0,12;76;0,76;Sim/A/A02;0,24;0,34;10;0,8;Sim/A/A02 Sim/A/A04 Sim/C/C02 Sim/B/B02 ;0,24 (0,34 | 10 | 0,8) 0,51 (0,3 | 10 | 0,7) 0,85 (0,3 | 10 | 0,8) 1,18 (0,39 | 10 | 0,5) 
P000912;-5,29;0,7;26;0;;;;;;;
P000913;2,11;0,2;48;0,56;Sim/B/B01;1,53;0,34;10;0,8;Sim/B/B01 Sim/B/B04 Sim/B/B02 Sim/C/C07 ;1,53 (0,34 | 10 | 0,8) 1,76 (0,88 | 5 | 0,2) 1,98 (0,3 | 10 | 0,6) 2,02 (0,83 | 5 | 0,2) 
P000914;-0,85;0,08;46;0,39;Sim/B/B01;-1,65;0,4;10;0,2;Sim/C/C03 Sim/B/B02 Sim/B/B01 Sim/A/A02 ;-1,89 (1,27 | 5 | 0) -1,66 (8,13 | 1 | 0) -1,65 (0,4 | 10 | 0,2) -1,15 (0,23 | 5 | 0,6) 
P000915;-0,73;0,08;53;0,36;Sim/B/B02;-0,87;0,46;10;0;Sim/C/C03 Sim/A/A07 Sim/B/B02 Sim/A/A02 ;-1,89 (1,27 | 5 | 0,2) -0,88 (0,24 | 4 | 0,25) -0,87 (0,46 | 10 | 0) -0,83 (0,24 | 7 | 0,43) 
P000916;-2,07;0,16;20;0,25;;;;;;Sim/A/A05 Sim/A/A06 Sim/B/B01 ;-2,09 (0,24 | 4 | 0,5) -2,09 (0,88 | 5 | 0) -2,09 (0,74 | 5 | 0) 
P000917;2;0,21;38;0,63;Sim/B/B01;1,8;0,43;10;0,9;Sim/B/B04 Sim/B/B01 Sim/C/C07 Sim/C/C04 Sim/C/C10 ;1,76 (0,88 | 5 | 0,2) 1,8 (0,43 | 10 | 0,9) 1,99 (1,3 | 1 | 0) 2 (1,41 | 1 | 0) 2 (1,65 | 1 | 0) 
P000918;3,91;0,09;65;0,52;Sim/C/C08;3,73;0,33;10;0,1;Sim/C/C09 Sim/C/C08 Sim/C/C10 Sim/C/C05 ;3,32 (0,68 | 8 | 0) 3,73 (0,33 | 10 | 0,1) 3,81 (0,22 | 5 | 0,6) 3,84 (0,24 | 4 | 0,5) 
P000919;2,3;0,19;40;0,58;Sim/B/B01;1,8;0,43;10;0,9;Sim/B/B01 Sim/B/B04 Sim/C/C04 Sim/C/C07 Sim/C/C10 ;1,8 (0,43 | 10 | 0,9) 1,9 (0,79 | 5 | 0,2) 2,15 (0,66 | 5 | 0) 2,25 (0,65 | 5 | 0) 2,29 (1,09 | 1 | 0) 
P000920;6,08;0,8;51;1;;;;;;;
P000921;1,54;0,16;51;0,75;Sim/C/C02;1,02;0,32;10;0,8;Sim/C/C02 Sim/C/C04 Sim/C/C07 Sim/B/B03 Sim/C/C03 ;1,02 (0,32 | 10 | 0,8) 1,24 (2,07 | 2 | 0) 1,24 (2,71 | 1 | 0) 1,41 (0,24 | 6 | 0,5) 1,44 (0,35 | 10 | 0,9) 
P000922;-2,91;0,16;37;0,27;Sim/A/A02;-3,1;0,39;10;0;Sim/A/A02 Sim/A/A06 Sim/B/B01 ;-3,1 (0,39 | 10 | 0) -2,92 (1,42 | 5 | 0) -2,91 (1,96 | 5 | 0) 
P000923;-3,64;0,16;34;0,24;Sim/A/A01;-3,72;0,2;8;0,5;Sim/A/A01 Sim/A/A05 Sim/A/A02 Sim/A/A06 Sim/B/B01 Sim/B/B02 ;-3,72 (0,2 | 8 | 0,5) -3,67 (0,68 | 5 | 0) -3,65 (1,18 | 5 | 0) -3,64 (2,22 | 5 | 0) -3,64 (3,26 | 5 | 0) -3,64 (7,58 | 1 | 0) 
P000924;-3,11;0,18;41;0,32;Sim/A/A05;-3,4;0,41;10;0,2;Sim/A/A05 Sim/A/A02 Sim/A/A06 ;-3,4 (0,41 | 10 | 0,2) -3,17 (0,43 | 10 | 0) -3,13 (1,63 | 5 | 0) 
P000925;-2,19;0,16;25;0,28;Sim/A/A02;-2,2;0,24;6;0,5;Sim/A/A05 Sim/A/A06 Sim/A/A02 ;-2,21 (0,23 | 4 | 0,5) -2,21 (0,94 | 5 | 0) -2,2 (0,24 | 6 | 0,5) 
P000926;-0,96;0,08;47;0,34;Sim/A/A04;-1,45;0,23;6;0,33;Sim/A/A04 Sim/B/B02 Sim/B/B01 Sim/A/A02 Sim/C/C03 ;-1,45 (0,23 | 6 | 0,33) -1,15 (1,82 | 1 | 0) -1,14 (0,29 | 10 | 0,3) -1,09 (0,25 | 4 | 0,5) -1,03 (0,53 | 6 | 0,17) 
P000927;0,43;0,1;73;0,73;Sim/B/B01;0,15;0,25;9;0,56;Sim/A/A06 Sim/B/B01 Sim/A/A02 Sim/B/B02 Sim/C/C02 ;0,09 (0,6 | 6 | 0,83) 0,15 (0,25 | 9 | 0,56) 0,24 (0,34 | 10 | 0,8) 0,31 (0,2 | 7 | 0,57) 0,37 (0,28 | 10 | 0,6) 
P000928;-3,87;0,16;37;0,16;;;;;;Sim/A/A03 Sim/A/A05 Sim/A/A06 Sim/A/A02 ;-4,05 (0,21 | 4 | 0,5) -3,89 (0,88 | 5 | 0) -3,88 (2,48 | 5 | 0) -3,87 (1,71 | 5 | 0) 
P000929;0,76;0,1;68;0,74;Sim/A/A02;0,24;0,34;10;0,8;Sim/A/A04 Sim/A/A02 Sim/B/B03 Sim/B/B02 Sim/C/C02 ;0,17 (0,24 | 3 | 0,67) 0,24 (0,34 | 10 | 0,8) 0,56 (0,22 | 6 | 0,33) 0,56 (0,23 | 7 | 0,43) 0,6 (0,29 | 10 | 0,7) 
P000930;-0,1;0,09;60;0,57;Sim/C/C03;-0,16;0,3;10;0,3;Sim/C/C02 Sim/C/C01 Sim/C/C03 Sim/A/A04 Sim/A/A07 ;-0,46 (0,24 | 4 | 0,5) -0,2 (0,22 | 4 | 0,5) -0,16 (0,3 | 10 | 0,3) -0,13 (0,24 | 3 | 0,33) -0,12 (0,25 | 10 | 0,6) 
P000931;0,15;0,09;67;0,64;Sim/A/A02;-0,72;0,25;8;0,5;Sim/A/A02 Sim/B/B01 Sim/C/C01 Sim/A/A06 Sim/C/C02 ;-0,72 (0,25 | 8 | 0,5) -0,37 (0,24 | 9 | 0,67) -0,09 (0,23 | 6 | 0,5) 0,09 (0,6 | 6 | 0,83) 0,12 (0,25 | 10 | 0,5) 
P000932;-2,07;0,15;25;0,32;Sim/A/A02;-2,2;0,24;6;0,5;Sim/A/A02 Sim/B/B01 ;-2,2 (0,24 | 6 | 0,5) -2,09 (0,74 | 5 | 0) 
P000933;0,81;0,11;74;0,72;Sim/A/A07;0,24;0,37;10;0,8;Sim/A/A04 Sim/A/A07 Sim/C/C03 Sim/B/B01 Sim/C/C01 ;0,11 (0,22 | 4 | 0,5) 0,24 (0,37 | 10 | 0,8) 0,38 (0,2 | 7 | 0,57) 0,46 (0,3 | 10 | 0,5) 0,66 (0,48 | 10 | 0,9) 
P000934;-5,29;0,7;26;0;;;;;;;
P000935;-2,75;0,14;37;0,32;Sim/A/A02;-2,94;0,31;10;0,2;Sim/A/A02 Sim/A/A01 Sim/A/A06 Sim/B/B01 ;-2,94 (0,31 | 10 | 0,2) -2,84 (0,41 | 10 | 0,7) -2,76 (1,29 | 5 | 0) -2,76 (1,66 | 5 | 0) 
P000936;5,33;0,22;59;0,9;Sim/C/C07;4,46;0,37;10;0,8;Sim/B/B01 Sim/C/C07 Sim/C/C09 ;2,35 (0,78 | 5 | 0,8) 4,46 (0,37 | 10 | 0,8) 5,22 (0,35 | 10 | 0,8) 
P000937;-2,6;0,16;26;0,15;Sim/A/A05;-2,93;0,23;6;0,17;Sim/A/A05 Sim/B/B01 Sim/A/A04 ;-2,93 (0,23 | 6 | 0,17) -2,61 (1,42 | 5 | 0) -2,61 (1,28 | 5 | 0) 
P000938;3,01;0,1;63;0,46;Sim/B/B02;2,51;0,34;10;0,8;Sim/C/C05 Sim/B/B02 Sim/C/C07 Sim/C/C04 ;2,12 (0,9 | 7 | 0) 2,51 (0,34 | 10 | 0,8) 2,92 (0,25 | 8 | 0,25) 2,95 (0,31 | 10 | 0,3) 
P000939;-2,61;0,14;39;0,46;Sim/A/A05;-2,89;0,21;9;0,33;Sim/A/A05 Sim/A/A06 Sim/B/B01 ;-2,89 (0,21 | 9 | 0,33) -2,61 (1,18 | 5 | 0) -2,61 (1,43 | 5 | 0) 
P000940;-1,35;0,11;64;0,33;Sim/A/A05;-1,86;0,26;10;0,7;Sim/A/A07 Sim/A/A06 Sim/A/A05 Sim/A/A02 Sim/B/B02 ;-1,94 (1,26 | 7 | 0) -1,92 (0,65 | 7 | 0) -1,86 (0,26 | 10 | 0,7) -1,54 (0,24 | 6 | 0,5) -1,35 (3,31 | 1 | 0) 
P000941;-1,47;0,12;48;0,33;Sim/A/A02;-1,54;0,24;6;0,5;Sim/A/A05 Sim/A/A02 ;-2,35 (0,24 | 4 | 0,5) -1,54 (0,24 | 6 | 0,5) 
P000942;0,33;0,1;59;0,59;Sim/C/C02;-0,13;0,24;6;0,5;Sim/C/C02 Sim/B/B02 Sim/B/B03 Sim/A/A04 ;-0,13 (0,24 | 6 | 0,5) 0,12 (0,25 | 4 | 0,5) 0,12 (0,35 | 10 | 0,1) 0,17 (0,24 | 3 | 0,67) 
P000943;2,85;0,11;61;0,49;Sim/B/B02;2,47;0,33;10;0,7;Sim/B/B02 Sim/C/C07 Sim/C/C10 Sim/B/B04 ;2,47 (0,33 | 10 | 0,7) 2,72 (0,29 | 10 | 0,2) 2,78 (0,3 | 10 | 0,2) 2,79 (0,22 | 4 | 0,5) 
P000944;-0,94;0,09;43;0,4;Sim/B/B01;-1,71;0,42;10;0,2;Sim/B/B01 Sim/C/C02 Sim/A/A07 Sim/A/A02 ;-1,71 (0,42 | 10 | 0,2) -1,68 (0,94 | 5 | 0,2) -1,67 (1 | 5 | 0,2) -1,02 (0,23 | 6 | 0,67) 
P000945;2,44;0,18;42;0,55;;;;;;Sim/B/B04 Sim/C/C07 Sim/C/C04 Sim/B/B01 Sim/C/C10 ;2,01 (0,74 | 5 | 0,2) 2,02 (0,83 | 5 | 0,2) 2,05 (0,73 | 5 | 0) 2,35 (0,78 | 5 | 0,8) 2,41 (0,61 | 5 | 0) 
P000946;-0,06;0,09;80;0,54;Sim/A/A02;-0,65;0,24;7;0,57;Sim/A/A02 Sim/A/A04 Sim/B/B02 Sim/C/C01 ;-0,65 (0,24 | 7 | 0,57) -0,59 (0,25 | 7 | 0,43) -0,25 (0,22 | 7 | 0,29) -0,09 (0,23 | 6 | 0,5) 
P000947;-5,09;0,47;28;0,04;;;;;;Sim/A/A01 Sim/B/B01 Sim/A/A06 Sim/B/B02 ;-5,22 (0,63 | 5 | 0) -5,1 (7,04 | 5 | 0) -5,09 (5,23 | 5 | 0) -5,09 (216492,9 | 1 | 0) 
P000948;0,25;0,09;84;0,5;Sim/C/C01;-0,08;0,23;6;0,5;Sim/C/C01 Sim/C/C02 Sim/A/A07 Sim/C/C03 Sim/B/B01 ;-0,08 (0,23 | 6 | 0,5) 0,04 (0,25 | 9 | 0,44) 0,11 (0,32 | 10 | 0,7) 0,13 (0,23 | 9 | 0,44) 0,14 (0,24 | 10 | 0,4) 
P000949;-5,29;0,7;26;0;;;;;;;
P000950;1,27;0,12;58;0,76;Sim/B/B02;0,82;0,27;10;0,5;Sim/B/B02 Sim/C/C03 ;0,82 (0,27 | 10 | 0,5) 0,94 (0,24 | 6 | 0,67) 
P000951;1,42;0,14;58;0,76;Sim/A/A02;0,83;0,39;10;0,9;Sim/A/A02 Sim/B/B01 Sim/C/C03 Sim/C/C04 Sim/C/C07 ;0,83 (0,39 | 10 | 0,9) 1,07 (0,24 | 7 | 0,57) 1,36 (0,32 | 10 | 0,9) 1,41 (1,86 | 2 | 0) 1,41 (2,26 | 1 | 0) 
P000952;-0,4;0,08;59;0,49;Sim/A/A02;-0,65;0,24;7;0,57;Sim/A/A02 Sim/B/B02 Sim/A/A04 Sim/C/C01 ;-0,65 (0,24 | 7 | 0,57) -0,63 (0,29 | 10 | 0,1) -0,57 (0,24 | 7 | 0,57) -0,42 (0,22 | 4 | 0,5) 
P000953;-0,31;0,08;77;0,48;Sim/A/A06;-0,96;0,17;6;0,5;Sim/A/A06 Sim/A/A04 Sim/C/C02 Sim/C/C03 Sim/A/A07 ;-0,96 (0,17 | 6 | 0,5) -0,9 (0,19 | 7 | 0,43) -0,46 (0,24 | 4 | 0,5) -0,41 (0,33 | 10 | 0,2) -0,39 (0,21 | 5 | 0,6) 
P000954;-2,72;0,15;35;0,31;Sim/A/A02;-3,1;0,39;10;0;Sim/A/A02 Sim/A/A01 Sim/A/A06 Sim/B/B01 ;-3,1 (0,39 | 10 | 0) -2,88 (0,4 | 10 | 0,8) -2,73 (1,26 | 5 | 0) -2,72 (1,61 | 5 | 0) 
P000955;0,22;0,09;72;0,56;Sim/A/A06;-0,54;0,23;5;0,6;Sim/A/A06 Sim/A/A07 Sim/C/C03 Sim/B/B03 Sim/A/A04 ;-0,54 (0,23 | 5 | 0,6) -0,37 (0,23 | 4 | 0,5) -0,03 (0,28 | 10 | 0,3) 0,13 (0,35 | 10 | 0,1) 0,17 (0,24 | 3 | 0,67) 
P000956;1,88;0,21;40;0,75;Sim/B/B02;1,51;0,43;10;0,5;Sim/A/A04 Sim/B/B02 Sim/C/C07 Sim/C/C04 Sim/C/C10 ;0,92 (0,55 | 7 | 0,86) 1,51 (0,43 | 10 | 0,5) 1,87 (1,45 | 1 | 0) 1,87 (1,66 | 1 | 0) 1,87 (1,99 | 1 | 0) 
P000957;-4,61;0,22;45;0,16;Sim/A/A01;-4,86;0,31;10;0,2;Sim/A/A01 Sim/B/B01 ;-4,86 (0,31 | 10 | 0,2) -4,61 (6,06 | 5 | 0) 
P000958;-0,32;0,08;65;0,54;Sim/B/B01;-0,54;0,25;9;0,44;Sim/B/B01 Sim/C/C02 Sim/C/C03 Sim/A/A07 Sim/B/B02 Sim/A/A04 ;-0,54 (0,25 | 9 | 0,44) -0,46 (0,24 | 4 | 0,5) -0,4 (0,32 | 10 | 0,4) -0,38 (0,2 | 6 | 0,5) -0,36 (0,24 | 4 | 0,25) -0,33 (0,25 | 6 | 0,5) 
P000959;4,47;0,1;69;0,78;Sim/C/C10;4,22;0,27;10;0,8;Sim/B/B01 Sim/C/C10 Sim/C/C05 Sim/C/C09 ;2,35 (0,78 | 5 | 0,8) 4,22 (0,27 | 10 | 0,8) 4,23 (0,31 | 10 | 0,7) 4,35 (0,2 | 5 | 0,4) 
P000960;5,59;0,36;56;0,95;Sim/C/C04;5,05;0,45;10;0,9;Sim/B/B02 Sim/B/B04 Sim/C/C04 ;3,59 (1,32 | 5 | 0,8) 4,43 (0,87 | 5 | 0,8) 5,05 (0,45 | 10 | 0,9) 
P000961;-3,13;0,19;42;0,36;Sim/A/A02;-3,18;0,44;10;0;Sim/A/A05 Sim/A/A02 Sim/B/B01 ;-3,91 (1,06 | 5 | 0) -3,18 (0,44 | 10 | 0) -3,13 (2,38 | 5 | 0) 
P000962;2,29;0,19;53;0,51;Sim/B/B01;1,89;0,46;10;0,8;Sim/B/B01 Sim/B/B04 Sim/C/C04 Sim/C/C07 ;1,89 (0,46 | 10 | 0,8) 1,9 (0,79 | 5 | 0) 2,05 (0,73 | 5 | 0) 2,24 (0,62 | 5 | 0) 
P000963;6,08;0,8;51;1;;;;;;;
P000964;-0,05;0,09;70;0,51;Sim/B/B02;-0,31;0,21;6;0,33;Sim/B/B02 Sim/C/C01 Sim/C/C02 Sim/A/A07 Sim/A/A04 Sim/B/B03 ;-0,31 (0,21 | 6 | 0,33) -0,3 (0,22 | 4 | 0,5) -0,29 (0,23 | 5 | 0,6) -0,13 (0,24 | 9 | 0,56) -0,13 (0,24 | 3 | 0,33) -0,06 (0,47 | 10 | 0) 
P000965;4,53;0,11;59;0,78;Sim/C/C05;3,9;0,24;5;0,6;Sim/C/C05 Sim/B/B02 Sim/C/C04 Sim/C/C06 ;3,9 (0,24 | 5 | 0,6) 4,03 (1,72 | 5 | 0,8) 4,06 (0,24 | 10 | 0,5) 4,26 (0,22 | 4 | 0,75) 
P000966;2,67;0,13;56;0,43;Sim/B/B02;2,44;0,33;10;0,7;Sim/B/B04 Sim/C/C10 Sim/B/B02 Sim/C/C05 ;1,9 (0,79 | 5 | 0) 2,05 (1,01 | 7 | 0) 2,44 (0,33 | 10 | 0,7) 2,65 (0,31 | 10 | 0,1) 
P000967;-0,13;0,09;69;0,59;Sim/A/A04;-0,57;0,24;7;0,57;Sim/A/A06 Sim/A/A04 Sim/B/B01 ;-0,58 (0,22 | 4 | 0,75) -0,57 (0,24 | 7 | 0,57) -0,45 (0,24 | 9 | 0,56) 
P000968;6,08;0,8;51;1;;;;;;;
P000969;-5,29;0,7;26;0;;;;;;;
P000970;5,04;0,15;61;0,89;Sim/C/C07;4,34;0,3;10;0,7;Sim/C/C07 Sim/C/C06 Sim/C/C08 ;4,34 (0,3 | 10 | 0,7) 4,92 (0,56 | 8 | 0,88) 4,96 (0,22 | 3 | 0,67) 
P000971;3;0,1;49;0,51;Sim/C/C10;2,94;0,24;5;0,4;Sim/C/C07 Sim/C/C05 Sim/B/B01 Sim/C/C10 ;2,1 (0,83 | 5 | 0,2) 2,12 (0,9 | 7 | 0,14) 2,35 (0,78 | 5 | 0,8) 2,94 (0,24 | 5 | 0,4) 
P000972;-0,29;0,08;62;0,58;Sim/B/B01;-0,48;0,25;9;0,56;Sim/C/C02 Sim/B/B01 Sim/A/A06 Sim/C/C01 ;-0,78 (0,25 | 4 | 0,25) -0,48 (0,25 | 9 | 0,56) -0,46 (0,23 | 7 | 0,71) -0,37 (0,23 | 4 | 0,5) 
P000973;0,07;0,09;78;0,55;Sim/A/A02;-0,32;0,26;10;0,6;Sim/A/A02 Sim/A/A07 Sim/A/A06 Sim/B/B02 Sim/B/B03 ;-0,32 (0,26 | 10 | 0,6) -0,27 (0,21 | 7 | 0,57) -0,23 (0,32 | 10 | 0,9) -0,12 (0,23 | 5 | 0,4) 0,01 (0,42 | 10 | 0) 
P000974;-2,66;0,15;40;0,43;Sim/A/A02;-2,87;0,28;10;0,1;Sim/A/A02 Sim/A/A01 Sim/A/A06 Sim/B/B01 ;-2,87 (0,28 | 10 | 0,1) -2,86 (0,4 | 10 | 0,8) -2,67 (1,22 | 5 | 0) -2,67 (1,53 | 5 | 0) 
P000975;-5,29;0,7;26;0;;;;;;;
P000976;0,58;0,1;70;0,7;Sim/A/A06;-0,06;0,42;10;0,8;Sim/A/A06 Sim/A/A04 Sim/A/A02 Sim/C/C03 Sim/B/B02 ;-0,06 (0,42 | 10 | 0,8) 0,17 (0,24 | 3 | 0,67) 0,24 (0,34 | 10 | 0,8) 0,46 (0,19 | 5 | 0,4) 0,56 (0,23 | 6 | 0,5) 
P000977;-2,58;0,15;35;0,37;Sim/A/A01;-2,86;0,4;10;0,8;Sim/A/A01 Sim/A/A02 Sim/A/A06 Sim/B/B01 ;-2,86 (0,4 | 10 | 0,8) -2,75 (0,25 | 10 | 0,2) -2,59 (1,17 | 5 | 0) -2,59 (1,39 | 5 | 0) 
P000978;-0,74;0,08;63;0,43;Sim/C/C02;-1,27;0,42;10;0,3;Sim/C/C02 Sim/A/A04 Sim/B/B02 Sim/C/C01 ;-1,27 (0,42 | 10 | 0,3) -1,12 (0,17 | 9 | 0,33) -0,89 (0,48 | 10 | 0,1) -0,81 (0,2 | 5 | 0,4) 
P000979;1,72;0,18;46;0,78;Sim/B/B02;1,22;0,4;10;0,5;Sim/B/B02 Sim/C/C03 Sim/C/C04 Sim/C/C07 ;1,22 (0,4 | 10 | 0,5) 1,27 (0,29 | 10 | 0,8) 1,39 (2,55 | 1 | 0) 1,4 (2,31 | 1 | 0) 
P000980;0,45;0,1;66;0,67;Sim/B/B01;-0,06;0,24;7;0,43;Sim/B/B01 Sim/C/C03 Sim/B/B03 Sim/C/C01 ;-0,06 (0,24 | 7 | 0,43) 0,35 (0,22 | 4 | 0,25) 0,4 (0,25 | 8 | 0,25) 0,45 (0,38 | 10 | 0,8) 
P000981;-2,1;0,16;26;0,35;Sim/A/A02;-2,2;0,24;6;0,5;Sim/A/A02 ;-2,2 (0,24 | 6 | 0,5) 
P000982;-3,22;0,18;46;0,3;Sim/A/A05;-3,4;0,41;10;0,2;Sim/A/A05 Sim/A/A02 Sim/B/B01 Sim/A/A06 Sim/B/B02 ;-3,4 (0,41 | 10 | 0,2) -3,25 (0,5 | 10 | 0) -3,23 (2,55 | 5 | 0) -3,22 (1,72 | 5 | 0) -3,22 (5,86 | 1 | 0) 
P000983;1,72;0,18;52;0,73;Sim/B/B02;1,48;0,44;10;0,6;Sim/B/B02 Sim/B/B01 Sim/C/C03 Sim/C/C07 ;1,48 (0,44 | 10 | 0,6) 1,49 (0,33 | 10 | 0,8) 1,67 (0,46 | 10 | 0,9) 1,72 (1,66 | 1 | 0) 
P000984;2,03;0,2;47;0,47;Sim/B/B01;1,26;0,26;10;0,7;Sim/B/B01 Sim/B/B04 ;1,26 (0,26 | 10 | 0,7) 1,88 (0,82 | 5 | 0) 
P000985;-2,33;0,16;31;0,45;Sim/A/A01;-3,1;0,33;10;0,7;Sim/A/A01 Sim/A/A05 Sim/B/B01 ;-3,1 (0,33 | 10 | 0,7) -2,69 (0,2 | 5 | 0,4) -2,34 (1,03 | 5 | 0) 
P000986;-0,61;0,08;66;0,41;Sim/B/B02;-0,89;0,48;10;0,1;Sim/C/C03 Sim/A/A07 Sim/B/B02 Sim/B/B01 Sim/A/A02 ;-1,03 (0,53 | 6 | 0,17) -0,91 (0,25 | 4 | 0,25) -0,89 (0,48 | 10 | 0,1) -0,83 (0,27 | 10 | 0,4) -0,76 (0,22 | 10 | 0,5) 
P000987;0,17;0,09;73;0,58;Sim/C/C01;-0,66;0,22;7;0,29;Sim/C/C01 Sim/A/A02 Sim/A/A06 Sim/B/B02 Sim/B/B01 ;-0,66 (0,22 | 7 | 0,29) -0,46 (0,25 | 8 | 0,63) -0,46 (0,24 | 8 | 0,63) -0,12 (0,23 | 5 | 0,4) 0,05 (0,24 | 7 | 0,43) 
P000988;-1,29;0,11;49;0,35;Sim/B/B01;-1,59;0,37;10;0,1;Sim/A/A06 Sim/B/B02 Sim/B/B01 Sim/A/A02 ;-1,92 (0,65 | 7 | 0) -1,59 (6,63 | 1 | 0) -1,59 (0,37 | 10 | 0,1) -1,54 (0,24 | 6 | 0,5) 
P000989;2,88;0,1;58;0,45;Sim/C/C07;2,45;0,4;10;0,1;Sim/C/C07 Sim/B/B04 ;2,45 (0,4 | 10 | 0,1) 2,68 (0,2 | 6 | 0,33) 
P000990;3,02;0,1;55;0,51;Sim/C/C10;2,55;0,44;10;0,2;Sim/C/C10 Sim/C/C07 Sim/C/C04 ;2,55 (0,44 | 10 | 0,2) 2,57 (0,35 | 10 | 0,2) 2,98 (0,3 | 10 | 0,4) 
P000991;-4,06;0,16;32;0,16;;;;;;Sim/A/A03 Sim/A/A05 Sim/A/A06 Sim/B/B01 Sim/A/A02 Sim/B/B03 ;-4,23 (0,21 | 4 | 0,5) -4,07 (1,09 | 5 | 0) -4,07 (2,72 | 5 | 0) -4,07 (3,96 | 5 | 0) -4,07 (2,25 | 5 | 0) -4,06 (8,17 | 1 | 0) 
P000992;2,01;0,21;34;0,74;Sim/B/B02;1,83;0,34;10;0,6;Sim/B/B02 Sim/C/C07 Sim/B/B04 Sim/C/C04 Sim/C/C10 ;1,83 (0,34 | 10 | 0,6) 2 (1,29 | 1 | 0) 2 (1,18 | 1 | 0) 2,01 (1,39 | 1 | 0) 2,01 (1,62 | 1 | 0) 
P000993;-0,04;0,09;74;0,54;Sim/A/A02;-0,63;0,23;10;0,5;Sim/A/A02 Sim/C/C02 Sim/A/A06 Sim/A/A04 ;-0,63 (0,23 | 10 | 0,5) -0,48 (0,23 | 5 | 0,4) -0,48 (0,24 | 7 | 0,86) -0,2 (0,23 | 5 | 0,4) 
P000994;1,07;0,11;55;0,71;Sim/B/B03;0,6;0,24;5;0,2;Sim/B/B03 Sim/B/B02 Sim/C/C02 Sim/A/A04 Sim/C/C07 ;0,6 (0,24 | 5 | 0,2) 0,61 (0,21 | 10 | 0,5) 0,95 (0,31 | 10 | 0,7) 0,99 (0,65 | 5 | 0,8) 1,07 (3,29 | 1 | 0) 
P000995;-0,9;0,08;55;0,4;Sim/C/C01;-1,59;0,37;10;0,1;Sim/C/C01 Sim/A/A06 Sim/A/A02 ;-1,59 (0,37 | 10 | 0,1) -1,14 (0,23 | 4 | 0) -1,02 (0,23 | 6 | 0,67) 
P000996;3,86;0,09;44;0,73;;;;;;Sim/C/C07 ;3,67 (0,23 | 4 | 0,5) 
P000997;3,57;0,09;46;0,67;Sim/C/C07;3,13;0,24;5;0,4;Sim/B/B04 Sim/C/C07 Sim/B/B02 ;3 (0,22 | 4 | 0,5) 3,13 (0,24 | 5 | 0,4) 3,3 (0,83 | 5 | 0,8) 
P000998;-4,51;0,15;40;0,15;Sim/A/A03;-4,81;0,32;10;0,2;Sim/A/A03 Sim/A/A06 Sim/A/A02 Sim/B/B01 ;-4,81 (0,32 | 10 | 0,2) -4,52 (3,21 | 5 | 0) -4,52 (3,7 | 5 | 0) -4,51 (5,89 | 5 | 0) 
P000999;2,92;0,1;52;0,54;Sim/C/C10;2,67;0,35;10;0,3;Sim/C/C10 Sim/B/B04 Sim/C/C04 ;2,67 (0,35 | 10 | 0,3) 2,86 (0,18 | 7 | 0,43) 2,9 (0,32 | 10 | 0,4) 