ID;PP global;SE global;N global;f global;Scala Diagnose;PP Diagnose;SE Diagnose;N Diagnose;f Diagnose;alle Skalen;alle PP
P000000;-3,22;0,22;34;0,38;Sim/A/A01;-3,31;0,27;10;0,7;Sim/A/A01 Sim/A/A02 Sim/A/A06 Sim/B/B01 Sim/B/B02 ;-3,31 (0,27 | 10 | 0,7) -3,27 (0,53 | 7 | 0) -3,23 (1,96 | 5 | 0) -3,22 (3,16 | 5 | 0) -3,22 (846,67 | 1 | 0) 
P000001;4,6;0,12;62;0,87;Sim/C/C04;4,29;0,25;10;0,7
P000001;4,6;0,12;62;0,87;Sim/C/C08;4,43;0,22;5;0,4
P000001;4,6;0,12;62;0,87;Sim/C/C10;4,63;0,43;10;1;Sim/B/B03 Sim/C/C04 Sim/C/C08 ;2,26 (0,85 | 6 | 0,83) 4,29 (0,25 | 10 | 0,7) 4,43 (0,22 | 5 | 0,4) 
P000002;1,56;0,16;48;0,71;Sim/B/B01;1,4;0,3;10;0,7
P000002;1,56;0,16;48;0,71;Sim/B/B02;1,32;0,43;10;0,5
P000002;1,56;0,16;48;0,71;Sim/B/B03;1,82;0,36;10;0,8
P000002;1,56;0,16;48;0,71;Sim/C/C03;1,44;0,35;10;0,9;Sim/B/B01 Sim/B/B02 Sim/C/C03 Sim/C/C04 Sim/C/C07 ;1,4 (0,3 | 10 | 0,7) 1,32 (0,43 | 10 | 0,5) 1,44 (0,35 | 10 | 0,9) 1,52 (1,75 | 2 | 0) 1,53 (2,01 | 1 | 0) 
P000003;0,98;0,11;50;0,76;Sim/A/A02;0,83;0,39;10;0,9
P000003;0,98;0,11;50;0,76;Sim/B/B01;1,89;0,46;10;0,8
P000003;0,98;0,11;50;0,76;Sim/B/B03;0,6;0,24;5;0,2
P000003;0,98;0,11;50;0,76;Sim/C/C02;1,38;0,45;10;0,9
P000003;0,98;0,11;50;0,76;Sim/C/C03;0,99;0,25;6;0,67;Sim/A/A02 Sim/B/B02 Sim/B/B03 ;0,83 (0,39 | 10 | 0,9) 0,51 (0,25 | 4 | 0,5) 0,6 (0,24 | 5 | 0,2) 
P000004;4,29;0,1;68;0,72;Sim/C/C04;4,79;0,33;10;1
P000004;4,29;0,1;68;0,72;Sim/C/C05;3;0,23;6;0,17
P000004;4,29;0,1;68;0,72;Sim/C/C08;5,1;0,22;8;1
P000004;4,29;0,1;68;0,72;Sim/C/C09;3,93;0,26;10;0,2
P000004;4,29;0,1;68;0,72;Sim/C/C10;4,26;0,28;10;0,8;Sim/B/B03 Sim/C/C05 Sim/C/C06 Sim/C/C09 Sim/C/C10 ;2,55 (1,2 | 5 | 0,8) 3 (0,23 | 6 | 0,17) 3,71 (0,24 | 3 | 0,33) 3,93 (0,26 | 10 | 0,2) 4,26 (0,28 | 10 | 0,8) 
P000005;-2,55;0,16;37;0,3;Sim/A/A02;-3,24;0,48;10;0,1
P000005;-2,55;0,16;37;0,3;Sim/A/A05;-2,22;0,24;5;0,6
P000005;-2,55;0,16;37;0,3;Sim/B/B01;-1,79;0,46;10;0,1;Sim/A/A02 Sim/A/A06 Sim/B/B02 ;-3,24 (0,48 | 10 | 0,1) -2,6 (1,3 | 5 | 0) -2,55 (115,41 | 1 | 0) 
P000006;-0,99;0,09;54;0,37;Sim/A/A02;-1,54;0,24;6;0,5
P000006;-0,99;0,09;54;0,37;Sim/A/A04;-0,71;0,24;6;0,67
P000006;-0,99;0,09;54;0,37;Sim/A/A06;-0,8;0,18;5;0,6
P000006;-0,99;0,09;54;0,37;Sim/B/B01;-0,73;0,26;10;0,5
P000006;-0,99;0,09;54;0,37;Sim/C/C01;-1,17;0,22;9;0,22
P000006;-0,99;0,09;54;0,37;Sim/C/C02;-0,77;0,24;5;0,4;Sim/A/A02 Sim/A/A07 Sim/B/B02 Sim/C/C01 ;-1,54 (0,24 | 6 | 0,5) -1,82 (1,04 | 7 | 0,14) -0,99 (0,64 | 6 | 0) -1,17 (0,22 | 9 | 0,22) 
P000007;-4,1;0,14;27;0,22;Sim/A/A01;-4,08;0,22;6;0,5
P000007;-4,1;0,14;27;0,22;Sim/A/A03;-4,1;0,19;5;0,6;Sim/A/A02 Sim/A/A03 Sim/A/A06 Sim/B/B01 Sim/B/B02 ;-4,1 (2,36 | 5 | 0) -4,1 (0,19 | 5 | 0,6) -4,1 (3,07 | 5 | 0) -4,1 (4,72 | 5 | 0) -4,1 (11584,04 | 1 | 0) 
P000008;0,27;0,09;72;0,67;Sim/A/A02;0,24;0,34;10;0,8
P000008;0,27;0,09;72;0,67;Sim/A/A07;0,24;0,37;10;0,8
P000008;0,27;0,09;72;0,67;Sim/B/B01;-0,04;0,24;5;0,6
P000008;0,27;0,09;72;0,67;Sim/B/B02;0,56;0,23;6;0,67
P000008;0,27;0,09;72;0,67;Sim/B/B03;0,53;0,24;5;0,2
P000008;0,27;0,09;72;0,67;Sim/C/C01;0,61;0,46;10;0,9
P000008;0,27;0,09;72;0,67;Sim/C/C02;0,28;0,28;10;0,5;Sim/A/A02 Sim/A/A04 Sim/A/A06 Sim/A/A07 Sim/B/B01 ;0,24 (0,34 | 10 | 0,8) -0,13 (0,24 | 3 | 0,33) 0,08 (0,54 | 9 | 0,89) 0,24 (0,37 | 10 | 0,8) -0,04 (0,24 | 5 | 0,6) 
P000009;-1,47;0,12;57;0,37;Sim/A/A02;-1,98;0,22;6;0,5
P000009;-1,47;0,12;57;0,37;Sim/A/A04;-0,97;0,19;5;0,6
P000009;-1,47;0,12;57;0,37;Sim/A/A05;-1,81;0,28;10;0,8
P000009;-1,47;0,12;57;0,37;Sim/A/A06;-1,18;0,21;8;0,38
P000009;-1,47;0,12;57;0,37;Sim/C/C01;-1,59;0,37;10;0,1
P000009;-1,47;0,12;57;0,37;Sim/C/C02;-1,3;0,45;10;0,3;Sim/A/A02 Sim/A/A05 Sim/B/B01 Sim/C/C01 ;-1,98 (0,22 | 6 | 0,5) -1,81 (0,28 | 10 | 0,8) -2,51 (1,12 | 8 | 0) -1,59 (0,37 | 10 | 0,1) 
P000010;-4,31;0,16;24;0,13;Sim/A/A01;-4,27;0,23;5;0,4;Sim/A/A02 Sim/A/A03 Sim/A/A06 Sim/B/B01 Sim/B/B02 ;-4,31 (3,03 | 5 | 0) -4,34 (0,24 | 3 | 0,33) -4,32 (3,31 | 5 | 0) -4,31 (5,01 | 5 | 0) -4,31 (21599,41 | 1 | 0) 
P000011;-4,29;0,15;26;0,19;Sim/A/A01;-4,08;0,22;6;0,5;Sim/A/A02 Sim/A/A03 Sim/B/B01 Sim/B/B02 ;-4,3 (2,98 | 5 | 0) -4,52 (0,25 | 4 | 0,25) -4,3 (4,98 | 5 | 0) -4,29 (20617,01 | 1 | 0) 
P000012;-5,27;0,69;21;0;;;;;;;
P000013;-5,27;0,69;21;0;;;;;;;
P000014;-3,83;0,15;31;0,32;Sim/A/A01;-3,84;0,2;8;0,63
P000014;-3,83;0,15;31;0,32;Sim/A/A03;-3,81;0,22;7;0,57;Sim/A/A01 Sim/A/A02 Sim/A/A06 Sim/B/B02 ;-3,84 (0,2 | 8 | 0,63) -3,84 (1,61 | 5 | 0) -3,84 (2,74 | 5 | 0) -3,83 (5131,21 | 1 | 0) 
P000015;-1,48;0,13;53;0,21;Sim/A/A02;-1,99;0,23;6;0,33
P000015;-1,48;0,13;53;0,21;Sim/A/A07;-1,33;0,41;10;0,2
P000015;-1,48;0,13;53;0,21;Sim/B/B01;-1,48;0,34;10;0,1
P000015;-1,48;0,13;53;0,21;Sim/C/C01;-1,08;0,23;6;0,5;Sim/A/A02 Sim/A/A06 Sim/B/B01 Sim/B/B02 Sim/C/C02 ;-1,99 (0,23 | 6 | 0,33) -1,92 (0,65 | 7 | 0) -1,48 (0,34 | 10 | 0,1) -1,54 (1,61 | 5 | 0) -1,76 (0,94 | 6 | 0,17) 
P000016;-5,27;0,69;21;0;;;;;;;
P000017;-3,94;0,18;33;0,24;Sim/A/A03;-4,37;0,21;6;0,33;Sim/A/A02 Sim/A/A03 Sim/A/A05 Sim/A/A06 Sim/B/B02 ;-3,95 (1,92 | 5 | 0) -4,37 (0,21 | 6 | 0,33) -3,96 (0,96 | 5 | 0) -3,95 (2,88 | 5 | 0) -3,94 (7091,91 | 1 | 0) 
P000018;-0,28;0,08;63;0,48;Sim/A/A02;-0,09;0,3;10;0,7
P000018;-0,28;0,08;63;0,48;Sim/A/A06;-0,18;0,35;10;0,7
P000018;-0,28;0,08;63;0,48;Sim/A/A07;-0,38;0,2;6;0,5
P000018;-0,28;0,08;63;0,48;Sim/B/B01;-0,18;0,25;5;0,4
P000018;-0,28;0,08;63;0,48;Sim/B/B02;-0,55;0,25;10;0,1
P000018;-0,28;0,08;63;0,48;Sim/C/C03;-0,33;0,32;10;0,4;Sim/A/A07 Sim/B/B02 Sim/C/C01 Sim/C/C02 Sim/C/C03 ;-0,38 (0,2 | 6 | 0,5) -0,55 (0,25 | 10 | 0,1) -0,3 (0,22 | 4 | 0,5) -0,46 (0,24 | 4 | 0,5) -0,33 (0,32 | 10 | 0,4) 
P000019;1,14;0,13;46;0,67;Sim/B/B02;0,82;0,27;10;0,5
P000019;1,14;0,13;46;0,67;Sim/B/B03;1,4;0,24;7;0,57
P000019;1,14;0,13;46;0,67;Sim/C/C02;1,05;0,33;10;0,9
P000019;1,14;0,13;46;0,67;Sim/C/C03;0,62;0,21;5;0,4;Sim/B/B02 Sim/B/B04 Sim/C/C02 Sim/C/C03 Sim/C/C07 ;0,82 (0,27 | 10 | 0,5) 1,14 (3,81 | 1 | 0) 1,05 (0,33 | 10 | 0,9) 0,62 (0,21 | 5 | 0,4) 0,8 (4,4 | 1 | 0) 
P000020;0,1;0,09;80;0,58;Sim/A/A02;0,24;0,34;10;0,8
P000020;0,1;0,09;80;0,58;Sim/A/A04;0,24;0,21;10;0,6
P000020;0,1;0,09;80;0,58;Sim/B/B01;-0,26;0,25;5;0,6
P000020;0,1;0,09;80;0,58;Sim/B/B02;0,3;0,23;5;0,6
P000020;0,1;0,09;80;0,58;Sim/B/B03;0,06;0,39;10;0,1
P000020;0,1;0,09;80;0,58;Sim/C/C01;-0,08;0,22;8;0,63
P000020;0,1;0,09;80;0,58;Sim/C/C02;0,12;0,25;10;0,5
P000020;0,1;0,09;80;0,58;Sim/C/C03;-0,35;0,32;10;0,3;Sim/B/B01 Sim/B/B03 Sim/C/C01 Sim/C/C03 ;-0,26 (0,25 | 5 | 0,6) 0,06 (0,39 | 10 | 0,1) -0,08 (0,22 | 8 | 0,63) -0,35 (0,32 | 10 | 0,3) 
P000021;-5,27;0,69;21;0;;;;;;;
P000022;-4,53;0,18;24;0,08;Sim/A/A01;-4,66;0,25;5;0,2;Sim/A/A01 Sim/A/A02 Sim/A/A06 Sim/B/B01 Sim/B/B02 ;-4,66 (0,25 | 5 | 0,2) -4,53 (3,75 | 5 | 0) -4,53 (3,52 | 5 | 0) -4,53 (5,31 | 5 | 0) -4,53 (41055,22 | 1 | 0) 
P000023;5,1;0,17;43;0,95;Sim/C/C08;4,92;0,18;6;0,67;Sim/C/C08 ;4,92 (0,18 | 6 | 0,67) 
P000024;0,76;0,1;66;0,65;Sim/A/A02;0,24;0,34;10;0,8
P000024;0,76;0,1;66;0,65;Sim/A/A04;0,55;0,32;10;0,8
P000024;0,76;0,1;66;0,65;Sim/B/B01;0,57;0,3;10;0,5
P000024;0,76;0,1;66;0,65;Sim/B/B02;0,57;0,23;6;0,5
P000024;0,76;0,1;66;0,65;Sim/B/B03;1,19;0,18;7;0,57
P000024;0,76;0,1;66;0,65;Sim/C/C02;0,19;0,26;10;0,5
P000024;0,76;0,1;66;0,65;Sim/C/C03;0,94;0,24;6;0,67;Sim/A/A02 Sim/A/A04 Sim/B/B01 Sim/B/B02 Sim/C/C02 ;0,24 (0,34 | 10 | 0,8) 0,55 (0,32 | 10 | 0,8) 0,57 (0,3 | 10 | 0,5) 0,57 (0,23 | 6 | 0,5) 0,19 (0,26 | 10 | 0,5) 
P000025;5,28;0,21;51;0,9;Sim/C/C09;5,02;0,26;10;0,7;Sim/C/C09 Sim/C/C10 ;5,02 (0,26 | 10 | 0,7) 4,8 (0,57 | 8 | 0,88) 
P000026;-1,81;0,14;44;0,27;Sim/C/C01;-1,54;0,34;10;0,2;Sim/A/A02 Sim/A/A04 Sim/A/A06 Sim/B/B01 ;-1,83 (0,23 | 4 | 0,5) -2,06 (0,59 | 7 | 0,14) -2,05 (0,74 | 7 | 0) -2,51 (1,12 | 8 | 0) 
P000027;1,84;0,2;34;0,68;Sim/B/B02;1,22;0,4;10;0,5
P000027;1,84;0,2;34;0,68;Sim/B/B03;2,05;0,49;10;0,8;Sim/B/B02 Sim/B/B04 Sim/C/C04 Sim/C/C07 Sim/C/C10 ;1,22 (0,4 | 10 | 0,5) 1,82 (1,62 | 1 | 0) 1,84 (1,75 | 1 | 0) 1,83 (1,5 | 1 | 0) 1,84 (2,11 | 1 | 0) 
P000028;0,85;0,1;65;0,72;Sim/A/A02;0,83;0,39;10;0,9
P000028;0,85;0,1;65;0,72;Sim/B/B01;0,43;0,3;10;0,5
P000028;0,85;0,1;65;0,72;Sim/B/B02;1,29;0,42;10;0,5
P000028;0,85;0,1;65;0,72;Sim/B/B03;1;0,19;6;0,5
P000028;0,85;0,1;65;0,72;Sim/C/C02;1,29;0,41;10;0,9;Sim/A/A02 Sim/B/B01 Sim/C/C03 ;0,83 (0,39 | 10 | 0,9) 0,43 (0,3 | 10 | 0,5) 0,36 (0,24 | 4 | 0,25) 
P000029;2,18;0,21;36;0,64;Sim/B/B01;1,8;0,43;10;0,9
P000029;2,18;0,21;36;0,64;Sim/B/B02;2,42;0,33;10;0,6;Sim/B/B01 Sim/B/B04 Sim/C/C04 Sim/C/C07 Sim/C/C10 ;1,8 (0,43 | 10 | 0,9) 1,97 (0,74 | 5 | 0) 2,17 (1,14 | 1 | 0) 2,16 (1,14 | 1 | 0) 2,17 (1,28 | 1 | 0) 
P000030;-2,69;0,15;31;0,32;Sim/A/A02;-2,65;0,24;7;0,29;Sim/A/A05 Sim/B/B01 Sim/B/B02 ;-2,77 (0,22 | 4 | 0,5) -2,69 (1,7 | 5 | 0) -2,69 (174,49 | 1 | 0) 
P000031;-3,25;0,19;37;0,32;Sim/A/A01;-3,03;0,35;10;0,7;Sim/A/A02 Sim/A/A05 Sim/A/A06 Sim/B/B01 Sim/B/B02 ;-3,27 (0,58 | 5 | 0) -3,91 (1,06 | 5 | 0) -3,25 (1,99 | 5 | 0) -3,25 (3,23 | 5 | 0) -3,25 (918,36 | 1 | 0) 
P000032;-0,24;0,08;61;0,46;Sim/A/A02;-0,12;0,3;10;0,7
P000032;-0,24;0,08;61;0,46;Sim/B/B01;-0,04;0,24;5;0,6
P000032;-0,24;0,08;61;0,46;Sim/B/B02;-0,37;0,23;5;0,2
P000032;-0,24;0,08;61;0,46;Sim/C/C02;0,32;0,29;10;0,6
P000032;-0,24;0,08;61;0,46;Sim/C/C03;-0,8;0,39;10;0,2;Sim/A/A06 Sim/A/A07 Sim/B/B02 Sim/B/B03 Sim/C/C01 Sim/C/C03 ;-0,58 (0,22 | 4 | 0,75) -0,37 (0,23 | 4 | 0,5) -0,37 (0,23 | 5 | 0,2) -0,24 (0,73 | 5 | 0) -0,3 (0,22 | 4 | 0,5) -0,8 (0,39 | 10 | 0,2) 
P000033;-2,98;0,18;37;0,32;Sim/A/A02;-2,95;0,31;10;0,1;Sim/A/A05 Sim/A/A06 Sim/B/B01 Sim/B/B02 ;-3,91 (1,06 | 5 | 0) -2,98 (1,67 | 5 | 0) -2,98 (2,58 | 5 | 0) -2,98 (414,24 | 1 | 0) 
P000034;-0,43;0,08;60;0,43;Sim/A/A02;-0,08;0,3;10;0,7
P000034;-0,43;0,08;60;0,43;Sim/A/A04;-0,35;0,22;8;0,5
P000034;-0,43;0,08;60;0,43;Sim/A/A07;-0,38;0,2;6;0,5
P000034;-0,43;0,08;60;0,43;Sim/B/B01;-0,32;0,25;6;0,5
P000034;-0,43;0,08;60;0,43;Sim/B/B02;-0,37;0,23;5;0,2
P000034;-0,43;0,08;60;0,43;Sim/C/C01;-0,77;0,21;5;0,4
P000034;-0,43;0,08;60;0,43;Sim/C/C02;-0,27;0,23;5;0,4;Sim/A/A06 Sim/B/B03 Sim/C/C01 Sim/C/C03 ;-0,49 (0,25 | 4 | 0,75) -0,43 (0,92 | 5 | 0) -0,77 (0,21 | 5 | 0,4) -1,03 (0,53 | 6 | 0,17) 
P000035;-5,27;0,69;21;0;;;;;;;
P000036;2,13;0,19;51;0,53;Sim/B/B01;1,82;0,43;10;0,8
P000036;2,13;0,19;51;0,53;Sim/B/B02;2,51;0,34;10;0,7
P000036;2,13;0,19;51;0,53;Sim/B/B03;1,52;0,24;9;0,67
P000036;2,13;0,19;51;0,53;Sim/C/C07;2,66;0,31;10;0,3;Sim/B/B01 Sim/B/B03 Sim/B/B04 ;1,82 (0,43 | 10 | 0,8) 1,52 (0,24 | 9 | 0,67) 1,93 (0,8 | 5 | 0) 
P000037;-3,46;0,17;42;0,36;Sim/A/A01;-3,44;0,23;10;0,5
P000037;-3,46;0,17;42;0,36;Sim/A/A03;-3,34;0,36;10;0,8;Sim/A/A02 Sim/A/A05 Sim/A/A06 Sim/B/B02 ;-3,48 (0,86 | 5 | 0) -4,01 (1,07 | 6 | 0,17) -3,47 (2,29 | 5 | 0) -3,46 (1709,59 | 1 | 0) 
P000038;0,84;0,1;70;0,71;Sim/A/A02;0,83;0,39;10;0,9
P000038;0,84;0,1;70;0,71;Sim/A/A04;0,18;0,22;6;0,67
P000038;0,84;0,1;70;0,71;Sim/A/A07;0,24;0,37;10;0,8
P000038;0,84;0,1;70;0,71;Sim/B/B01;0,43;0,3;10;0,5
P000038;0,84;0,1;70;0,71;Sim/B/B02;1,48;0,44;10;0,6
P000038;0,84;0,1;70;0,71;Sim/C/C02;0,69;0,29;10;0,7
P000038;0,84;0,1;70;0,71;Sim/C/C03;1,67;0,46;10;0,9;Sim/A/A02 Sim/A/A04 Sim/A/A07 Sim/B/B01 Sim/B/B03 Sim/C/C02 ;0,83 (0,39 | 10 | 0,9) 0,18 (0,22 | 6 | 0,67) 0,24 (0,37 | 10 | 0,8) 0,43 (0,3 | 10 | 0,5) 0,81 (0,22 | 4 | 0,5) 0,69 (0,29 | 10 | 0,7) 
P000039;-2,3;0,16;21;0,29;Sim/A/A02;-1,98;0,22;6;0,5
P000039;-2,3;0,16;21;0,29;Sim/A/A05;-2,56;0,2;5;0,4;Sim/A/A05 Sim/B/B01 ;-2,56 (0,2 | 5 | 0,4) -2,31 (0,99 | 5 | 0) 
P000040;4,41;0,1;70;0,8;Sim/C/C04;4,61;0,28;10;0,8
P000040;4,41;0,1;70;0,8;Sim/C/C05;3,97;0,24;7;0,71
P000040;4,41;0,1;70;0,8;Sim/C/C07;4,45;0,36;10;0,9
P000040;4,41;0,1;70;0,8;Sim/C/C09;4,29;0,2;5;0,4
P000040;4,41;0,1;70;0,8;Sim/C/C10;3,89;0,22;6;0,67;Sim/B/B03 Sim/C/C05 Sim/C/C09 Sim/C/C10 ;2,26 (0,85 | 6 | 0,83) 3,97 (0,24 | 7 | 0,71) 4,29 (0,2 | 5 | 0,4) 3,89 (0,22 | 6 | 0,67) 
P000041;3,11;0,1;57;0,54;Sim/B/B03;2,05;0,49;10;0,8
P000041;3,11;0,1;57;0,54;Sim/C/C04;2,78;0,35;10;0,4
P000041;3,11;0,1;57;0,54;Sim/C/C06;3,51;0,2;9;0,33
P000041;3,11;0,1;57;0,54;Sim/C/C10;2,95;0,23;6;0;Sim/B/B03 Sim/B/B04 Sim/C/C04 Sim/C/C10 ;2,05 (0,49 | 10 | 0,8) 3,06 (0,21 | 4 | 0,5) 2,78 (0,35 | 10 | 0,4) 2,95 (0,23 | 6 | 0) 
P000042;-1,19;0,09;57;0,25;Sim/A/A02;-0,96;0,23;6;0,5
P000042;-1,19;0,09;57;0,25;Sim/B/B01;-1,79;0,46;10;0,1
P000042;-1,19;0,09;57;0,25;Sim/C/C01;-1,18;0,24;7;0,43
P000042;-1,19;0,09;57;0,25;Sim/C/C02;-0,77;0,24;5;0,4
P000042;-1,19;0,09;57;0,25;Sim/C/C03;-0,6;0,34;10;0,1;Sim/A/A06 Sim/A/A07 Sim/B/B01 ;-1,87 (0,54 | 10 | 0,1) -1,67 (1 | 5 | 0,2) -1,79 (0,46 | 10 | 0,1) 
P000043;2,14;0,19;49;0,31;Sim/B/B03;1,41;0,24;6;0,5;Sim/B/B03 Sim/B/B04 Sim/C/C04 Sim/C/C05 Sim/C/C07 ;1,41 (0,24 | 6 | 0,5) 2 (0,73 | 6 | 0) 1,81 (0,92 | 5 | 0) 1,91 (1,51 | 5 | 0) 1,85 (0,96 | 5 | 0) 
P000044;2,34;0,18;46;0,48;Sim/B/B02;2,42;0,32;10;0,6
P000044;2,34;0,18;46;0,48;Sim/B/B04;2,6;0,23;6;0,33;Sim/B/B01 Sim/C/C04 Sim/C/C07 Sim/C/C10 ;2,02 (0,55 | 7 | 0,86) 2,15 (0,66 | 5 | 0) 2,02 (0,83 | 5 | 0) 2,32 (0,69 | 5 | 0) 
P000045;0,63;0,1;63;0,62;Sim/A/A02;0,83;0,39;10;0,9
P000045;0,63;0,1;63;0,62;Sim/B/B01;0,4;0,3;10;0,5
P000045;0,63;0,1;63;0,62;Sim/B/B02;1,32;0,43;10;0,5
P000045;0,63;0,1;63;0,62;Sim/B/B03;0,52;0,23;6;0,33
P000045;0,63;0,1;63;0,62;Sim/C/C02;0,6;0,29;10;0,7
P000045;0,63;0,1;63;0,62;Sim/C/C03;0,5;0,18;7;0,29;Sim/B/B01 Sim/B/B03 Sim/C/C02 Sim/C/C03 ;0,4 (0,3 | 10 | 0,5) 0,52 (0,23 | 6 | 0,33) 0,6 (0,29 | 10 | 0,7) 0,5 (0,18 | 7 | 0,29) 
P000046;-3,39;0,18;43;0,35;Sim/A/A01;-3,29;0,27;10;0,7
P000046;-3,39;0,18;43;0,35;Sim/A/A03;-3,42;0,33;10;0,7;Sim/A/A02 Sim/A/A03 Sim/A/A05 Sim/B/B01 Sim/B/B02 ;-3,4 (0,75 | 5 | 0) -3,42 (0,33 | 10 | 0,7) -4,01 (1,07 | 6 | 0) -3,39 (3,62 | 5 | 0) -3,39 (1411,09 | 1 | 0) 
P000047;-1,04;0,09;56;0,39;Sim/A/A02;-1,39;0,23;7;0,57
P000047;-1,04;0,09;56;0,39;Sim/A/A06;-0,8;0,18;5;0,6
P000047;-1,04;0,09;56;0,39;Sim/B/B01;-0,91;0,28;10;0,4
P000047;-1,04;0,09;56;0,39;Sim/C/C01;-0,72;0,21;5;0,6;Sim/A/A02 Sim/A/A04 Sim/C/C02 ;-1,39 (0,23 | 7 | 0,57) -1,44 (0,25 | 4 | 0,25) -1,68 (0,94 | 5 | 0) 
P000048;-2,69;0,15;31;0,29;Sim/A/A02;-2,75;0,25;10;0,2;Sim/A/A02 Sim/A/A06 Sim/B/B01 Sim/B/B02 ;-2,75 (0,25 | 10 | 0,2) -2,7 (1,39 | 5 | 0) -2,7 (1,79 | 5 | 0) -2,69 (178,16 | 1 | 0) 
P000049;1,95;0,21;33;0,7;Sim/B/B02;1,83;0,34;10;0,6
P000049;1,95;0,21;33;0,7;Sim/B/B03;1,89;0,4;10;0,8;Sim/B/B02 Sim/B/B03 Sim/B/B04 Sim/C/C04 Sim/C/C07 Sim/C/C10 ;1,83 (0,34 | 10 | 0,6) 1,89 (0,4 | 10 | 0,8) 1,94 (1,29 | 1 | 0) 1,95 (1,51 | 1 | 0) 1,94 (1,36 | 1 | 0) 1,95 (1,78 | 1 | 0) 
P000050;1,51;0,16;46;0,7;Sim/B/B01;1,43;0,31;10;0,7
P000050;1,51;0,16;46;0,7;Sim/B/B02;1,51;0,43;10;0,5
P000050;1,51;0,16;46;0,7;Sim/B/B03;1,41;0,25;5;0,6
P000050;1,51;0,16;46;0,7;Sim/C/C03;1,57;0,42;8;1;Sim/A/A04 Sim/B/B01 Sim/B/B02 Sim/B/B03 Sim/C/C04 Sim/C/C07 Sim/C/C10 ;0,99 (0,65 | 5 | 0,8) 1,43 (0,31 | 10 | 0,7) 1,51 (0,43 | 10 | 0,5) 1,41 (0,25 | 5 | 0,6) 1,51 (2,75 | 1 | 0) 1,51 (2,05 | 1 | 0) 1,51 (3,52 | 1 | 0) 
P000051;4,94;0,16;41;0,93;Sim/C/C04;5,07;0,46;10;0,9;Sim/C/C09 ;4,71 (0,25 | 3 | 0,67) 
P000052;3,62;0,09;65;0,46;Sim/C/C04;3,83;0,24;7;0,43
P000052;3,62;0,09;65;0,46;Sim/C/C08;3,62;0,38;10;0
P000052;3,62;0,09;65;0,46;Sim/C/C09;4,12;0,24;6;0,33
P000052;3,62;0,09;65;0,46;Sim/C/C10;3,76;0,24;5;0,6;Sim/B/B01 Sim/B/B04 Sim/C/C06 Sim/C/C07 ;2,3 (0,74 | 5 | 0,8) 3,39 (0,25 | 4 | 0,5) 2,97 (0,51 | 10 | 0,1) 3,6 (0,21 | 4 | 0,5) 
P000053;0,14;0,09;69;0,55;Sim/A/A02;-0,07;0,31;10;0,7
P000053;0,14;0,09;69;0,55;Sim/B/B01;0,56;0,3;10;0,6
P000053;0,14;0,09;69;0,55;Sim/B/B03;0,13;0,35;10;0
P000053;0,14;0,09;69;0,55;Sim/C/C01;0,16;0,26;10;0,8
P000053;0,14;0,09;69;0,55;Sim/C/C02;0,49;0,3;10;0,6;Sim/A/A02 Sim/B/B02 Sim/B/B03 Sim/C/C03 ;-0,07 (0,31 | 10 | 0,7) 0,12 (0,25 | 4 | 0,5) 0,13 (0,35 | 10 | 0) -1,02 (0,53 | 6 | 0,17) 
P000054;3,71;0,09;69;0,52;Sim/C/C04;3,78;0,25;6;0,5
P000054;3,71;0,09;69;0,52;Sim/C/C06;4,07;0,17;5;0,6
P000054;3,71;0,09;69;0,52;Sim/C/C07;2,95;0,24;10;0,2
P000054;3,71;0,09;69;0,52;Sim/C/C10;4,1;0,24;10;0,7;Sim/B/B04 Sim/C/C07 Sim/C/C08 Sim/C/C09 ;3,2 (0,25 | 4 | 0,5) 2,95 (0,24 | 10 | 0,2) 3,37 (0,6 | 6 | 0) 3,29 (0,68 | 8 | 0) 
P000055;2,06;0,21;33;0,58;Sim/B/B02;2,02;0,3;10;0,5;Sim/B/B02 Sim/B/B04 Sim/C/C04 Sim/C/C07 Sim/C/C10 ;2,02 (0,3 | 10 | 0,5) 1,9 (0,79 | 5 | 0) 2,05 (1,31 | 1 | 0) 2,05 (1,24 | 1 | 0) 2,06 (1,51 | 1 | 0) 
P000056;0,96;0,11;56;0,7;Sim/A/A02;0,83;0,39;10;0,9
P000056;0,96;0,11;56;0,7;Sim/B/B01;0,51;0,32;10;0,5
P000056;0,96;0,11;56;0,7;Sim/B/B02;1,18;0,39;10;0,5
P000056;0,96;0,11;56;0,7;Sim/B/B03;1,34;0,21;6;0,67;Sim/A/A02 Sim/B/B01 Sim/C/C01 Sim/C/C03 ;0,83 (0,39 | 10 | 0,9) 0,51 (0,32 | 10 | 0,5) 0,92 (0,71 | 5 | 0,8) 0,36 (0,24 | 4 | 0,25) 
P000057;0,84;0,1;62;0,66;Sim/A/A02;0,83;0,39;10;0,9
P000057;0,84;0,1;62;0,66;Sim/B/B01;0,7;0,28;10;0,5
P000057;0,84;0,1;62;0,66;Sim/B/B02;1,48;0,44;10;0,5
P000057;0,84;0,1;62;0,66;Sim/B/B03;0,53;0,22;7;0,29
P000057;0,84;0,1;62;0,66;Sim/C/C02;0,92;0,3;10;0,7
P000057;0,84;0,1;62;0,66;Sim/C/C03;0,99;0,25;6;0,67;Sim/A/A02 Sim/B/B01 Sim/B/B03 ;0,83 (0,39 | 10 | 0,9) 0,7 (0,28 | 10 | 0,5) 0,53 (0,22 | 7 | 0,29) 
P000058;1,65;0,19;38;0,71;Sim/B/B01;1,26;0,26;10;0,7
P000058;1,65;0,19;38;0,71;Sim/B/B02;1,37;0,44;10;0,6;Sim/B/B01 Sim/B/B02 Sim/B/B04 Sim/C/C04 Sim/C/C07 Sim/C/C10 ;1,26 (0,26 | 10 | 0,7) 1,37 (0,44 | 10 | 0,6) 1,58 (2,14 | 1 | 0) 1,65 (2,27 | 1 | 0) 1,64 (1,79 | 1 | 0) 1,65 (2,85 | 1 | 0) 
P000059;0,95;0,11;50;0,78;Sim/A/A02;0,83;0,39;10;0,9
P000059;0,95;0,11;50;0,78;Sim/B/B01;1,8;0,43;10;0,9
P000059;0,95;0,11;50;0,78;Sim/B/B02;0,24;0,23;5;0,4
P000059;0,95;0,11;50;0,78;Sim/C/C02;1,01;0,32;10;0,8
P000059;0,95;0,11;50;0,78;Sim/C/C03;0,98;0,25;6;0,67;Sim/A/A02 Sim/B/B02 Sim/B/B03 ;0,83 (0,39 | 10 | 0,9) 0,24 (0,23 | 5 | 0,4) 0,9 (0,23 | 4 | 0,5) 
P000060;-1,7;0,13;51;0,27;Sim/A/A02;-1,54;0,24;6;0,5
P000060;-1,7;0,13;51;0,27;Sim/A/A05;-1,8;0,28;10;0,7
P000060;-1,7;0,13;51;0,27;Sim/C/C01;-1,12;0,24;6;0,5;Sim/A/A04 Sim/A/A05 Sim/A/A06 Sim/B/B01 Sim/C/C02 ;-2,01 (0,54 | 7 | 0) -1,8 (0,28 | 10 | 0,7) -1,96 (0,63 | 8 | 0,13) -2,51 (1,12 | 8 | 0) -1,76 (0,94 | 6 | 0) 
P000061;0,41;0,09;70;0,59;Sim/A/A02;0,83;0,39;10;0,9
P000061;0,41;0,09;70;0,59;Sim/A/A04;0,26;0,23;8;0,5
P000061;0,41;0,09;70;0,59;Sim/A/A07;0,08;0,32;10;0,7
P000061;0,41;0,09;70;0,59;Sim/B/B01;0,43;0,3;10;0,5
P000061;0,41;0,09;70;0,59;Sim/B/B02;0,29;0,22;5;0,4
P000061;0,41;0,09;70;0,59;Sim/B/B03;0,65;0,19;8;0,38
P000061;0,41;0,09;70;0,59;Sim/C/C01;-0,09;0,23;6;0,5
P000061;0,41;0,09;70;0,59;Sim/C/C02;0,39;0,29;10;0,6;Sim/A/A04 Sim/A/A07 Sim/B/B02 Sim/C/C01 Sim/C/C02 ;0,26 (0,23 | 8 | 0,5) 0,08 (0,32 | 10 | 0,7) 0,29 (0,22 | 5 | 0,4) -0,09 (0,23 | 6 | 0,5) 0,39 (0,29 | 10 | 0,6) 
P000062;-1,18;0,1;47;0,26;Sim/A/A02;-0,78;0,24;7;0,57
P000062;-1,18;0,1;47;0,26;Sim/B/B01;-0,99;0,29;10;0,3;Sim/A/A07 Sim/C/C01 Sim/C/C02 ;-1,67 (1 | 5 | 0,2) -2,14 (0,72 | 7 | 0,14) -1,68 (0,94 | 5 | 0) 
P000063;2,35;0,19;38;0,53;Sim/B/B02;1,96;0,31;10;0,5;Sim/B/B02 Sim/C/C04 Sim/C/C07 ;1,96 (0,31 | 10 | 0,5) 2,05 (0,73 | 5 | 0) 1,92 (0,84 | 6 | 0) 
P000064;-2,29;0,17;27;0,22;Sim/A/A02;-2,49;0,24;6;0,33
P000064;-2,29;0,17;27;0,22;Sim/A/A05;-2,12;0,24;5;0,6;Sim/A/A02 Sim/B/B01 Sim/B/B02 ;-2,49 (0,24 | 6 | 0,33) -2,3 (1,05 | 5 | 0) -2,29 (53,26 | 1 | 0) 
P000065;3,7;0,08;73;0,53;Sim/C/C04;4,33;0,25;10;0,7
P000065;3,7;0,08;73;0,53;Sim/C/C08;3,66;0,36;10;0
P000065;3,7;0,08;73;0,53;Sim/C/C09;3,71;0,35;10;0,2
P000065;3,7;0,08;73;0,53;Sim/C/C10;3,41;0,19;5;0,4;Sim/B/B01 Sim/B/B02 Sim/B/B03 Sim/C/C06 Sim/C/C07 Sim/C/C08 Sim/C/C10 ;2,36 (0,77 | 6 | 0,83) 3,26 (0,79 | 5 | 0,8) 2,13 (0,64 | 7 | 0,86) 3,55 (0,23 | 4 | 0,25) 3,6 (0,21 | 4 | 0,5) 3,66 (0,36 | 10 | 0) 3,41 (0,19 | 5 | 0,4) 
P000066;1,76;0,2;33;0,61;Sim/B/B02;1,96;0,3;10;0,6
P000066;1,76;0,2;33;0,61;Sim/B/B03;1,41;0,24;6;0,5;Sim/B/B03 Sim/B/B04 Sim/C/C04 Sim/C/C07 Sim/C/C10 ;1,41 (0,24 | 6 | 0,5) 1,71 (1,29 | 2 | 0) 1,76 (1,94 | 1 | 0) 1,75 (1,61 | 1 | 0) 1,76 (2,38 | 1 | 0) 
P000067;5,91;0,73;40;0,98;;;;;;Sim/B/B02 ;3,3 (0,83 | 5 | 0,8) 
P000068;0,08;0,09;82;0,52;Sim/A/A02;-0,46;0,25;8;0,63
P000068;0,08;0,09;82;0,52;Sim/A/A04;0,14;0,22;5;0,6
P000068;0,08;0,09;82;0,52;Sim/A/A06;-0,24;0,31;10;0,7
P000068;0,08;0,09;82;0,52;Sim/A/A07;-0,08;0,24;10;0,6
P000068;0,08;0,09;82;0,52;Sim/B/B01;0,27;0,27;10;0,5
P000068;0,08;0,09;82;0,52;Sim/B/B03;0,6;0,24;5;0,2
P000068;0,08;0,09;82;0,52;Sim/C/C01;0,16;0,26;10;0,8
P000068;0,08;0,09;82;0,52;Sim/C/C02;-0,01;0,23;10;0,4
P000068;0,08;0,09;82;0,52;Sim/C/C03;-0,4;0,33;10;0,2;Sim/A/A02 Sim/A/A06 Sim/A/A07 Sim/C/C02 Sim/C/C03 ;-0,46 (0,25 | 8 | 0,63) -0,24 (0,31 | 10 | 0,7) -0,08 (0,24 | 10 | 0,6) -0,01 (0,23 | 10 | 0,4) -0,4 (0,33 | 10 | 0,2) 
P000069;-1,5;0,13;48;0,29;Sim/A/A04;-1,9;0,41;10;0
P000069;-1,5;0,13;48;0,29;Sim/A/A05;-2,49;0,21;5;0,4
P000069;-1,5;0,13;48;0,29;Sim/A/A06;-1,16;0,21;6;0,33
P000069;-1,5;0,13;48;0,29;Sim/B/B01;-1,07;0,29;10;0,4
P000069;-1,5;0,13;48;0,29;Sim/C/C01;-1,09;0,24;6;0,5;Sim/A/A04 Sim/A/A05 Sim/B/B02 Sim/C/C02 ;-1,9 (0,41 | 10 | 0) -2,49 (0,21 | 5 | 0,4) -1,5 (5,09 | 1 | 0) -1,76 (0,94 | 6 | 0,17) 
P000070;-2,49;0,15;22;0,27;Sim/A/A02;-2,47;0,24;6;0,33
P000070;-2,49;0,15;22;0,27;Sim/A/A05;-2,5;0,19;6;0,5;Sim/A/A05 Sim/B/B01 ;-2,5 (0,19 | 6 | 0,5) -2,49 (1,24 | 5 | 0) 
P000071;2,87;0,11;48;0,46;Sim/B/B04;2,89;0,2;5;0,4
P000071;2,87;0,11;48;0,46;Sim/C/C10;2,59;0,4;10;0,2;Sim/C/C04 Sim/C/C06 Sim/C/C10 ;2,05 (0,73 | 5 | 0,2) 2,81 (0,84 | 5 | 0) 2,59 (0,4 | 10 | 0,2) 
P000072;-3,02;0,17;37;0,27;Sim/A/A01;-3,31;0,27;10;0,5
P000072;-3,02;0,17;37;0,27;Sim/A/A02;-2,49;0,24;6;0,33
P000072;-3,02;0,17;37;0,27;Sim/A/A05;-3,4;0,41;10;0,2;Sim/A/A01 Sim/A/A05 Sim/B/B01 Sim/B/B02 ;-3,31 (0,27 | 10 | 0,5) -3,4 (0,41 | 10 | 0,2) -3,02 (2,37 | 5 | 0) -3,02 (461,93 | 1 | 0) 
P000073;-1,08;0,09;54;0,31;Sim/A/A02;-0,82;0,23;10;0,5
P000073;-1,08;0,09;54;0,31;Sim/A/A04;-0,89;0,19;5;0,6
P000073;-1,08;0,09;54;0,31;Sim/A/A07;-1,01;0,24;8;0,38
P000073;-1,08;0,09;54;0,31;Sim/B/B01;-1,43;0,33;10;0,2
P000073;-1,08;0,09;54;0,31;Sim/C/C01;-1,48;0,32;10;0,2;Sim/A/A06 Sim/B/B01 Sim/B/B02 Sim/C/C01 Sim/C/C02 ;-1,14 (0,23 | 4 | 0,25) -1,43 (0,33 | 10 | 0,2) -1,43 (4,2 | 1 | 0) -1,48 (0,32 | 10 | 0,2) -1,44 (0,6 | 6 | 0,17) 
P000074;-2,23;0,15;32;0,22;Sim/A/A02;-2,2;0,23;7;0,43
P000074;-2,23;0,15;32;0,22;Sim/A/A05;-2,32;0,21;5;0,6
P000074;-2,23;0,15;32;0,22;Sim/B/B01;-1,59;0,37;10;0,1;Sim/A/A05 Sim/A/A06 ;-2,32 (0,21 | 5 | 0,6) -2,25 (0,96 | 5 | 0) 
P000075;-3,13;0,18;48;0,35;Sim/A/A01;-2,79;0,43;10;0,7
P000075;-3,13;0,18;48;0,35;Sim/A/A02;-3,17;0,44;10;0
P000075;-3,13;0,18;48;0,35;Sim/A/A03;-3,54;0,29;10;0,7
P000075;-3,13;0,18;48;0,35;Sim/A/A05;-3;0,24;6;0,33;Sim/A/A02 Sim/A/A03 Sim/B/B01 Sim/B/B02 ;-3,17 (0,44 | 10 | 0) -3,54 (0,29 | 10 | 0,7) -3,13 (2,92 | 5 | 0) -3,13 (643,1 | 1 | 0) 
P000076;-0,96;0,08;58;0,36;Sim/A/A02;-0,66;0,24;9;0,56
P000076;-0,96;0,08;58;0,36;Sim/B/B01;-0,45;0,25;8;0,5
P000076;-0,96;0,08;58;0,36;Sim/C/C01;-0,78;0,18;7;0,57
P000076;-0,96;0,08;58;0,36;Sim/C/C02;-1,27;0,42;10;0,3;Sim/A/A04 Sim/A/A06 Sim/A/A07 Sim/B/B02 Sim/C/C02 Sim/C/C03 ;-1,15 (0,2 | 4 | 0,5) -1,17 (0,24 | 4 | 0,25) -1,67 (1 | 5 | 0,2) -0,96 (0,62 | 5 | 0) -1,27 (0,42 | 10 | 0,3) -1,03 (0,53 | 6 | 0,17) 
P000077;2,83;0,11;55;0,42;Sim/C/C04;2,86;0,33;10;0,3
P000077;2,83;0,11;55;0,42;Sim/C/C05;2,72;0,28;10;0,1;Sim/C/C05 Sim/C/C07 Sim/C/C10 ;2,72 (0,28 | 10 | 0,1) 2,1 (0,83 | 5 | 0,2) 2,46 (0,51 | 10 | 0,1) 
P000078;-5,27;0,69;21;0;;;;;;;
P000079;2,49;0,18;38;0,55;Sim/B/B02;2,47;0,33;10;0,7
P000079;2,49;0,18;38;0,55;Sim/B/B04;2,72;0,21;5;0,4;Sim/B/B02 Sim/B/B03 Sim/C/C04 Sim/C/C07 ;2,47 (0,33 | 10 | 0,7) 2,31 (0,93 | 5 | 0,8) 2,05 (0,73 | 5 | 0) 2,02 (0,83 | 5 | 0) 
P000080;0,61;0,1;56;0,7;Sim/A/A02;0,83;0,39;10;0,9
P000080;0,61;0,1;56;0,7;Sim/B/B01;0,31;0,28;10;0,5
P000080;0,61;0,1;56;0,7;Sim/B/B02;0,49;0,23;5;0,6
P000080;0,61;0,1;56;0,7;Sim/B/B03;0,6;0,24;5;0,2
P000080;0,61;0,1;56;0,7;Sim/C/C01;0,32;0,32;10;0,8
P000080;0,61;0,1;56;0,7;Sim/C/C03;0,52;0,19;5;0,6;Sim/B/B01 Sim/B/B02 Sim/B/B03 Sim/C/C01 Sim/C/C03 ;0,31 (0,28 | 10 | 0,5) 0,49 (0,23 | 5 | 0,6) 0,6 (0,24 | 5 | 0,2) 0,32 (0,32 | 10 | 0,8) 0,52 (0,19 | 5 | 0,6) 
P000081;0,66;0,1;66;0,65;Sim/A/A02;-0,1;0,3;10;0,7
P000081;0,66;0,1;66;0,65;Sim/B/B01;0,84;0,25;10;0,5
P000081;0,66;0,1;66;0,65;Sim/B/B02;1,18;0,39;10;0,5
P000081;0,66;0,1;66;0,65;Sim/C/C02;0,63;0,29;10;0,7;Sim/A/A02 Sim/C/C02 Sim/C/C03 ;-0,1 (0,3 | 10 | 0,7) 0,63 (0,29 | 10 | 0,7) 0,25 (0,25 | 4 | 0,25) 
P000082;3,38;0,1;49;0,63;Sim/B/B04;2,85;0,21;5;0,4
P000082;3,38;0,1;49;0,63;Sim/C/C04;3,14;0,28;10;0,4
P000082;3,38;0,1;49;0,63;Sim/C/C07;4,05;0,24;7;0,86;Sim/B/B02 Sim/B/B04 Sim/C/C04 Sim/C/C05 Sim/C/C10 ;3,26 (0,79 | 5 | 0,8) 2,85 (0,21 | 5 | 0,4) 3,14 (0,28 | 10 | 0,4) 3,32 (0,22 | 4 | 0,5) 2,99 (0,24 | 4 | 0,25) 
P000083;-1,51;0,13;53;0,17;Sim/A/A02;-1,11;0,22;6;0,33
P000083;-1,51;0,13;53;0,17;Sim/B/B01;-1,31;0,31;10;0,3
P000083;-1,51;0,13;53;0,17;Sim/C/C01;-1,76;0,45;10;0,1;Sim/A/A04 Sim/A/A06 Sim/A/A07 Sim/B/B02 Sim/C/C01 ;-2,01 (0,54 | 7 | 0,14) -1,93 (0,65 | 8 | 0,13) -1,52 (0,67 | 5 | 0) -1,51 (5,27 | 1 | 0) -1,76 (0,45 | 10 | 0,1) 
P000084;-3,02;0,17;41;0,27;Sim/A/A01;-2,95;0,37;10;0,8
P000084;-3,02;0,17;41;0,27;Sim/A/A02;-2,87;0,28;10;0,1
P000084;-3,02;0,17;41;0,27;Sim/A/A05;-3,12;0,27;10;0,2;Sim/A/A05 Sim/A/A06 Sim/B/B01 Sim/B/B02 ;-3,12 (0,27 | 10 | 0,2) -3,02 (1,72 | 5 | 0) -3,02 (2,38 | 5 | 0) -3,02 (468,5 | 1 | 0) 
P000085;-2,53;0,14;28;0,36;Sim/A/A02;-2,47;0,24;6;0,33
P000085;-2,53;0,14;28;0,36;Sim/A/A05;-2,53;0,19;6;0,5;Sim/A/A01 Sim/A/A06 Sim/B/B01 ;-2,56 (0,56 | 6 | 0,83) -2,54 (1,13 | 5 | 0) -2,53 (1,3 | 5 | 0) 
P000086;0,86;0,1;59;0,59;Sim/A/A02;1,12;0,38;7;1
P000086;0,86;0,1;59;0,59;Sim/B/B01;0,79;0,26;10;0,5
P000086;0,86;0,1;59;0,59;Sim/B/B02;1,18;0,39;10;0,5
P000086;0,86;0,1;59;0,59;Sim/B/B03;0,19;0,32;10;0,1
P000086;0,86;0,1;59;0,59;Sim/C/C03;1,05;0,23;10;0,7;Sim/B/B01 Sim/B/B03 Sim/C/C07 ;0,79 (0,26 | 10 | 0,5) 0,19 (0,32 | 10 | 0,1) 0,86 (4,11 | 1 | 0) 
P000087;-0,67;0,08;64;0,45;Sim/A/A02;-0,9;0,24;6;0,5
P000087;-0,67;0,08;64;0,45;Sim/A/A04;-0,57;0,25;7;0,57
P000087;-0,67;0,08;64;0,45;Sim/A/A06;-0,21;0,33;10;0,8
P000087;-0,67;0,08;64;0,45;Sim/B/B01;-0,66;0,26;10;0,5
P000087;-0,67;0,08;64;0,45;Sim/B/B02;-0,49;0,24;9;0,22
P000087;-0,67;0,08;64;0,45;Sim/C/C01;-1,08;0,23;7;0,29
P000087;-0,67;0,08;64;0,45;Sim/C/C02;-0,63;0,22;5;0,4;Sim/A/A02 Sim/C/C01 Sim/C/C03 ;-0,9 (0,24 | 6 | 0,5) -1,08 (0,23 | 7 | 0,29) -1,03 (0,53 | 6 | 0,17) 
P000088;5,27;0,24;41;0,95;;;;;;Sim/C/C08 ;5,07 (0,22 | 4 | 0,75) 
P000089;-0,94;0,09;54;0,31;Sim/A/A02;-1,25;0,24;5;0,4
P000089;-0,94;0,09;54;0,31;Sim/B/B01;-0,94;0,28;10;0,4
P000089;-0,94;0,09;54;0,31;Sim/C/C01;-0,93;0,22;6;0,33
P000089;-0,94;0,09;54;0,31;Sim/C/C02;-0,27;0,23;5;0,4
P000089;-0,94;0,09;54;0,31;Sim/C/C03;-0,27;0,31;10;0,4;Sim/A/A02 Sim/A/A04 Sim/A/A07 Sim/B/B01 Sim/B/B02 ;-1,25 (0,24 | 5 | 0,4) -1,43 (0,25 | 4 | 0,25) -1,63 (0,97 | 6 | 0) -0,94 (0,28 | 10 | 0,4) -0,95 (0,6 | 5 | 0) 
P000090;1,62;0,17;45;0,71;Sim/B/B01;1,2;0,25;10;0,6
P000090;1,62;0,17;45;0,71;Sim/B/B02;1,76;0,36;10;0,5
P000090;1,62;0,17;45;0,71;Sim/C/C03;1,44;0,35;10;0,9;Sim/B/B01 Sim/C/C03 Sim/C/C04 Sim/C/C07 ;1,2 (0,25 | 10 | 0,6) 1,44 (0,35 | 10 | 0,9) 1,52 (1,75 | 2 | 0) 1,53 (2,01 | 1 | 0) 
P000091;0,2;0,09;73;0,62;Sim/A/A02;0,83;0,39;10;0,9
P000091;0,2;0,09;73;0,62;Sim/A/A04;-0,79;0,24;6;0,33
P000091;0,2;0,09;73;0,62;Sim/B/B01;1,14;0,24;10;0,5
P000091;0,2;0,09;73;0,62;Sim/B/B02;0,11;0,19;8;0,38
P000091;0,2;0,09;73;0,62;Sim/C/C02;-0,06;0,25;6;0,5
P000091;0,2;0,09;73;0,62;Sim/C/C03;0,28;0,2;9;0,56;Sim/A/A04 Sim/A/A06 Sim/B/B02 Sim/C/C01 Sim/C/C02 ;-0,79 (0,24 | 6 | 0,33) 0,08 (0,54 | 9 | 0,89) 0,11 (0,19 | 8 | 0,38) -0,37 (0,22 | 4 | 0,5) -0,06 (0,25 | 6 | 0,5) 
P000092;0,14;0,09;74;0,55;Sim/A/A02;0,41;0,35;10;0,8
P000092;0,14;0,09;74;0,55;Sim/A/A04;0,46;0,28;10;0,7
P000092;0,14;0,09;74;0,55;Sim/B/B01;-0,48;0,25;9;0,56
P000092;0,14;0,09;74;0,55;Sim/B/B02;0,53;0,24;6;0,67
P000092;0,14;0,09;74;0,55;Sim/B/B03;0,13;0,35;10;0,1
P000092;0,14;0,09;74;0,55;Sim/C/C02;0,51;0,3;10;0,6
P000092;0,14;0,09;74;0,55;Sim/C/C03;-0,36;0,32;10;0,3;Sim/B/B01 Sim/B/B03 Sim/C/C01 Sim/C/C03 ;-0,48 (0,25 | 9 | 0,56) 0,13 (0,35 | 10 | 0,1) -0,2 (0,22 | 4 | 0,5) -0,36 (0,32 | 10 | 0,3) 
P000093;-1,66;0,13;52;0,23;Sim/A/A02;-1,54;0,24;6;0,5
P000093;-1,66;0,13;52;0,23;Sim/A/A04;-1,94;0,44;10;0,1
P000093;-1,66;0,13;52;0,23;Sim/B/B01;-1,44;0,33;10;0,2
P000093;-1,66;0,13;52;0,23;Sim/C/C01;-1,12;0,24;6;0,5;Sim/A/A04 Sim/A/A05 Sim/A/A06 Sim/B/B02 Sim/C/C02 ;-1,94 (0,44 | 10 | 0,1) -2,15 (0,25 | 3 | 0,67) -1,88 (0,54 | 10 | 0,1) -1,66 (8,28 | 1 | 0) -1,76 (0,94 | 6 | 0) 
P000094;1,73;0,2;32;0,66;Sim/B/B02;1,67;0,39;10;0,5
P000094;1,73;0,2;32;0,66;Sim/B/B03;1,45;0,24;6;0,67;Sim/B/B02 Sim/B/B03 Sim/B/B04 Sim/C/C04 Sim/C/C07 Sim/C/C10 ;1,67 (0,39 | 10 | 0,5) 1,45 (0,24 | 6 | 0,67) 1,68 (1,92 | 1 | 0) 1,73 (2,03 | 1 | 0) 1,72 (1,66 | 1 | 0) 1,73 (2,51 | 1 | 0) 
P000095;0,83;0,1;62;0,71;Sim/A/A02;0,41;0,35;10;0,8
P000095;0,83;0,1;62;0,71;Sim/B/B01;0,7;0,28;10;0,5
P000095;0,83;0,1;62;0,71;Sim/B/B02;0,85;0,28;10;0,6
P000095;0,83;0,1;62;0,71;Sim/B/B03;0,67;0,21;6;0,5
P000095;0,83;0,1;62;0,71;Sim/C/C02;1,33;0,43;10;0,9
P000095;0,83;0,1;62;0,71;Sim/C/C03;0,99;0,25;6;0,67;Sim/A/A02 Sim/B/B01 Sim/B/B03 ;0,41 (0,35 | 10 | 0,8) 0,7 (0,28 | 10 | 0,5) 0,67 (0,21 | 6 | 0,5) 
P000096;5,97;0,77;41;1;;;;;;;
P000097;1,62;0,18;38;0,61;Sim/B/B02;0,9;0,34;10;0,4
P000097;1,62;0,18;38;0,61;Sim/B/B03;1,65;0,28;10;0,6
P000097;1,62;0,18;38;0,61;Sim/C/C03;1,67;0,49;7;1;Sim/B/B02 Sim/B/B04 Sim/C/C04 Sim/C/C07 Sim/C/C10 ;0,9 (0,34 | 10 | 0,4) 1,56 (2,21 | 1 | 0) 1,62 (2,35 | 1 | 0) 1,62 (1,83 | 1 | 0) 1,62 (2,96 | 1 | 0) 
P000098;3,42;0,09;54;0,59;Sim/B/B04;3,75;0,29;10;0,7
P000098;3,42;0,09;54;0,59;Sim/C/C04;3,91;0,24;8;0,5
P000098;3,42;0,09;54;0,59;Sim/C/C05;2,93;0,23;8;0,38
P000098;3,42;0,09;54;0,59;Sim/C/C06;3,57;0,22;5;0,2;Sim/B/B01 Sim/B/B03 Sim/C/C05 Sim/C/C07 ;2,86 (1,28 | 5 | 0,8) 2,23 (0,89 | 5 | 0,8) 2,93 (0,23 | 8 | 0,38) 3,19 (0,23 | 4 | 0,5) 
P000099;1,65;0,18;41;0,68;Sim/B/B01;1,43;0,31;10;0,7
P000099;1,65;0,18;41;0,68;Sim/B/B02;1,18;0,39;10;0,5
P000099;1,65;0,18;41;0,68;Sim/B/B03;2,05;0,49;10;0,8
P000099;1,65;0,18;41;0,68;Sim/C/C03;1,7;0,5;8;1;Sim/B/B01 Sim/B/B02 Sim/C/C04 Sim/C/C07 Sim/C/C10 ;1,43 (0,31 | 10 | 0,7) 1,18 (0,39 | 10 | 0,5) 1,65 (2,26 | 1 | 0) 1,65 (1,78 | 1 | 0) 1,65 (2,83 | 1 | 0) 
P000100;-0,48;0,08;74;0,45;Sim/A/A02;-0,08;0,3;10;0,7
P000100;-0,48;0,08;74;0,45;Sim/A/A04;-0,33;0,25;7;0,57
P000100;-0,48;0,08;74;0,45;Sim/A/A06;-1,06;0,18;6;0,33
P000100;-0,48;0,08;74;0,45;Sim/A/A07;-0,08;0,25;10;0,6
P000100;-0,48;0,08;74;0,45;Sim/B/B01;-0,82;0,27;10;0,4
P000100;-0,48;0,08;74;0,45;Sim/B/B02;-0,89;0,48;10;0,1
P000100;-0,48;0,08;74;0,45;Sim/C/C01;-0,43;0,21;6;0,5
P000100;-0,48;0,08;74;0,45;Sim/C/C02;0,3;0,3;10;0,6;Sim/A/A06 Sim/B/B01 Sim/B/B02 Sim/C/C03 ;-1,06 (0,18 | 6 | 0,33) -0,82 (0,27 | 10 | 0,4) -0,89 (0,48 | 10 | 0,1) -1,89 (1,27 | 5 | 0) 
P000101;-0,45;0,08;63;0,48;Sim/A/A02;-0,33;0,26;10;0,6
P000101;-0,45;0,08;63;0,48;Sim/A/A04;-1,04;0,18;5;0,4
P000101;-0,45;0,08;63;0,48;Sim/A/A06;-0,84;0,18;5;0,6
P000101;-0,45;0,08;63;0,48;Sim/A/A07;-0,21;0,23;8;0,63
P000101;-0,45;0,08;63;0,48;Sim/B/B01;-0,18;0,25;5;0,4
P000101;-0,45;0,08;63;0,48;Sim/B/B02;-0,14;0,22;5;0,4
P000101;-0,45;0,08;63;0,48;Sim/C/C01;-0,66;0,18;6;0,5
P000101;-0,45;0,08;63;0,48;Sim/C/C02;-0,29;0,23;5;0,6
P000101;-0,45;0,08;63;0,48;Sim/C/C03;0,12;0,23;9;0,44;Sim/A/A04 Sim/A/A06 Sim/B/B03 Sim/C/C01 ;-1,04 (0,18 | 5 | 0,4) -0,84 (0,18 | 5 | 0,6) -0,45 (0,94 | 5 | 0) -0,66 (0,18 | 6 | 0,5) 
P000102;-4,59;0,17;25;0,12;Sim/A/A01;-4,66;0,25;5;0,2;Sim/A/A01 Sim/A/A02 Sim/B/B01 Sim/B/B02 ;-4,66 (0,25 | 5 | 0,2) -4,59 (3,95 | 5 | 0) -4,59 (5,4 | 5 | 0) -4,59 (49206,24 | 1 | 0) 
P000103;-2,29;0,14;31;0,32;Sim/A/A02;-2,87;0,28;10;0,1
P000103;-2,29;0,14;31;0,32;Sim/A/A05;-1,54;0,45;10;0,9;Sim/A/A02 Sim/A/A06 Sim/B/B01 Sim/B/B02 ;-2,87 (0,28 | 10 | 0,1) -2,3 (1,04 | 5 | 0) -2,3 (1,04 | 5 | 0) -2,29 (53,45 | 1 | 0) 
P000104;3,08;0,09;54;0,44;Sim/B/B04;2,7;0,23;5;0,2
P000104;3,08;0,09;54;0,44;Sim/C/C04;3,76;0,24;7;0,57
P000104;3,08;0,09;54;0,44;Sim/C/C06;3,15;0,36;10;0
P000104;3,08;0,09;54;0,44;Sim/C/C10;3,33;0,16;6;0,5;Sim/B/B03 Sim/B/B04 Sim/C/C05 ;2,23 (0,89 | 5 | 0,8) 2,7 (0,23 | 5 | 0,2) 2,12 (0,9 | 7 | 0) 
P000105;-0,36;0,08;69;0,46;Sim/A/A02;-0,34;0,25;10;0,6
P000105;-0,36;0,08;69;0,46;Sim/A/A04;-0,89;0,19;7;0,43
P000105;-0,36;0,08;69;0,46;Sim/A/A07;-0,08;0,26;10;0,7
P000105;-0,36;0,08;69;0,46;Sim/B/B01;-0,05;0,22;10;0,4
P000105;-0,36;0,08;69;0,46;Sim/B/B02;-0,37;0,24;5;0,2
P000105;-0,36;0,08;69;0,46;Sim/C/C02;-0,29;0,23;5;0,6
P000105;-0,36;0,08;69;0,46;Sim/C/C03;0,02;0,25;10;0,4;Sim/A/A04 Sim/A/A06 Sim/B/B02 Sim/B/B03 Sim/C/C01 ;-0,89 (0,19 | 7 | 0,43) -0,65 (0,22 | 3 | 0,67) -0,37 (0,24 | 5 | 0,2) -0,36 (0,88 | 5 | 0) -0,57 (0,22 | 4 | 0,5) 
P000106;-0,58;0,08;66;0,41;Sim/A/A02;-0,5;0,24;10;0,5
P000106;-0,58;0,08;66;0,41;Sim/A/A04;-1,17;0,2;7;0,29
P000106;-0,58;0,08;66;0,41;Sim/A/A07;0,06;0,31;10;0,7
P000106;-0,58;0,08;66;0,41;Sim/B/B01;-0,83;0,27;10;0,4
P000106;-0,58;0,08;66;0,41;Sim/C/C02;-0,27;0,23;5;0,4
P000106;-0,58;0,08;66;0,41;Sim/C/C03;-0,22;0,31;10;0,3;Sim/A/A04 Sim/A/A06 Sim/B/B01 Sim/B/B02 ;-1,17 (0,2 | 7 | 0,29) -0,66 (0,22 | 3 | 0,67) -0,83 (0,27 | 10 | 0,4) -0,96 (0,59 | 7 | 0) 
P000107;3,1;0,09;54;0,5;Sim/B/B04;3,63;0,25;10;0,8
P000107;3,1;0,09;54;0,5;Sim/C/C04;3,5;0,25;8;0,38
P000107;3,1;0,09;54;0,5;Sim/C/C05;3,01;0,21;6;0,33;Sim/B/B01 Sim/B/B03 Sim/C/C05 Sim/C/C07 Sim/C/C10 ;2,19 (0,74 | 5 | 0,8) 2,23 (0,89 | 5 | 0,8) 3,01 (0,21 | 6 | 0,33) 2,1 (0,83 | 5 | 0,2) 2,46 (0,51 | 10 | 0,1) 
P000108;0,18;0,09;82;0,62;Sim/A/A02;-0,12;0,3;10;0,7
P000108;0,18;0,09;82;0,62;Sim/B/B01;-0,09;0,24;6;0,5
P000108;0,18;0,09;82;0,62;Sim/B/B02;0,04;0,21;6;0,5
P000108;0,18;0,09;82;0,62;Sim/B/B03;0,21;0,31;10;0,1
P000108;0,18;0,09;82;0,62;Sim/C/C01;0,61;0,46;10;0,9
P000108;0,18;0,09;82;0,62;Sim/C/C02;0,07;0,25;9;0,56
P000108;0,18;0,09;82;0,62;Sim/C/C03;-0,12;0,3;10;0,4;Sim/A/A02 Sim/B/B01 Sim/B/B02 Sim/C/C02 Sim/C/C03 ;-0,12 (0,3 | 10 | 0,7) -0,09 (0,24 | 6 | 0,5) 0,04 (0,21 | 6 | 0,5) 0,07 (0,25 | 9 | 0,56) -0,12 (0,3 | 10 | 0,4) 
P000109;1;0,1;64;0,72;Sim/A/A02;1,38;0,46;10;1
P000109;1;0,1;64;0,72;Sim/A/A04;0,68;0,38;10;0,8
P000109;1;0,1;64;0,72;Sim/B/B01;0,94;0,25;8;0,63
P000109;1;0,1;64;0,72;Sim/B/B02;1,6;0,42;10;0,5
P000109;1;0,1;64;0,72;Sim/B/B03;0,38;0,24;9;0,22
P000109;1;0,1;64;0,72;Sim/C/C03;1,41;0,33;10;1;Sim/A/A04 Sim/B/B01 Sim/B/B03 Sim/C/C07 ;0,68 (0,38 | 10 | 0,8) 0,94 (0,25 | 8 | 0,63) 0,38 (0,24 | 9 | 0,22) 1 (3,55 | 1 | 0) 
P000110;0,29;0,1;67;0,64;Sim/A/A02;0,24;0,34;10;0,8
P000110;0,29;0,1;67;0,64;Sim/B/B01;-0,18;0,25;5;0,4
P000110;0,29;0,1;67;0,64;Sim/B/B02;0,32;0,22;5;0,6
P000110;0,29;0,1;67;0,64;Sim/B/B03;0,06;0,39;10;0,1
P000110;0,29;0,1;67;0,64;Sim/C/C01;0,02;0,24;8;0,63
P000110;0,29;0,1;67;0,64;Sim/C/C02;-0,29;0,23;5;0,6
P000110;0,29;0,1;67;0,64;Sim/C/C03;0,73;0,21;6;0,67;Sim/A/A02 Sim/B/B01 Sim/B/B03 Sim/C/C01 Sim/C/C02 ;0,24 (0,34 | 10 | 0,8) -0,18 (0,25 | 5 | 0,4) 0,06 (0,39 | 10 | 0,1) 0,02 (0,24 | 8 | 0,63) -0,29 (0,23 | 5 | 0,6) 
P000111;0,18;0,09;69;0,55;Sim/A/A02;0,24;0,34;10;0,8
P000111;0,18;0,09;69;0,55;Sim/A/A07;-0,16;0,24;9;0,78
P000111;0,18;0,09;69;0,55;Sim/B/B01;0,43;0,3;10;0,5
P000111;0,18;0,09;69;0,55;Sim/B/B02;0,29;0,22;5;0,4
P000111;0,18;0,09;69;0,55;Sim/B/B03;0,16;0,33;10;0
P000111;0,18;0,09;69;0,55;Sim/C/C01;0,61;0,46;10;0,9
P000111;0,18;0,09;69;0,55;Sim/C/C02;-0,11;0,23;9;0,44;Sim/A/A04 Sim/A/A07 Sim/B/B03 Sim/C/C02 ;0,17 (0,24 | 3 | 0,67) -0,16 (0,24 | 9 | 0,78) 0,16 (0,33 | 10 | 0) -0,11 (0,23 | 9 | 0,44) 
P000112;3,11;0,1;53;0,47;Sim/C/C04;3,5;0,25;7;0,57
P000112;3,11;0,1;53;0,47;Sim/C/C07;2,99;0,24;6;0,33
P000112;3,11;0,1;53;0,47;Sim/C/C10;2,76;0,31;10;0,2;Sim/B/B03 Sim/C/C06 Sim/C/C07 Sim/C/C10 ;2,23 (0,89 | 5 | 0,8) 2,9 (0,65 | 7 | 0) 2,99 (0,24 | 6 | 0,33) 2,76 (0,31 | 10 | 0,2) 
P000113;2,71;0,12;57;0,4;Sim/B/B04;2,62;0,21;10;0,2
P000113;2,71;0,12;57;0,4;Sim/C/C04;2,77;0,35;10;0,3
P000113;2,71;0,12;57;0,4;Sim/C/C05;2,87;0,25;7;0,29
P000113;2,71;0,12;57;0,4;Sim/C/C10;2,6;0,4;10;0,2;Sim/B/B03 Sim/B/B04 Sim/C/C07 Sim/C/C10 ;2,31 (0,93 | 5 | 0,8) 2,62 (0,21 | 10 | 0,2) 2,1 (0,83 | 5 | 0,2) 2,6 (0,4 | 10 | 0,2) 
P000114;1,94;0,19;52;0,5;Sim/B/B01;1,8;0,43;10;0,9
P000114;1,94;0,19;52;0,5;Sim/B/B02;2,18;0,3;10;0,6
P000114;1,94;0,19;52;0,5;Sim/B/B03;1,64;0,28;10;0,7
P000114;1,94;0,19;52;0,5;Sim/C/C07;2,46;0,4;10;0,2;Sim/B/B01 Sim/B/B03 Sim/B/B04 Sim/C/C04 ;1,8 (0,43 | 10 | 0,9) 1,64 (0,28 | 10 | 0,7) 1,76 (0,88 | 5 | 0) 1,91 (0,83 | 5 | 0) 
P000115;1,52;0,15;53;0,74;Sim/B/B01;1,89;0,46;10;0,8
P000115;1,52;0,15;53;0,74;Sim/B/B02;0,81;0,26;10;0,5
P000115;1,52;0,15;53;0,74;Sim/B/B03;1,63;0,28;10;0,7
P000115;1,52;0,15;53;0,74;Sim/C/C03;1,58;0,41;10;1;Sim/A/A04 Sim/B/B02 Sim/C/C04 Sim/C/C07 Sim/C/C10 ;0,92 (0,55 | 7 | 0,86) 0,81 (0,26 | 10 | 0,5) 1,52 (2,7 | 1 | 0) 1,52 (2,02 | 1 | 0) 1,52 (3,45 | 1 | 0) 
P000116;4,66;0,12;68;0,84;Sim/B/B04;3,91;0,36;10;0,9
P000116;4,66;0,12;68;0,84;Sim/C/C04;4,79;0,33;10;1
P000116;4,66;0,12;68;0,84;Sim/C/C06;4,3;0,21;6;0,67
P000116;4,66;0,12;68;0,84;Sim/C/C08;4,43;0,22;5;0,4
P000116;4,66;0,12;68;0,84;Sim/C/C10;4,42;0,33;10;0,8;Sim/B/B02 Sim/B/B03 Sim/B/B04 Sim/C/C06 Sim/C/C08 Sim/C/C10 ;3,3 (0,83 | 5 | 0,8) 2,23 (0,89 | 5 | 0,8) 3,91 (0,36 | 10 | 0,9) 4,3 (0,21 | 6 | 0,67) 4,43 (0,22 | 5 | 0,4) 4,42 (0,33 | 10 | 0,8) 
P000117;-3,47;0,21;28;0,32;Sim/A/A01;-3,69;0,23;6;0,5;Sim/A/A01 Sim/A/A02 Sim/A/A06 Sim/B/B01 Sim/B/B02 ;-3,69 (0,23 | 6 | 0,5) -3,48 (0,87 | 5 | 0) -3,47 (2,29 | 5 | 0) -3,47 (3,84 | 5 | 0) -3,47 (1764,94 | 1 | 0) 
P000118;0,65;0,1;74;0,7;Sim/A/A02;0,24;0,34;10;0,8
P000118;0,65;0,1;74;0,7;Sim/A/A04;0,68;0,38;10;0,8
P000118;0,65;0,1;74;0,7;Sim/B/B01;1,07;0,24;7;0,57
P000118;0,65;0,1;74;0,7;Sim/B/B02;0,79;0,26;10;0,5
P000118;0,65;0,1;74;0,7;Sim/B/B03;0,53;0,23;6;0,33
P000118;0,65;0,1;74;0,7;Sim/C/C01;0,66;0,48;10;0,9
P000118;0,65;0,1;74;0,7;Sim/C/C02;0,6;0,29;10;0,7;Sim/A/A02 Sim/B/B03 Sim/C/C02 Sim/C/C03 ;0,24 (0,34 | 10 | 0,8) 0,53 (0,23 | 6 | 0,33) 0,6 (0,29 | 10 | 0,7) 0,53 (0,2 | 4 | 0,5) 
P000119;1,49;0,16;46;0,72;Sim/B/B01;1,43;0,31;10;0,7
P000119;1,49;0,16;46;0,72;Sim/B/B02;1,32;0,43;10;0,6
P000119;1,49;0,16;46;0,72;Sim/C/C03;1,15;0,25;10;0,8;Sim/B/B01 Sim/B/B02 Sim/C/C03 Sim/C/C04 Sim/C/C07 ;1,43 (0,31 | 10 | 0,7) 1,32 (0,43 | 10 | 0,6) 1,15 (0,25 | 10 | 0,8) 1,49 (1,78 | 2 | 0) 1,49 (2,09 | 1 | 0) 
P000120;1,68;0,19;34;0,68;Sim/B/B02;1,37;0,44;10;0,6
P000120;1,68;0,19;34;0,68;Sim/B/B03;1,46;0,25;7;0,57;Sim/B/B02 Sim/B/B03 Sim/B/B04 ;1,37 (0,44 | 10 | 0,6) 1,46 (0,25 | 7 | 0,57) 1,67 (1,93 | 1 | 0) 
P000121;-0,02;0,09;70;0,53;Sim/A/A02;-0,08;0,3;10;0,7
P000121;-0,02;0,09;70;0,53;Sim/B/B01;0,05;0,24;6;0,67
P000121;-0,02;0,09;70;0,53;Sim/B/B02;-0,14;0,22;5;0,4
P000121;-0,02;0,09;70;0,53;Sim/B/B03;-0,03;0,45;9;0
P000121;-0,02;0,09;70;0,53;Sim/C/C02;0,13;0,25;10;0,5;Sim/A/A02 Sim/A/A04 Sim/B/B02 Sim/B/B03 Sim/C/C03 ;-0,08 (0,3 | 10 | 0,7) -0,13 (0,24 | 3 | 0,33) -0,14 (0,22 | 5 | 0,4) -0,03 (0,45 | 9 | 0) -1,29 (0,77 | 7 | 0) 
P000122;-3,3;0,18;45;0,31;Sim/A/A01;-3,45;0,25;10;0,5
P000122;-3,3;0,18;45;0,31;Sim/A/A05;-3,16;0,28;10;0,1;Sim/A/A01 Sim/A/A02 Sim/A/A06 Sim/B/B01 Sim/B/B02 ;-3,45 (0,25 | 10 | 0,5) -3,32 (0,63 | 5 | 0) -3,3 (2,06 | 5 | 0) -3,3 (3,37 | 5 | 0) -3,3 (1073,89 | 1 | 0) 
P000123;1,72;0,19;62;0,4;Sim/B/B01;1,57;0,36;10;0,9
P000123;1,72;0,19;62;0,4;Sim/B/B02;1,83;0,34;10;0,6
P000123;1,72;0,19;62;0,4;Sim/B/B03;1,41;0,24;6;0,5
P000123;1,72;0,19;62;0,4;Sim/C/C04;2,39;0,48;10;0,1
P000123;1,72;0,19;62;0,4;Sim/C/C07;2,35;0,45;10;0,1;Sim/B/B01 Sim/B/B03 Sim/B/B04 Sim/C/C05 Sim/C/C10 ;1,57 (0,36 | 10 | 0,9) 1,41 (0,24 | 6 | 0,5) 1,54 (2,42 | 1 | 0) 1,72 (2,18 | 5 | 0) 1,71 (1,49 | 5 | 0) 
P000124;4,66;0,11;68;0,79;Sim/C/C04;4,61;0,28;10;0,8
P000124;4,66;0,11;68;0,79;Sim/C/C07;4,57;0,44;10;0,8
P000124;4,66;0,11;68;0,79;Sim/C/C08;4,58;0,19;5;0,4
P000124;4,66;0,11;68;0,79;Sim/C/C09;4,8;0,19;10;0,7
P000124;4,66;0,11;68;0,79;Sim/C/C10;4,27;0,28;10;0,8;Sim/B/B01 Sim/B/B02 Sim/C/C04 Sim/C/C07 Sim/C/C08 Sim/C/C10 ;2,86 (1,28 | 5 | 0,8) 4,03 (1,72 | 5 | 0,8) 4,61 (0,28 | 10 | 0,8) 4,57 (0,44 | 10 | 0,8) 4,58 (0,19 | 5 | 0,4) 4,27 (0,28 | 10 | 0,8) 
P000125;-5,27;0,69;21;0;;;;;;;
P000126;-0,57;0,08;63;0,38;Sim/A/A02;-0,54;0,25;8;0,5
P000126;-0,57;0,08;63;0,38;Sim/A/A04;-0,08;0,22;5;0,6
P000126;-0,57;0,08;63;0,38;Sim/A/A06;-0,58;0,2;6;0,67
P000126;-0,57;0,08;63;0,38;Sim/A/A07;-0,71;0,19;5;0,4
P000126;-0,57;0,08;63;0,38;Sim/B/B01;-0,46;0,25;8;0,5
P000126;-0,57;0,08;63;0,38;Sim/B/B02;-0,74;0,36;10;0
P000126;-0,57;0,08;63;0,38;Sim/C/C01;-0,51;0,2;5;0,6
P000126;-0,57;0,08;63;0,38;Sim/C/C02;-0,75;0,23;6;0,33
P000126;-0,57;0,08;63;0,38;Sim/C/C03;-0,42;0,32;10;0,2;Sim/A/A06 Sim/A/A07 Sim/B/B02 Sim/C/C02 ;-0,58 (0,2 | 6 | 0,67) -0,71 (0,19 | 5 | 0,4) -0,74 (0,36 | 10 | 0) -0,75 (0,23 | 6 | 0,33) 
P000127;1,03;0,11;60;0,68;Sim/A/A02;0,83;0,39;10;0,9
P000127;1,03;0,11;60;0,68;Sim/B/B01;0,94;0,24;9;0,56
P000127;1,03;0,11;60;0,68;Sim/B/B02;0,81;0,26;10;0,5
P000127;1,03;0,11;60;0,68;Sim/B/B03;1,54;0,25;9;0,67
P000127;1,03;0,11;60;0,68;Sim/C/C02;0,84;0,3;10;0,7
P000127;1,03;0,11;60;0,68;Sim/C/C03;0,83;0,2;7;0,57;Sim/A/A02 Sim/B/B01 Sim/B/B02 Sim/C/C02 Sim/C/C03 ;0,83 (0,39 | 10 | 0,9) 0,94 (0,24 | 9 | 0,56) 0,81 (0,26 | 10 | 0,5) 0,84 (0,3 | 10 | 0,7) 0,83 (0,2 | 7 | 0,57) 
P000128;-3,24;0,21;36;0,33;Sim/A/A03;-3,25;0,39;10;0,8;Sim/A/A02 Sim/A/A03 Sim/A/A05 Sim/A/A06 Sim/B/B01 Sim/B/B02 ;-3,27 (0,57 | 5 | 0) -3,25 (0,39 | 10 | 0,8) -3,91 (1,06 | 5 | 0) -3,24 (1,98 | 5 | 0) -3,24 (3,2 | 5 | 0) -3,24 (893,92 | 1 | 0) 
P000129;2,77;0,12;50;0,38;;;;;;Sim/C/C04 Sim/C/C05 Sim/C/C06 Sim/C/C10 ;2,05 (0,73 | 5 | 0,2) 2,09 (0,9 | 8 | 0) 2,63 (1,02 | 5 | 0) 2,46 (0,51 | 10 | 0,1) 
P000130;0,77;0,1;67;0,67;Sim/A/A02;0,83;0,39;10;0,9
P000130;0,77;0,1;67;0,67;Sim/B/B01;1,08;0,25;7;0,43
P000130;0,77;0,1;67;0,67;Sim/B/B02;1,18;0,39;10;0,5
P000130;0,77;0,1;67;0,67;Sim/B/B03;1;0,19;6;0,5
P000130;0,77;0,1;67;0,67;Sim/C/C01;0,61;0,46;10;0,9
P000130;0,77;0,1;67;0,67;Sim/C/C02;0,19;0,27;10;0,5;Sim/A/A04 Sim/C/C01 Sim/C/C02 Sim/C/C03 ;0,11 (0,22 | 4 | 0,5) 0,61 (0,46 | 10 | 0,9) 0,19 (0,27 | 10 | 0,5) 0,65 (0,23 | 3 | 0,67) 
P000131;3,74;0,09;69;0,59;Sim/C/C04;3,17;0,28;10;0,4
P000131;3,74;0,09;69;0,59;Sim/C/C08;4,21;0,21;9;0,33
P000131;3,74;0,09;69;0,59;Sim/C/C09;4,01;0,23;10;0,2
P000131;3,74;0,09;69;0,59;Sim/C/C10;3,62;0,2;5;0,6;Sim/C/C04 Sim/C/C06 Sim/C/C07 Sim/C/C10 ;3,17 (0,28 | 10 | 0,4) 3,62 (0,24 | 3 | 0) 3,4 (0,23 | 4 | 0,5) 3,62 (0,2 | 5 | 0,6) 
P000132;-0,28;0,08;72;0,46;Sim/A/A02;0,24;0,34;10;0,8
P000132;-0,28;0,08;72;0,46;Sim/A/A07;-0,09;0,26;10;0,6
P000132;-0,28;0,08;72;0,46;Sim/B/B01;0,05;0,24;6;0,67
P000132;-0,28;0,08;72;0,46;Sim/B/B02;-0,14;0,22;5;0,4
P000132;-0,28;0,08;72;0,46;Sim/C/C01;0,01;0,24;8;0,63
P000132;-0,28;0,08;72;0,46;Sim/C/C02;-0,99;0,28;10;0,3
P000132;-0,28;0,08;72;0,46;Sim/C/C03;-0,64;0,34;10;0,2;Sim/A/A06 Sim/B/B03 Sim/C/C02 Sim/C/C03 ;-0,74 (0,19 | 4 | 0,5) -0,29 (0,73 | 6 | 0) -0,99 (0,28 | 10 | 0,3) -0,64 (0,34 | 10 | 0,2) 
P000133;0,65;0,1;65;0,69;Sim/A/A02;-0,08;0,3;10;0,7
P000133;0,65;0,1;65;0,69;Sim/A/A04;0,68;0,38;10;0,8
P000133;0,65;0,1;65;0,69;Sim/A/A07;0,11;0,33;10;0,8
P000133;0,65;0,1;65;0,69;Sim/B/B01;0,59;0,3;10;0,6
P000133;0,65;0,1;65;0,69;Sim/C/C02;0,85;0,3;10;0,8
P000133;0,65;0,1;65;0,69;Sim/C/C03;0,83;0,2;7;0,57;Sim/A/A02 Sim/A/A07 Sim/B/B01 Sim/B/B02 ;-0,08 (0,3 | 10 | 0,7) 0,11 (0,33 | 10 | 0,8) 0,59 (0,3 | 10 | 0,6) 0,51 (0,25 | 4 | 0,5) 
P000134;1,02;0,11;69;0,72;Sim/A/A02;0,24;0,34;10;0,8
P000134;1,02;0,11;69;0,72;Sim/A/A04;0,68;0,38;10;0,8
P000134;1,02;0,11;69;0,72;Sim/B/B01;1,63;0,38;10;0,8
P000134;1,02;0,11;69;0,72;Sim/B/B02;1,18;0,39;10;0,5
P000134;1,02;0,11;69;0,72;Sim/B/B03;0,77;0,22;5;0,4
P000134;1,02;0,11;69;0,72;Sim/C/C03;1,05;0,23;10;0,7;Sim/A/A02 Sim/A/A04 Sim/B/B03 Sim/C/C07 ;0,24 (0,34 | 10 | 0,8) 0,68 (0,38 | 10 | 0,8) 0,77 (0,22 | 5 | 0,4) 1,02 (3,44 | 1 | 0) 
P000135;0,06;0,09;78;0,49;Sim/A/A02;-0,1;0,3;10;0,7
P000135;0,06;0,09;78;0,49;Sim/B/B01;0,4;0,3;10;0,5
P000135;0,06;0,09;78;0,49;Sim/B/B03;0,16;0,33;10;0
P000135;0,06;0,09;78;0,49;Sim/C/C01;0,16;0,26;10;0,7
P000135;0,06;0,09;78;0,49;Sim/C/C02;0,07;0,25;9;0,56
P000135;0,06;0,09;78;0,49;Sim/C/C03;-0,59;0,33;10;0,1;Sim/A/A02 Sim/A/A04 Sim/C/C03 ;-0,1 (0,3 | 10 | 0,7) -0,13 (0,24 | 3 | 0,33) -0,59 (0,33 | 10 | 0,1) 
P000136;0,03;0,09;86;0,56;Sim/A/A02;-0,07;0,31;10;0,7
P000136;0,03;0,09;86;0,56;Sim/A/A04;-0,59;0,25;7;0,43
P000136;0,03;0,09;86;0,56;Sim/A/A07;-0,07;0,26;10;0,6
P000136;0,03;0,09;86;0,56;Sim/B/B01;0,43;0,3;10;0,5
P000136;0,03;0,09;86;0,56;Sim/B/B03;0,01;0,42;10;0
P000136;0,03;0,09;86;0,56;Sim/C/C01;0,18;0,27;10;0,9
P000136;0,03;0,09;86;0,56;Sim/C/C02;0,17;0,27;10;0,5
P000136;0,03;0,09;86;0,56;Sim/C/C03;0,14;0,24;8;0,5;Sim/A/A02 Sim/A/A04 Sim/A/A07 Sim/B/B03 ;-0,07 (0,31 | 10 | 0,7) -0,59 (0,25 | 7 | 0,43) -0,07 (0,26 | 10 | 0,6) 0,01 (0,42 | 10 | 0) 
P000137;1,36;0,13;60;0,78;Sim/B/B01;1,8;0,43;10;0,9
P000137;1,36;0,13;60;0,78;Sim/B/B02;1,63;0,4;10;0,5
P000137;1,36;0,13;60;0,78;Sim/B/B03;1,42;0,24;6;0,67
P000137;1,36;0,13;60;0,78;Sim/C/C02;1,18;0,36;10;0,9
P000137;1,36;0,13;60;0,78;Sim/C/C03;0,99;0,22;10;0,7;Sim/A/A04 Sim/C/C02 Sim/C/C03 ;0,99 (0,65 | 5 | 0,8) 1,18 (0,36 | 10 | 0,9) 0,99 (0,22 | 10 | 0,7) 
P000138;-1,92;0,19;35;0,11;Sim/A/A04;-1,89;0,4;10;0;Sim/A/A05 Sim/B/B01 Sim/C/C01 Sim/C/C02 ;-2,15 (0,25 | 3 | 0,67) -1,96 (0,63 | 5 | 0) -1,96 (0,62 | 5 | 0) -1,93 (1,75 | 1 | 0) 
P000139;1,42;0,14;58;0,76;Sim/A/A04;0,68;0,38;10;0,8
P000139;1,42;0,14;58;0,76;Sim/B/B01;0,98;0,25;7;0,57
P000139;1,42;0,14;58;0,76;Sim/B/B02;2,06;0,3;10;0,6
P000139;1,42;0,14;58;0,76;Sim/B/B03;1,39;0,23;5;0,8
P000139;1,42;0,14;58;0,76;Sim/C/C03;1,67;0,46;10;0,9;Sim/A/A04 Sim/B/B01 Sim/B/B03 ;0,68 (0,38 | 10 | 0,8) 0,98 (0,25 | 7 | 0,57) 1,39 (0,23 | 5 | 0,8) 
P000140;-1,29;0,11;43;0,14;Sim/A/A02;-1,08;0,23;6;0,33
P000140;-1,29;0,11;43;0,14;Sim/B/B01;-1,59;0,37;10;0,1;Sim/A/A04 Sim/A/A07 Sim/B/B01 Sim/B/B02 Sim/C/C01 Sim/C/C02 ;-1,33 (0,27 | 3 | 0) -1,7 (0,99 | 6 | 0) -1,59 (0,37 | 10 | 0,1) -1,59 (6,63 | 1 | 0) -2,14 (0,72 | 7 | 0) -1,44 (0,6 | 6 | 0,17) 
P000141;-2,06;0,15;31;0,39;Sim/A/A02;-2,47;0,24;6;0,33
P000141;-2,06;0,15;31;0,39;Sim/A/A05;-1,48;0,48;10;0,9
P000141;-2,06;0,15;31;0,39;Sim/B/B01;-1,79;0,46;10;0,1;Sim/A/A02 Sim/A/A06 ;-2,47 (0,24 | 6 | 0,33) -2,08 (0,86 | 5 | 0) 
P000142;0,67;0,09;62;0,65;Sim/A/A02;0,83;0,39;10;0,9
P000142;0,67;0,09;62;0,65;Sim/B/B01;0,61;0,29;10;0,5
P000142;0,67;0,09;62;0,65;Sim/B/B02;0,55;0,22;7;0,57
P000142;0,67;0,09;62;0,65;Sim/B/B03;0,4;0,25;8;0,13
P000142;0,67;0,09;62;0,65;Sim/C/C02;0,91;0,3;10;0,8
P000142;0,67;0,09;62;0,65;Sim/C/C03;0,83;0,2;7;0,57;Sim/B/B01 Sim/B/B02 Sim/B/B03 ;0,61 (0,29 | 10 | 0,5) 0,55 (0,22 | 7 | 0,57) 0,4 (0,25 | 8 | 0,13) 
P000143;-1,72;0,14;47;0,23;Sim/A/A02;-1,54;0,24;6;0,5
P000143;-1,72;0,14;47;0,23;Sim/B/B01;-1,48;0,34;10;0,1;Sim/A/A04 Sim/A/A06 Sim/C/C01 Sim/C/C02 ;-2,01 (0,54 | 7 | 0) -2,06 (0,72 | 8 | 0) -2,14 (0,72 | 7 | 0) -1,73 (1,62 | 1 | 0) 
P000144;2,61;0,14;52;0,42;Sim/C/C07;3,08;0,22;6;0,5
P000144;2,61;0,14;52;0,42;Sim/C/C10;2,6;0,4;10;0,2;Sim/B/B01 Sim/B/B04 Sim/C/C04 Sim/C/C05 Sim/C/C10 ;2,02 (0,55 | 7 | 0,86) 2 (0,73 | 6 | 0) 2,29 (0,58 | 5 | 0,2) 2,09 (0,9 | 8 | 0,13) 2,6 (0,4 | 10 | 0,2) 
P000145;-1,37;0,11;50;0,22;Sim/A/A06;-1,51;0,32;10;0,2
P000145;-1,37;0,11;50;0,22;Sim/B/B01;-1,59;0,37;10;0,1
P000145;-1,37;0,11;50;0,22;Sim/C/C02;-0,95;0,27;10;0,4;Sim/A/A04 Sim/A/A06 Sim/B/B01 Sim/B/B02 Sim/C/C01 ;-1,44 (0,25 | 4 | 0,25) -1,51 (0,32 | 10 | 0,2) -1,59 (0,37 | 10 | 0,1) -1,59 (6,63 | 1 | 0) -2,14 (0,72 | 7 | 0) 
P000146;4,26;0,1;61;0,79;Sim/C/C04;4,16;0,25;10;0,6
P000146;4,26;0,1;61;0,79;Sim/C/C06;4,04;0,17;5;0,6
P000146;4,26;0,1;61;0,79;Sim/C/C09;4,75;0,24;5;0,8
P000146;4,26;0,1;61;0,79;Sim/C/C10;3,49;0,17;6;0,5;Sim/B/B01 Sim/C/C04 Sim/C/C06 Sim/C/C10 ;2,19 (0,74 | 5 | 0,8) 4,16 (0,25 | 10 | 0,6) 4,04 (0,17 | 5 | 0,6) 3,49 (0,17 | 6 | 0,5) 
P000147;3,18;0,09;56;0,52;Sim/C/C04;3,44;0,25;8;0,5
P000147;3,18;0,09;56;0,52;Sim/C/C05;3,09;0,19;8;0,38
P000147;3,18;0,09;56;0,52;Sim/C/C06;3,16;0,35;10;0
P000147;3,18;0,09;56;0,52;Sim/C/C10;3,33;0,18;5;0,6;Sim/B/B03 Sim/C/C05 Sim/C/C06 Sim/C/C07 ;2,13 (0,64 | 7 | 0,86) 3,09 (0,19 | 8 | 0,38) 3,16 (0,35 | 10 | 0) 3,08 (0,25 | 4 | 0,5) 
P000148;-0,86;0,08;62;0,29;Sim/A/A02;-0,9;0,24;6;0,5
P000148;-0,86;0,08;62;0,29;Sim/A/A04;-0,58;0,25;7;0,57
P000148;-0,86;0,08;62;0,29;Sim/A/A07;-0,92;0,23;5;0,2
P000148;-0,86;0,08;62;0,29;Sim/B/B01;-0,6;0,26;10;0,5
P000148;-0,86;0,08;62;0,29;Sim/B/B02;-0,87;0,47;10;0
P000148;-0,86;0,08;62;0,29;Sim/C/C01;-0,74;0,21;5;0,6
P000148;-0,86;0,08;62;0,29;Sim/C/C03;-0,6;0,34;10;0,1;Sim/A/A02 Sim/A/A06 Sim/A/A07 Sim/B/B02 Sim/C/C02 ;-0,9 (0,24 | 6 | 0,5) -1,14 (0,23 | 4 | 0,25) -0,92 (0,23 | 5 | 0,2) -0,87 (0,47 | 10 | 0) -1,68 (0,94 | 5 | 0) 
P000149;-1,81;0,14;54;0,17;Sim/A/A02;-1,81;0,22;6;0,33
P000149;-1,81;0,14;54;0,17;Sim/A/A04;-1,9;0,41;10;0
P000149;-1,81;0,14;54;0,17;Sim/A/A06;-1,32;0,24;8;0,25
P000149;-1,81;0,14;54;0,17;Sim/B/B01;-1,59;0,37;10;0,1
P000149;-1,81;0,14;54;0,17;Sim/C/C01;-1,59;0,36;10;0,2;Sim/A/A04 Sim/A/A05 Sim/B/B02 Sim/C/C02 ;-1,9 (0,41 | 10 | 0) -2,09 (0,24 | 4 | 0,5) -1,82 (2,11 | 5 | 0) -1,82 (1,67 | 1 | 0) 
P000150;3,36;0,09;53;0,58;Sim/B/B04;3,48;0,24;5;0,6
P000150;3,36;0,09;53;0,58;Sim/C/C04;2,75;0,35;10;0,4
P000150;3,36;0,09;53;0,58;Sim/C/C05;3,16;0,19;6;0,5
P000150;3,36;0,09;53;0,58;Sim/C/C07;3,97;0,23;6;0,67;Sim/B/B02 Sim/C/C04 Sim/C/C05 Sim/C/C06 Sim/C/C10 ;3,3 (0,83 | 5 | 0,8) 2,75 (0,35 | 10 | 0,4) 3,16 (0,19 | 6 | 0,5) 2,9 (0,65 | 7 | 0,14) 3,35 (0,18 | 4 | 0,5) 
P000151;5,75;0,48;46;0,98;Sim/C/C09;5,37;0,43;10;0,9;Sim/C/C09 ;5,37 (0,43 | 10 | 0,9) 
P000152;-1,51;0,12;57;0,3;Sim/A/A02;-1,68;0,23;6;0,5
P000152;-1,51;0,12;57;0,3;Sim/A/A07;-1,23;0,34;10;0,3
P000152;-1,51;0,12;57;0,3;Sim/C/C01;-1,04;0,2;9;0,33;Sim/A/A02 Sim/A/A06 Sim/B/B01 Sim/C/C02 ;-1,68 (0,23 | 6 | 0,5) -1,92 (0,65 | 7 | 0) -2,51 (1,12 | 8 | 0,13) -1,76 (0,94 | 6 | 0) 
P000153;-1,9;0,14;35;0,31;Sim/A/A02;-1,98;0,22;6;0,5;Sim/A/A02 Sim/A/A04 Sim/B/B01 Sim/C/C01 ;-1,98 (0,22 | 6 | 0,5) -2,06 (0,59 | 7 | 0,14) -1,92 (0,6 | 5 | 0) -1,92 (0,61 | 4 | 0) 
P000154;4,35;0,1;76;0,75;Sim/B/B04;3,79;0,31;10;0,7
P000154;4,35;0,1;76;0,75;Sim/C/C04;4,8;0,34;10;0,9
P000154;4,35;0,1;76;0,75;Sim/C/C06;4,42;0,27;5;1
P000154;4,35;0,1;76;0,75;Sim/C/C07;4,44;0,36;10;0,8
P000154;4,35;0,1;76;0,75;Sim/C/C08;4,69;0,21;5;0,6
P000154;4,35;0,1;76;0,75;Sim/C/C09;4,02;0,24;9;0,33
P000154;4,35;0,1;76;0,75;Sim/C/C10;3,78;0,22;6;0,67;Sim/B/B02 Sim/B/B04 Sim/C/C09 Sim/C/C10 ;2,98 (0,51 | 6 | 0,67) 3,79 (0,31 | 10 | 0,7) 4,02 (0,24 | 9 | 0,33) 3,78 (0,22 | 6 | 0,67) 
P000155;-3,43;0,17;46;0,3;Sim/A/A01;-3,44;0,25;10;0,5
P000155;-3,43;0,17;46;0,3;Sim/A/A03;-3,64;0,26;10;0,6
P000155;-3,43;0,17;46;0,3;Sim/A/A05;-3,1;0,26;10;0,3;Sim/A/A01 Sim/A/A02 Sim/A/A03 Sim/A/A06 Sim/B/B01 Sim/B/B02 ;-3,44 (0,25 | 10 | 0,5) -3,44 (0,81 | 5 | 0) -3,64 (0,26 | 10 | 0,6) -3,44 (2,24 | 5 | 0) -3,44 (3,74 | 5 | 0) -3,43 (1600,52 | 1 | 0) 
P000156;5,97;0,77;41;1;;;;;;;
P000157;-1,69;0,14;61;0,25;Sim/A/A02;-1,84;0,23;5;0,6
P000157;-1,69;0,14;61;0,25;Sim/A/A04;-1,94;0,44;10;0,1
P000157;-1,69;0,14;61;0,25;Sim/B/B01;-1,14;0,29;10;0,3
P000157;-1,69;0,14;61;0,25;Sim/B/B02;-0,89;0,48;10;0,1
P000157;-1,69;0,14;61;0,25;Sim/C/C01;-1,73;0,44;10;0,1;Sim/A/A02 Sim/A/A04 Sim/A/A06 Sim/C/C01 Sim/C/C02 Sim/C/C03 ;-1,84 (0,23 | 5 | 0,6) -1,94 (0,44 | 10 | 0,1) -2,05 (0,74 | 7 | 0) -1,73 (0,44 | 10 | 0,1) -1,7 (1,61 | 1 | 0) -1,7 (1,47 | 1 | 0) 
P000158;4,37;0,11;55;0,82;Sim/C/C04;5,07;0,46;10;0,9;Sim/B/B02 Sim/C/C05 Sim/C/C06 Sim/C/C09 ;4,03 (1,72 | 5 | 0,8) 3,89 (0,24 | 4 | 0,75) 3,85 (0,2 | 4 | 0,5) 4,35 (0,22 | 4 | 0,5) 
P000159;-3,15;0,17;47;0,3;Sim/A/A01;-3,3;0,27;10;0,6
P000159;-3,15;0,17;47;0,3;Sim/A/A02;-2,87;0,28;10;0,1
P000159;-3,15;0,17;47;0,3;Sim/A/A05;-3,4;0,41;10;0,2;Sim/A/A01 Sim/A/A05 Sim/B/B01 Sim/B/B02 ;-3,3 (0,27 | 10 | 0,6) -3,4 (0,41 | 10 | 0,2) -3,16 (2,66 | 5 | 0) -3,15 (691,27 | 1 | 0) 
P000160;-0,08;0,09;70;0,49;Sim/A/A02;-0,74;0,25;8;0,5
P000160;-0,08;0,09;70;0,49;Sim/A/A07;0,2;0,36;10;0,7
P000160;-0,08;0,09;70;0,49;Sim/B/B01;-0,18;0,25;5;0,4
P000160;-0,08;0,09;70;0,49;Sim/B/B02;0,22;0,21;6;0,5
P000160;-0,08;0,09;70;0,49;Sim/B/B03;0,29;0,27;10;0,1
P000160;-0,08;0,09;70;0,49;Sim/C/C01;-0,09;0,23;6;0,5
P000160;-0,08;0,09;70;0,49;Sim/C/C02;-0,29;0,23;5;0,6
P000160;-0,08;0,09;70;0,49;Sim/C/C03;-0,44;0,32;10;0,3;Sim/A/A02 Sim/B/B01 Sim/C/C01 Sim/C/C02 Sim/C/C03 ;-0,74 (0,25 | 8 | 0,5) -0,18 (0,25 | 5 | 0,4) -0,09 (0,23 | 6 | 0,5) -0,29 (0,23 | 5 | 0,6) -0,44 (0,32 | 10 | 0,3) 
P000161;-1,67;0,14;49;0,29;Sim/A/A02;-1,84;0,23;5;0,6
P000161;-1,67;0,14;49;0,29;Sim/A/A06;-1,7;0,41;10;0,2
P000161;-1,67;0,14;49;0,29;Sim/B/B01;-1,59;0,37;10;0,1;Sim/A/A02 Sim/A/A06 Sim/C/C01 Sim/C/C02 ;-1,84 (0,23 | 5 | 0,6) -1,7 (0,41 | 10 | 0,2) -2,14 (0,72 | 7 | 0) -1,68 (1,6 | 1 | 0) 
P000162;-0,77;0,08;59;0,37;Sim/A/A02;-0,64;0,24;9;0,56
P000162;-0,77;0,08;59;0,37;Sim/A/A06;-1,06;0,18;6;0,33
P000162;-0,77;0,08;59;0,37;Sim/A/A07;-0,49;0,19;5;0,6
P000162;-0,77;0,08;59;0,37;Sim/B/B01;-0,17;0,24;6;0,67
P000162;-0,77;0,08;59;0,37;Sim/B/B02;-0,61;0,28;10;0
P000162;-0,77;0,08;59;0,37;Sim/C/C02;-0,77;0,24;5;0,4
P000162;-0,77;0,08;59;0,37;Sim/C/C03;-0,23;0,31;10;0,3;Sim/A/A04 Sim/A/A06 ;-1,44 (0,25 | 4 | 0,25) -1,06 (0,18 | 6 | 0,33) 
P000163;-0,76;0,08;58;0,45;Sim/A/A02;-0,93;0,22;8;0,5
P000163;-0,76;0,08;58;0,45;Sim/A/A04;-1,06;0,17;7;0,43
P000163;-0,76;0,08;58;0,45;Sim/A/A07;0,3;0,4;10;0,8
P000163;-0,76;0,08;58;0,45;Sim/B/B01;-1,23;0,3;10;0,3
P000163;-0,76;0,08;58;0,45;Sim/C/C01;-0,95;0,22;5;0,4
P000163;-0,76;0,08;58;0,45;Sim/C/C02;-1,02;0,29;10;0,2;Sim/A/A02 Sim/A/A04 Sim/B/B01 Sim/C/C01 Sim/C/C02 ;-0,93 (0,22 | 8 | 0,5) -1,06 (0,17 | 7 | 0,43) -1,23 (0,3 | 10 | 0,3) -0,95 (0,22 | 5 | 0,4) -1,02 (0,29 | 10 | 0,2) 
P000164;5,97;0,77;41;1;;;;;;;
P000165;-4,03;0,16;27;0,19;Sim/A/A01;-3,69;0,23;6;0,5
P000165;-4,03;0,16;27;0,19;Sim/A/A03;-4,37;0,23;5;0,4;Sim/A/A02 Sim/A/A03 Sim/A/A06 Sim/B/B01 Sim/B/B02 ;-4,04 (2,16 | 5 | 0) -4,37 (0,23 | 5 | 0,4) -4,04 (2,99 | 5 | 0) -4,04 (4,63 | 5 | 0) -4,03 (9476,37 | 1 | 0) 
P000166;-1,97;0,15;40;0,15;Sim/A/A02;-1,54;0,24;6;0,5;Sim/A/A04 Sim/A/A05 Sim/B/B01 Sim/C/C01 Sim/C/C02 ;-2,01 (0,5 | 10 | 0) -2,21 (0,23 | 4 | 0,5) -1,99 (0,65 | 5 | 0) -1,99 (0,65 | 4 | 0) -1,97 (1,77 | 1 | 0) 
P000167;2,06;0,21;33;0,58;Sim/B/B02;2,02;0,3;10;0,5;Sim/B/B02 Sim/B/B04 Sim/C/C04 Sim/C/C07 Sim/C/C10 ;2,02 (0,3 | 10 | 0,5) 2,02 (0,61 | 5 | 0) 2,05 (1,32 | 1 | 0) 2,04 (1,25 | 1 | 0) 2,05 (1,52 | 1 | 0) 
P000168;0,27;0,09;75;0,68;Sim/A/A02;-0,72;0,25;8;0,5
P000168;0,27;0,09;75;0,68;Sim/A/A04;0,77;0,43;10;0,9
P000168;0,27;0,09;75;0,68;Sim/A/A07;-0,12;0,25;9;0,56
P000168;0,27;0,09;75;0,68;Sim/B/B01;-0,04;0,24;5;0,6
P000168;0,27;0,09;75;0,68;Sim/B/B02;0,16;0,2;6;0,5
P000168;0,27;0,09;75;0,68;Sim/B/B03;0,89;0,19;6;0,5
P000168;0,27;0,09;75;0,68;Sim/C/C01;-0,04;0,21;10;0,7
P000168;0,27;0,09;75;0,68;Sim/C/C02;-0,29;0,23;5;0,6
P000168;0,27;0,09;75;0,68;Sim/C/C03;0,91;0,24;7;0,71;Sim/A/A02 Sim/A/A07 Sim/B/B01 Sim/B/B02 Sim/C/C01 Sim/C/C02 ;-0,72 (0,25 | 8 | 0,5) -0,12 (0,25 | 9 | 0,56) -0,04 (0,24 | 5 | 0,6) 0,16 (0,2 | 6 | 0,5) -0,04 (0,21 | 10 | 0,7) -0,29 (0,23 | 5 | 0,6) 
P000169;-5,27;0,69;21;0;;;;;;;
P000170;1,5;0,15;51;0,76;Sim/B/B01;1,53;0,34;10;0,8
P000170;1,5;0,15;51;0,76;Sim/B/B02;1,51;0,43;10;0,5
P000170;1,5;0,15;51;0,76;Sim/B/B03;1,39;0,23;5;0,8
P000170;1,5;0,15;51;0,76;Sim/C/C03;1,44;0,35;10;0,9;Sim/B/B03 Sim/C/C03 Sim/C/C04 Sim/C/C07 ;1,39 (0,23 | 5 | 0,8) 1,44 (0,35 | 10 | 0,9) 1,5 (1,77 | 2 | 0) 1,5 (2,07 | 1 | 0) 
P000171;-1,87;0,14;48;0,23;Sim/A/A02;-1,84;0,23;5;0,6
P000171;-1,87;0,14;48;0,23;Sim/A/A04;-1,92;0,42;10;0,1
P000171;-1,87;0,14;48;0,23;Sim/A/A05;-1,96;0,25;6;0,67
P000171;-1,87;0,14;48;0,23;Sim/B/B01;-1,31;0,31;10;0,3;Sim/A/A04 Sim/A/A05 Sim/A/A06 Sim/B/B02 Sim/C/C01 Sim/C/C02 ;-1,92 (0,42 | 10 | 0,1) -1,96 (0,25 | 6 | 0,67) -1,93 (0,74 | 5 | 0) -1,87 (2,29 | 5 | 0) -2,13 (0,72 | 6 | 0) -1,87 (1,71 | 1 | 0) 
P000172;2,16;0,21;37;0,43;Sim/B/B03;1,52;0,24;10;0,6;Sim/B/B03 Sim/B/B04 Sim/C/C07 Sim/C/C10 ;1,52 (0,24 | 10 | 0,6) 2 (0,73 | 6 | 0,17) 2,02 (0,83 | 5 | 0) 2,14 (0,87 | 5 | 0) 
P000173;2,18;0,19;51;0,53;Sim/B/B02;2,54;0,34;10;0,8
P000173;2,18;0,19;51;0,53;Sim/B/B03;1,77;0,34;10;0,8
P000173;2,18;0,19;51;0,53;Sim/C/C07;2,35;0,45;10;0,1;Sim/B/B01 Sim/B/B03 Sim/B/B04 Sim/C/C04 Sim/C/C10 ;2,02 (0,55 | 7 | 0,86) 1,77 (0,34 | 10 | 0,8) 1,97 (0,74 | 5 | 0,2) 2,14 (0,67 | 5 | 0) 2,17 (1,28 | 1 | 0) 
P000174;-1,45;0,12;51;0,14;Sim/A/A02;-0,96;0,23;6;0,5
P000174;-1,45;0,12;51;0,14;Sim/A/A06;-1,23;0,23;5;0,2
P000174;-1,45;0,12;51;0,14;Sim/B/B01;-1,59;0,37;10;0,1
P000174;-1,45;0,12;51;0,14;Sim/C/C01;-1,76;0,45;10;0,1;Sim/A/A04 Sim/A/A07 Sim/B/B01 Sim/B/B02 Sim/C/C01 Sim/C/C02 ;-2,01 (0,54 | 7 | 0) -1,94 (1,26 | 7 | 0,14) -1,59 (0,37 | 10 | 0,1) -1,59 (6,63 | 1 | 0) -1,76 (0,45 | 10 | 0,1) -1,47 (0,65 | 5 | 0) 
P000175;-2,2;0,16;38;0,21;Sim/A/A02;-1,68;0,23;6;0,5
P000175;-2,2;0,16;38;0,21;Sim/A/A05;-2,65;0,2;6;0,33
P000175;-2,2;0,16;38;0,21;Sim/C/C01;-1,59;0,36;10;0,2;Sim/A/A05 Sim/A/A06 Sim/B/B01 ;-2,65 (0,2 | 6 | 0,33) -2,22 (0,95 | 5 | 0) -2,21 (0,87 | 5 | 0) 
P000176;1,07;0,11;61;0,7;Sim/A/A02;0,83;0,39;10;0,9
P000176;1,07;0,11;61;0,7;Sim/B/B01;0,69;0,28;10;0,5
P000176;1,07;0,11;61;0,7;Sim/B/B02;1,18;0,39;10;0,5
P000176;1,07;0,11;61;0,7;Sim/B/B03;1,23;0,21;5;0,6
P000176;1,07;0,11;61;0,7;Sim/C/C02;0,69;0,29;10;0,7
P000176;1,07;0,11;61;0,7;Sim/C/C03;1,41;0,33;10;1;Sim/A/A02 Sim/A/A04 Sim/B/B01 Sim/C/C02 Sim/C/C07 ;0,83 (0,39 | 10 | 0,9) 0,92 (0,63 | 5 | 0,8) 0,69 (0,28 | 10 | 0,5) 0,69 (0,29 | 10 | 0,7) 1,07 (3,08 | 1 | 0) 
P000177;-0,47;0,08;65;0,46;Sim/A/A02;-0,08;0,3;10;0,7
P000177;-0,47;0,08;65;0,46;Sim/A/A04;-1,16;0,23;6;0,33
P000177;-0,47;0,08;65;0,46;Sim/B/B01;-0,55;0,25;10;0,5
P000177;-0,47;0,08;65;0,46;Sim/B/B02;-0,79;0,39;10;0
P000177;-0,47;0,08;65;0,46;Sim/C/C03;-0,16;0,29;10;0,4;Sim/A/A04 Sim/B/B01 Sim/B/B02 ;-1,16 (0,23 | 6 | 0,33) -0,55 (0,25 | 10 | 0,5) -0,79 (0,39 | 10 | 0) 
P000178;0,82;0,1;56;0,7;Sim/A/A02;-0,07;0,31;10;0,7
P000178;0,82;0,1;56;0,7;Sim/A/A04;0,03;0,21;5;0,4
P000178;0,82;0,1;56;0,7;Sim/B/B01;1,12;0,25;7;0,57
P000178;0,82;0,1;56;0,7;Sim/C/C03;1,17;0,26;10;0,8;Sim/A/A02 Sim/A/A04 Sim/B/B02 ;-0,07 (0,31 | 10 | 0,7) 0,03 (0,21 | 5 | 0,4) 0,51 (0,25 | 4 | 0,5) 
P000179;1,85;0,19;61;0,57;Sim/B/B01;1,53;0,34;10;0,8
P000179;1,85;0,19;61;0,57;Sim/B/B02;2,44;0,33;10;0,7
P000179;1,85;0,19;61;0,57;Sim/B/B03;1,41;0,24;6;0,5
P000179;1,85;0,19;61;0,57;Sim/B/B04;2,37;0,3;10;0,2
P000179;1,85;0,19;61;0,57;Sim/C/C03;1,44;0,35;10;0,9;Sim/B/B01 Sim/B/B03 Sim/C/C03 Sim/C/C04 ;1,53 (0,34 | 10 | 0,8) 1,41 (0,24 | 6 | 0,5) 1,44 (0,35 | 10 | 0,9) 1,83 (0,91 | 5 | 0) 
P000180;2,46;0,15;64;0,36;Sim/B/B03;1,78;0,34;10;0,7
P000180;2,46;0,15;64;0,36;Sim/C/C04;2,68;0,37;10;0,2
P000180;2,46;0,15;64;0,36;Sim/C/C07;2,76;0,28;10;0,3;Sim/B/B03 Sim/B/B04 Sim/C/C05 Sim/C/C10 ;1,78 (0,34 | 10 | 0,7) 2 (0,73 | 6 | 0) 2,09 (0,9 | 8 | 0) 1,98 (1,02 | 8 | 0,13) 
P000181;1,7;0,19;39;0,69;Sim/B/B01;1,63;0,38;10;0,8
P000181;1,7;0,19;39;0,69;Sim/B/B02;1,62;0,4;10;0,5
P000181;1,7;0,19;39;0,69;Sim/B/B03;1,68;0,29;10;0,8;Sim/B/B01 Sim/B/B02 Sim/B/B03 Sim/C/C04 Sim/C/C07 Sim/C/C10 ;1,63 (0,38 | 10 | 0,8) 1,62 (0,4 | 10 | 0,5) 1,68 (0,29 | 10 | 0,8) 1,69 (2,13 | 1 | 0) 1,69 (1,71 | 1 | 0) 1,69 (2,64 | 1 | 0) 
P000182;2,59;0,14;52;0,48;Sim/B/B02;2,38;0,32;10;0,6
P000182;2,59;0,14;52;0,48;Sim/B/B04;2,64;0,22;6;0,33
P000182;2,59;0,14;52;0,48;Sim/C/C07;2,7;0,3;10;0,3
P000182;2,59;0,14;52;0,48;Sim/C/C10;2,72;0,32;10;0,3;Sim/B/B02 Sim/B/B03 Sim/C/C04 ;2,38 (0,32 | 10 | 0,6) 2,31 (0,93 | 5 | 0,8) 2,14 (0,66 | 5 | 0,2) 
P000183;2,6;0,13;61;0,43;Sim/B/B02;2,49;0,34;10;0,7
P000183;2,6;0,13;61;0,43;Sim/B/B04;2,6;0,24;6;0,33
P000183;2,6;0,13;61;0,43;Sim/C/C04;3,04;0,3;10;0,4
P000183;2,6;0,13;61;0,43;Sim/C/C07;2,57;0,35;10;0,2;Sim/B/B02 Sim/B/B03 Sim/C/C05 Sim/C/C07 Sim/C/C10 ;2,49 (0,34 | 10 | 0,7) 2,31 (0,93 | 5 | 0,8) 2,09 (0,9 | 8 | 0,13) 2,57 (0,35 | 10 | 0,2) 2,05 (1,01 | 7 | 0,14) 
P000184;-4,93;0,26;36;0,08;Sim/A/A01;-4,89;0,33;10;0,1
P000184;-4,93;0,26;36;0,08;Sim/A/A03;-4,95;0,41;10;0,2;Sim/A/A03 Sim/A/A06 Sim/B/B01 Sim/B/B02 ;-4,95 (0,41 | 10 | 0,2) -4,93 (3,93 | 5 | 0) -4,93 (5,9 | 5 | 0) -4,93 (135883,81 | 1 | 0) 
P000185;-0,45;0,08;70;0,54;Sim/A/A02;-0,09;0,3;10;0,7
P000185;-0,45;0,08;70;0,54;Sim/A/A04;-0,57;0,24;7;0,57
P000185;-0,45;0,08;70;0,54;Sim/A/A06;-0,17;0,35;10;0,8
P000185;-0,45;0,08;70;0,54;Sim/A/A07;-0,01;0,28;10;0,8
P000185;-0,45;0,08;70;0,54;Sim/B/B01;-0,33;0,25;8;0,5
P000185;-0,45;0,08;70;0,54;Sim/C/C01;-0,93;0,22;5;0,4
P000185;-0,45;0,08;70;0,54;Sim/C/C03;-0,36;0,32;10;0,3;Sim/A/A04 Sim/C/C01 Sim/C/C02 ;-0,57 (0,24 | 7 | 0,57) -0,93 (0,22 | 5 | 0,4) -1,44 (0,6 | 6 | 0,17) 
P000186;-0,71;0,08;59;0,39;Sim/A/A02;-0,93;0,22;8;0,5
P000186;-0,71;0,08;59;0,39;Sim/A/A04;-0,57;0,24;7;0,57
P000186;-0,71;0,08;59;0,39;Sim/A/A07;-0,76;0,19;5;0,4
P000186;-0,71;0,08;59;0,39;Sim/B/B01;-0,94;0,28;10;0,4
P000186;-0,71;0,08;59;0,39;Sim/C/C02;-0,21;0,21;10;0,4;Sim/A/A02 Sim/A/A06 Sim/A/A07 Sim/B/B01 Sim/B/B02 Sim/C/C03 ;-0,93 (0,22 | 8 | 0,5) -0,82 (0,18 | 4 | 0,5) -0,76 (0,19 | 5 | 0,4) -0,94 (0,28 | 10 | 0,4) -1,05 (0,71 | 6 | 0) -1,89 (1,27 | 5 | 0,2) 
P000187;1,84;0,2;43;0,53;Sim/B/B02;1,51;0,43;10;0,5
P000187;1,84;0,2;43;0,53;Sim/B/B03;1,58;0,26;10;0,6
P000187;1,84;0,2;43;0,53;Sim/B/B04;2,31;0,33;10;0,2;Sim/B/B02 Sim/B/B03 Sim/C/C04 Sim/C/C07 Sim/C/C10 ;1,51 (0,43 | 10 | 0,5) 1,58 (0,26 | 10 | 0,6) 1,83 (1,75 | 1 | 0) 1,83 (1,5 | 1 | 0) 1,83 (2,12 | 1 | 0) 
P000188;4,39;0,1;78;0,79;Sim/C/C04;4,79;0,33;10;1
P000188;4,39;0,1;78;0,79;Sim/C/C05;4,23;0,32;10;0,8
P000188;4,39;0,1;78;0,79;Sim/C/C06;4,41;0,27;5;1
P000188;4,39;0,1;78;0,79;Sim/C/C07;4,57;0,44;10;0,8
P000188;4,39;0,1;78;0,79;Sim/C/C09;4,17;0,21;7;0,29
P000188;4,39;0,1;78;0,79;Sim/C/C10;4,57;0,4;10;1;Sim/B/B02 Sim/C/C05 Sim/C/C08 Sim/C/C09 ;3,26 (0,79 | 5 | 0,8) 4,23 (0,32 | 10 | 0,8) 3,37 (0,6 | 6 | 0) 4,17 (0,21 | 7 | 0,29) 
P000189;2,79;0,15;37;0,59;;;;;;Sim/B/B03 Sim/C/C07 Sim/C/C10 ;2,13 (0,64 | 7 | 0,86) 1,77 (1,18 | 5 | 0) 1,85 (1,37 | 6 | 0) 
P000190;-0,49;0,08;73;0,42;Sim/A/A02;-0,54;0,25;8;0,5
P000190;-0,49;0,08;73;0,42;Sim/A/A04;-1,17;0,2;7;0,29
P000190;-0,49;0,08;73;0,42;Sim/B/B01;0,08;0,24;9;0,44
P000190;-0,49;0,08;73;0,42;Sim/B/B02;-0,23;0,21;6;0,33
P000190;-0,49;0,08;73;0,42;Sim/C/C01;-1,09;0,22;8;0,38
P000190;-0,49;0,08;73;0,42;Sim/C/C02;-0,25;0,22;6;0,5
P000190;-0,49;0,08;73;0,42;Sim/C/C03;-0,17;0,31;10;0,3;Sim/A/A02 Sim/A/A04 Sim/B/B03 Sim/C/C01 ;-0,54 (0,25 | 8 | 0,5) -1,17 (0,2 | 7 | 0,29) -0,49 (1 | 6 | 0) -1,09 (0,22 | 8 | 0,38) 
P000191;-1;0,09;40;0,3;Sim/A/A02;-1,13;0,23;6;0,5
P000191;-1;0,09;40;0,3;Sim/A/A04;-1,53;0,25;6;0
P000191;-1;0,09;40;0,3;Sim/B/B01;-0,32;0,24;7;0,57;Sim/A/A02 Sim/A/A04 Sim/B/B02 Sim/C/C02 ;-1,13 (0,23 | 6 | 0,5) -1,53 (0,25 | 6 | 0) -1,01 (0,67 | 5 | 0) -1,68 (0,94 | 5 | 0) 
P000192;3,22;0,09;65;0,4;Sim/C/C04;2,81;0,35;10;0,3
P000192;3,22;0,09;65;0,4;Sim/C/C05;3,14;0,19;6;0,33
P000192;3,22;0,09;65;0,4;Sim/C/C06;3,3;0,27;10;0,1
P000192;3,22;0,09;65;0,4;Sim/C/C10;3,34;0,18;5;0,4;Sim/B/B02 Sim/B/B04 Sim/C/C04 Sim/C/C05 Sim/C/C08 Sim/C/C09 ;2,98 (0,51 | 6 | 0,67) 3,2 (0,25 | 4 | 0,5) 2,81 (0,35 | 10 | 0,3) 3,14 (0,19 | 6 | 0,33) 3,21 (0,72 | 5 | 0) 3,22 (0,83 | 5 | 0) 
P000193;2,15;0,21;37;0,68;Sim/B/B01;1,53;0,34;10;0,8
P000193;2,15;0,21;37;0,68;Sim/B/B02;2,5;0,34;10;0,8;Sim/B/B01 Sim/B/B04 Sim/C/C04 Sim/C/C07 Sim/C/C10 ;1,53 (0,34 | 10 | 0,8) 1,86 (0,78 | 6 | 0,17) 2,14 (1,18 | 1 | 0) 2,13 (1,16 | 1 | 0) 2,14 (1,33 | 1 | 0) 
P000194;-1,21;0,1;50;0,26;Sim/A/A06;-1,17;0,22;6;0,17
P000194;-1,21;0,1;50;0,26;Sim/A/A07;-1,05;0,25;9;0,22
P000194;-1,21;0,1;50;0,26;Sim/B/B01;-1,09;0,29;10;0,3
P000194;-1,21;0,1;50;0,26;Sim/C/C01;-1,08;0,23;6;0,5;Sim/A/A02 Sim/A/A04 Sim/C/C02 ;-1,24 (0,24 | 4 | 0,5) -1,44 (0,25 | 4 | 0,25) -1,44 (0,6 | 6 | 0,17) 
P000195;-0,05;0,09;70;0,63;Sim/A/A02;-0,08;0,3;10;0,7
P000195;-0,05;0,09;70;0,63;Sim/A/A06;0,05;0,5;10;0,8
P000195;-0,05;0,09;70;0,63;Sim/A/A07;-0;0,28;10;0,8
P000195;-0,05;0,09;70;0,63;Sim/B/B01;-0,26;0,25;5;0,6
P000195;-0,05;0,09;70;0,63;Sim/C/C01;-0,08;0,22;8;0,63
P000195;-0,05;0,09;70;0,63;Sim/C/C02;0,51;0,3;10;0,6
P000195;-0,05;0,09;70;0,63;Sim/C/C03;-0,05;0,28;10;0,4;Sim/A/A02 Sim/A/A04 Sim/B/B01 Sim/B/B02 Sim/C/C01 ;-0,08 (0,3 | 10 | 0,7) -0,13 (0,24 | 3 | 0,33) -0,26 (0,25 | 5 | 0,6) -0,18 (0,23 | 4 | 0,5) -0,08 (0,22 | 8 | 0,63) 
P000196;-1,17;0,09;57;0,33;Sim/A/A02;-1,54;0,24;6;0,5
P000196;-1,17;0,09;57;0,33;Sim/A/A06;-0,9;0,16;6;0,5
P000196;-1,17;0,09;57;0,33;Sim/B/B01;-1;0,29;10;0,3
P000196;-1,17;0,09;57;0,33;Sim/B/B02;-0,89;0,48;10;0,1;Sim/A/A02 Sim/C/C01 Sim/C/C02 ;-1,54 (0,24 | 6 | 0,5) -2,14 (0,72 | 7 | 0) -1,68 (0,94 | 5 | 0,2) 
P000197;-1,65;0,14;43;0,28;Sim/A/A02;-1,28;0,24;5;0,6
P000197;-1,65;0,14;43;0,28;Sim/A/A05;-1,68;0,34;10;0,8
P000197;-1,65;0,14;43;0,28;Sim/A/A06;-1,23;0,23;5;0,2;Sim/A/A04 Sim/A/A05 Sim/B/B01 Sim/C/C01 Sim/C/C02 ;-2,01 (0,54 | 7 | 0) -1,68 (0,34 | 10 | 0,8) -2,51 (1,12 | 8 | 0) -2,14 (0,72 | 7 | 0) -1,66 (1,59 | 1 | 0) 
P000198;-5,27;0,69;21;0;;;;;;;
P000199;1,23;0,12;63;0,71;Sim/A/A02;0,83;0,39;10;0,9
P000199;1,23;0,12;63;0,71;Sim/A/A04;0,55;0,32;10;0,8
P000199;1,23;0,12;63;0,71;Sim/B/B01;1,63;0,38;10;0,8
P000199;1,23;0,12;63;0,71;Sim/B/B02;1;0,33;10;0,5
P000199;1,23;0,12;63;0,71;Sim/B/B03;1,41;0,25;5;0,6
P000199;1,23;0,12;63;0,71;Sim/C/C03;1,08;0,24;9;0,67;Sim/A/A02 Sim/A/A04 Sim/B/B02 Sim/C/C03 Sim/C/C04 Sim/C/C07 ;0,83 (0,39 | 10 | 0,9) 0,55 (0,32 | 10 | 0,8) 1 (0,33 | 10 | 0,5) 1,08 (0,24 | 9 | 0,67) 1,23 (2,35 | 2 | 0) 1,23 (2,75 | 1 | 0) 
P000200;-1,87;0,14;48;0,25;Sim/A/A04;-1,95;0,45;10;0
P000200;-1,87;0,14;48;0,25;Sim/A/A05;-1,86;0,26;10;0,7
P000200;-1,87;0,14;48;0,25;Sim/B/B01;-1,45;0,33;10;0,2;Sim/A/A04 Sim/A/A06 Sim/B/B02 Sim/C/C01 Sim/C/C02 ;-1,95 (0,45 | 10 | 0) -1,93 (0,74 | 5 | 0) -1,87 (15,2 | 1 | 0) -2,13 (0,72 | 6 | 0) -1,87 (1,71 | 1 | 0) 
P000201;-2,23;0,16;21;0,29;Sim/A/A02;-2,2;0,24;6;0,5
P000201;-2,23;0,16;21;0,29;Sim/A/A05;-2,18;0,23;5;0,6;Sim/A/A06 Sim/B/B01 ;-2,25 (0,96 | 5 | 0) -2,24 (0,9 | 5 | 0) 
P000202;-0,94;0,09;57;0,35;Sim/A/A02;-1,54;0,24;6;0,5
P000202;-0,94;0,09;57;0,35;Sim/A/A04;-0,42;0,24;9;0,56
P000202;-0,94;0,09;57;0,35;Sim/B/B01;-0,94;0,28;10;0,4
P000202;-0,94;0,09;57;0,35;Sim/C/C01;-0,99;0,21;5;0,4
P000202;-0,94;0,09;57;0,35;Sim/C/C03;-0,8;0,39;10;0,3;Sim/A/A02 Sim/B/B01 Sim/B/B02 Sim/C/C01 Sim/C/C02 ;-1,54 (0,24 | 6 | 0,5) -0,94 (0,28 | 10 | 0,4) -0,94 (0,59 | 5 | 0) -0,99 (0,21 | 5 | 0,4) -1,68 (0,94 | 5 | 0) 
P000203;2,04;0,21;33;0,64;Sim/B/B02;1,77;0,35;10;0,5;Sim/B/B02 Sim/B/B04 Sim/C/C04 Sim/C/C07 Sim/C/C10 ;1,77 (0,35 | 10 | 0,5) 1,76 (0,88 | 5 | 0,2) 2,03 (1,36 | 1 | 0) 2,02 (1,27 | 1 | 0) 2,03 (1,57 | 1 | 0) 
P000204;-1,89;0,14;57;0,26;Sim/A/A02;-1,54;0,24;6;0,5
P000204;-1,89;0,14;57;0,26;Sim/A/A05;-2,81;0,19;10;0,3
P000204;-1,89;0,14;57;0,26;Sim/A/A06;-1,23;0,23;5;0,2
P000204;-1,89;0,14;57;0,26;Sim/B/B01;-1,09;0,29;10;0,4
P000204;-1,89;0,14;57;0,26;Sim/C/C01;-1,59;0,36;10;0,2;Sim/A/A05 Sim/A/A07 Sim/B/B02 ;-2,81 (0,19 | 10 | 0,3) -1,89 (1,27 | 5 | 0) -1,89 (16,12 | 1 | 0) 
P000205;-2,97;0,17;36;0,28;Sim/A/A01;-3,35;0,28;10;0,6
P000205;-2,97;0,17;36;0,28;Sim/A/A02;-2,81;0,27;10;0,1
P000205;-2,97;0,17;36;0,28;Sim/A/A05;-2,9;0,23;6;0,33;Sim/A/A01 Sim/B/B01 ;-3,35 (0,28 | 10 | 0,6) -2,97 (2,08 | 5 | 0) 
P000206;2,59;0,14;61;0,38;Sim/B/B02;2,45;0,33;10;0,7
P000206;2,59;0,14;61;0,38;Sim/C/C04;2,47;0,45;10;0,1
P000206;2,59;0,14;61;0,38;Sim/C/C05;2,72;0,28;10;0,1
P000206;2,59;0,14;61;0,38;Sim/C/C07;2,46;0,4;10;0,2
P000206;2,59;0,14;61;0,38;Sim/C/C10;2,97;0,22;6;0,17;Sim/B/B02 Sim/B/B04 Sim/C/C04 Sim/C/C07 ;2,45 (0,33 | 10 | 0,7) 1,97 (0,74 | 5 | 0,2) 2,47 (0,45 | 10 | 0,1) 2,46 (0,4 | 10 | 0,2) 
P000207;2,35;0,18;46;0,39;Sim/B/B02;2,16;0,3;10;0,5;Sim/B/B02 Sim/B/B03 Sim/B/B04 Sim/C/C04 Sim/C/C05 Sim/C/C10 ;2,16 (0,3 | 10 | 0,5) 2,13 (0,64 | 7 | 0,86) 1,9 (0,79 | 5 | 0) 2,05 (0,73 | 5 | 0) 2,33 (0,67 | 5 | 0) 2,33 (0,7 | 5 | 0) 
P000208;-3,18;0,18;48;0,4;Sim/A/A01;-2,7;0,46;10;0,9
P000208;-3,18;0,18;48;0,4;Sim/A/A02;-3,22;0,47;10;0
P000208;-3,18;0,18;48;0,4;Sim/A/A03;-3,21;0,4;10;0,8;Sim/A/A02 Sim/A/A03 Sim/A/A05 Sim/B/B01 Sim/B/B02 ;-3,22 (0,47 | 10 | 0) -3,21 (0,4 | 10 | 0,8) -3,92 (1,05 | 6 | 0,17) -3,18 (3,04 | 5 | 0) -3,18 (743,51 | 1 | 0) 
P000209;-0,9;0,08;58;0,29;Sim/A/A02;-0,9;0,24;6;0,5
P000209;-0,9;0,08;58;0,29;Sim/A/A04;-0,59;0,25;7;0,57
P000209;-0,9;0,08;58;0,29;Sim/A/A06;-0,95;0,17;6;0,5
P000209;-0,9;0,08;58;0,29;Sim/A/A07;-0,92;0,23;5;0,2
P000209;-0,9;0,08;58;0,29;Sim/B/B01;-1,43;0,33;10;0,2
P000209;-0,9;0,08;58;0,29;Sim/B/B02;-0,55;0,25;10;0,1;Sim/A/A02 Sim/A/A06 Sim/A/A07 Sim/B/B01 Sim/C/C02 Sim/C/C03 ;-0,9 (0,24 | 6 | 0,5) -0,95 (0,17 | 6 | 0,5) -0,92 (0,23 | 5 | 0,2) -1,43 (0,33 | 10 | 0,2) -1,68 (0,94 | 5 | 0) -1,89 (1,27 | 5 | 0,2) 
P000210;1,04;0,11;60;0,7;Sim/A/A02;0,83;0,39;10;0,9
P000210;1,04;0,11;60;0,7;Sim/B/B01;0,69;0,28;10;0,5
P000210;1,04;0,11;60;0,7;Sim/B/B02;1,39;0,44;10;0,6
P000210;1,04;0,11;60;0,7;Sim/B/B03;1,23;0,21;5;0,6
P000210;1,04;0,11;60;0,7;Sim/C/C02;0,41;0,29;10;0,5
P000210;1,04;0,11;60;0,7;Sim/C/C03;1,67;0,46;10;0,9;Sim/A/A02 Sim/B/B01 Sim/C/C02 ;0,83 (0,39 | 10 | 0,9) 0,69 (0,28 | 10 | 0,5) 0,41 (0,29 | 10 | 0,5) 
P000211;5,41;0,26;50;0,94;Sim/C/C08;5,56;0,45;10;1
P000211;5,41;0,26;50;0,94;Sim/C/C09;5,07;0,28;10;0,8;Sim/B/B02 Sim/C/C09 ;3,3 (0,83 | 5 | 0,8) 5,07 (0,28 | 10 | 0,8) 
P000212;4,86;0,15;46;0,91;Sim/C/C04;5,05;0,45;10;0,9;Sim/C/C09 ;4,49 (0,2 | 4 | 0,5) 
P000213;-1,63;0,14;54;0,3;Sim/A/A02;-1,98;0,22;6;0,5
P000213;-1,63;0,14;54;0,3;Sim/A/A06;-1,57;0,35;10;0,1
P000213;-1,63;0,14;54;0,3;Sim/C/C01;-0,66;0,22;6;0,67;Sim/A/A02 Sim/A/A04 Sim/B/B01 Sim/C/C02 Sim/C/C03 ;-1,98 (0,22 | 6 | 0,5) -2,01 (0,54 | 7 | 0) -2,51 (1,12 | 8 | 0) -1,68 (0,94 | 5 | 0,2) -1,89 (1,27 | 5 | 0) 
P000214;-2,91;0,18;27;0,26;Sim/A/A01;-3,68;0,24;6;0,5
P000214;-2,91;0,18;27;0,26;Sim/A/A02;-2,49;0,24;6;0,33;Sim/A/A01 Sim/A/A06 Sim/B/B01 Sim/B/B02 ;-3,68 (0,24 | 6 | 0,5) -2,91 (1,6 | 5 | 0) -2,91 (2,13 | 5 | 0) -2,91 (332,96 | 1 | 0) 
P000215;0,15;0,09;73;0,58;Sim/A/A02;0,24;0,34;10;0,8
P000215;0,15;0,09;73;0,58;Sim/A/A07;0,16;0,34;10;0,7
P000215;0,15;0,09;73;0,58;Sim/B/B01;0,61;0,29;10;0,5
P000215;0,15;0,09;73;0,58;Sim/B/B03;0,13;0,35;10;0
P000215;0,15;0,09;73;0,58;Sim/C/C01;0,17;0,27;10;0,8
P000215;0,15;0,09;73;0,58;Sim/C/C03;0,58;0,19;6;0,67;Sim/A/A04 Sim/A/A06 Sim/B/B02 Sim/B/B03 Sim/C/C02 ;-0,13 (0,24 | 3 | 0,33) 0,09 (0,6 | 6 | 0,83) 0,12 (0,25 | 4 | 0,5) 0,13 (0,35 | 10 | 0) -0,46 (0,24 | 4 | 0,5) 
P000216;0,84;0,1;62;0,69;Sim/A/A02;0,83;0,39;10;0,9
P000216;0,84;0,1;62;0,69;Sim/B/B01;0,8;0,26;10;0,5
P000216;0,84;0,1;62;0,69;Sim/B/B02;0,82;0,27;10;0,5
P000216;0,84;0,1;62;0,69;Sim/B/B03;0,92;0,18;7;0,43
P000216;0,84;0,1;62;0,69;Sim/C/C02;0,85;0,3;10;0,8;Sim/A/A02 Sim/B/B01 Sim/B/B02 Sim/C/C03 ;0,83 (0,39 | 10 | 0,9) 0,8 (0,26 | 10 | 0,5) 0,82 (0,27 | 10 | 0,5) 0,65 (0,23 | 3 | 0,67) 
P000217;0,53;0,09;71;0,62;Sim/A/A02;-0,72;0,25;8;0,5
P000217;0,53;0,09;71;0,62;Sim/A/A04;0,68;0,38;10;0,8
P000217;0,53;0,09;71;0,62;Sim/A/A07;0,49;0,48;10;0,8
P000217;0,53;0,09;71;0,62;Sim/B/B01;0,28;0,27;10;0,5
P000217;0,53;0,09;71;0,62;Sim/B/B02;0,74;0,25;9;0,56
P000217;0,53;0,09;71;0,62;Sim/B/B03;0,48;0,23;7;0,29
P000217;0,53;0,09;71;0,62;Sim/C/C02;0,83;0,3;10;0,8
P000217;0,53;0,09;71;0,62;Sim/C/C03;0,83;0,2;7;0,57;Sim/A/A02 Sim/A/A07 Sim/B/B01 Sim/B/B03 ;-0,72 (0,25 | 8 | 0,5) 0,49 (0,48 | 10 | 0,8) 0,28 (0,27 | 10 | 0,5) 0,48 (0,23 | 7 | 0,29) 
P000218;4,01;0,09;65;0,66;Sim/C/C04;4,11;0,25;9;0,56
P000218;4,01;0,09;65;0,66;Sim/C/C06;4,28;0,21;5;1
P000218;4,01;0,09;65;0,66;Sim/C/C07;3,36;0,21;6;0,33
P000218;4,01;0,09;65;0,66;Sim/C/C09;4,14;0,23;6;0,33
P000218;4,01;0,09;65;0,66;Sim/C/C10;3,88;0,21;6;0,67;Sim/B/B02 Sim/C/C07 Sim/C/C08 Sim/C/C10 ;3,26 (0,79 | 5 | 0,8) 3,36 (0,21 | 6 | 0,33) 3,37 (0,6 | 6 | 0) 3,88 (0,21 | 6 | 0,67) 
P000219;-3,14;0,18;39;0,33;Sim/A/A01;-3,51;0,23;7;0,57
P000219;-3,14;0,18;39;0,33;Sim/A/A02;-3,24;0,48;10;0,1
P000219;-3,14;0,18;39;0,33;Sim/A/A05;-2,9;0,23;5;0,4;Sim/A/A01 Sim/A/A02 Sim/A/A06 Sim/B/B01 Sim/B/B02 ;-3,51 (0,23 | 7 | 0,57) -3,24 (0,48 | 10 | 0,1) -3,15 (1,86 | 5 | 0) -3,14 (2,96 | 5 | 0) -3,14 (671,49 | 1 | 0) 
P000220;2,93;0,11;55;0,42;Sim/B/B02;2,18;0,3;10;0,5
P000220;2,93;0,11;55;0,42;Sim/C/C04;3,23;0,27;10;0,4
P000220;2,93;0,11;55;0,42;Sim/C/C10;3,33;0,18;5;0,6;Sim/B/B01 Sim/B/B02 Sim/B/B03 Sim/B/B04 Sim/C/C05 Sim/C/C06 ;2,39 (0,78 | 5 | 0,8) 2,18 (0,3 | 10 | 0,5) 2,31 (0,93 | 5 | 0,8) 2,84 (0,23 | 3 | 0,33) 2,12 (0,9 | 7 | 0) 2,91 (0,66 | 6 | 0) 
P000221;0,86;0,1;59;0,71;Sim/A/A02;0,99;0,38;10;1
P000221;0,86;0,1;59;0,71;Sim/A/A04;0,25;0,22;9;0,67
P000221;0,86;0,1;59;0,71;Sim/B/B01;1,07;0,24;7;0,57
P000221;0,86;0,1;59;0,71;Sim/B/B02;0,56;0,23;5;0,6
P000221;0,86;0,1;59;0,71;Sim/B/B03;0,45;0,24;7;0,29
P000221;0,86;0,1;59;0,71;Sim/C/C02;0,79;0,3;10;0,7
P000221;0,86;0,1;59;0,71;Sim/C/C03;1,41;0,33;10;1;Sim/A/A04 Sim/B/B02 Sim/B/B03 Sim/C/C02 Sim/C/C07 ;0,25 (0,22 | 9 | 0,67) 0,56 (0,23 | 5 | 0,6) 0,45 (0,24 | 7 | 0,29) 0,79 (0,3 | 10 | 0,7) 0,86 (4,14 | 1 | 0) 
P000222;-2,01;0,15;26;0,46;Sim/A/A02;-2,2;0,24;6;0,5
P000222;-2,01;0,15;26;0,46;Sim/A/A05;-1,63;0,37;10;0,9;Sim/A/A02 Sim/B/B01 ;-2,2 (0,24 | 6 | 0,5) -2,03 (0,68 | 5 | 0) 
P000223;-4,33;0,15;26;0,15;Sim/A/A01;-4,66;0,25;5;0,2
P000223;-4,33;0,15;26;0,15;Sim/A/A03;-4,07;0,2;5;0,6;Sim/A/A01 Sim/A/A02 Sim/A/A06 Sim/B/B01 Sim/B/B02 ;-4,66 (0,25 | 5 | 0,2) -4,34 (3,11 | 5 | 0) -4,34 (3,33 | 5 | 0) -4,34 (5,04 | 5 | 0) -4,33 (23215,36 | 1 | 0) 
P000224;-2;0,16;26;0,42;Sim/A/A02;-2,22;0,23;7;0,43;Sim/A/A02 Sim/A/A06 Sim/B/B01 Sim/B/B02 ;-2,22 (0,23 | 7 | 0,43) -2 (0,8 | 5 | 0) -2,02 (0,72 | 5 | 0) -2 (22,75 | 1 | 0) 
P000225;0,02;0,08;84;0,55;Sim/A/A02;-0,09;0,3;10;0,7
P000225;0,02;0,08;84;0,55;Sim/A/A07;-0,27;0,21;7;0,57
P000225;0,02;0,08;84;0,55;Sim/B/B01;0,27;0,27;10;0,5
P000225;0,02;0,08;84;0,55;Sim/B/B02;-0,58;0,27;10;0
P000225;0,02;0,08;84;0,55;Sim/B/B03;0,6;0,24;5;0,2
P000225;0,02;0,08;84;0,55;Sim/C/C01;0,66;0,48;10;0,9
P000225;0,02;0,08;84;0,55;Sim/C/C02;0,11;0,25;10;0,5
P000225;0,02;0,08;84;0,55;Sim/C/C03;0,44;0,17;10;0,6;Sim/A/A02 Sim/A/A04 Sim/A/A07 Sim/B/B02 ;-0,09 (0,3 | 10 | 0,7) -0,13 (0,24 | 3 | 0,33) -0,27 (0,21 | 7 | 0,57) -0,58 (0,27 | 10 | 0) 
P000226;0,83;0,1;63;0,68;Sim/A/A02;0,24;0,34;10;0,8
P000226;0,83;0,1;63;0,68;Sim/A/A04;0,31;0,23;10;0,7
P000226;0,83;0,1;63;0,68;Sim/B/B01;0,81;0,26;10;0,5
P000226;0,83;0,1;63;0,68;Sim/B/B02;1,18;0,39;10;0,5
P000226;0,83;0,1;63;0,68;Sim/B/B03;1;0,19;6;0,5;Sim/A/A02 Sim/A/A04 Sim/B/B01 Sim/C/C03 ;0,24 (0,34 | 10 | 0,8) 0,31 (0,23 | 10 | 0,7) 0,81 (0,26 | 10 | 0,5) 0,62 (0,21 | 4 | 0,5) 
P000227;3,98;0,09;67;0,66;Sim/B/B04;3,99;0,43;6;1
P000227;3,98;0,09;67;0,66;Sim/C/C04;4,26;0,25;10;0,7
P000227;3,98;0,09;67;0,66;Sim/C/C06;3,73;0,17;6;0,33
P000227;3,98;0,09;67;0,66;Sim/C/C08;4,22;0,22;6;0,33
P000227;3,98;0,09;67;0,66;Sim/C/C09;4,02;0,24;9;0,33
P000227;3,98;0,09;67;0,66;Sim/C/C10;3,78;0,24;5;0,6;Sim/B/B02 Sim/C/C06 Sim/C/C07 Sim/C/C10 ;3,3 (0,83 | 5 | 0,8) 3,73 (0,17 | 6 | 0,33) 3,79 (0,21 | 4 | 0,5) 3,78 (0,24 | 5 | 0,6) 
P000228;1;0,11;51;0,73;Sim/A/A02;1,12;0,38;7;1
P000228;1;0,11;51;0,73;Sim/B/B01;1,12;0,25;8;0,63
P000228;1;0,11;51;0,73;Sim/B/B02;0,41;0,19;8;0,5
P000228;1;0,11;51;0,73;Sim/B/B03;0,76;0,22;5;0,4
P000228;1;0,11;51;0,73;Sim/C/C03;1,36;0,32;10;0,9;Sim/A/A04 Sim/B/B02 Sim/B/B03 ;0,99 (0,65 | 5 | 0,8) 0,41 (0,19 | 8 | 0,5) 0,76 (0,22 | 5 | 0,4) 
P000229;-0,17;0,08;69;0,51;Sim/A/A02;-0,08;0,3;10;0,7
P000229;-0,17;0,08;69;0,51;Sim/A/A04;-0,11;0,21;6;0,5
P000229;-0,17;0,08;69;0,51;Sim/A/A07;-0,13;0,24;9;0,56
P000229;-0,17;0,08;69;0,51;Sim/B/B01;-0,17;0,23;8;0,38
P000229;-0,17;0,08;69;0,51;Sim/B/B02;-0,12;0,23;5;0,4
P000229;-0,17;0,08;69;0,51;Sim/C/C01;-0,12;0,23;5;0,6
P000229;-0,17;0,08;69;0,51;Sim/C/C03;-0,3;0,32;10;0,3;Sim/B/B01 Sim/B/B03 Sim/C/C02 Sim/C/C03 ;-0,17 (0,23 | 8 | 0,38) -0,17 (0,65 | 5 | 0) -0,46 (0,24 | 4 | 0,5) -0,3 (0,32 | 10 | 0,3) 
P000230;-3,49;0,18;42;0,33;Sim/A/A01;-3,33;0,27;10;0,6
P000230;-3,49;0,18;42;0,33;Sim/A/A03;-3,57;0,29;10;0,7;Sim/A/A02 Sim/A/A03 Sim/A/A05 Sim/A/A06 Sim/B/B01 Sim/B/B02 ;-3,5 (0,9 | 5 | 0) -3,57 (0,29 | 10 | 0,7) -4,01 (1,07 | 6 | 0,17) -3,49 (2,32 | 5 | 0) -3,49 (3,91 | 5 | 0) -3,49 (1894,13 | 1 | 0) 
P000231;0,98;0,11;61;0,7;Sim/A/A02;0,83;0,39;10;0,9
P000231;0,98;0,11;61;0,7;Sim/A/A04;0,68;0,38;10;0,8
P000231;0,98;0,11;61;0,7;Sim/B/B01;0,41;0,31;10;0,5
P000231;0,98;0,11;61;0,7;Sim/B/B02;1,18;0,39;10;0,5
P000231;0,98;0,11;61;0,7;Sim/B/B03;1,23;0,21;5;0,6
P000231;0,98;0,11;61;0,7;Sim/C/C02;1,33;0,43;10;0,9
P000231;0,98;0,11;61;0,7;Sim/C/C03;0,98;0,25;6;0,67;Sim/A/A02 Sim/A/A04 Sim/B/B01 ;0,83 (0,39 | 10 | 0,9) 0,68 (0,38 | 10 | 0,8) 0,41 (0,31 | 10 | 0,5) 
P000232;-2,96;0,17;33;0,27;Sim/A/A01;-3,42;0,25;9;0,56
P000232;-2,96;0,17;33;0,27;Sim/A/A02;-2,62;0,23;8;0,25
P000232;-2,96;0,17;33;0,27;Sim/A/A05;-2,9;0,23;5;0,4;Sim/A/A01 Sim/A/A06 Sim/B/B01 Sim/B/B02 ;-3,42 (0,25 | 9 | 0,56) -2,96 (1,65 | 5 | 0) -2,96 (2,24 | 5 | 0) -2,96 (386,11 | 1 | 0) 
P000233;-0,35;0,08;56;0,48;Sim/A/A02;-0,34;0,25;10;0,6
P000233;-0,35;0,08;56;0,48;Sim/A/A06;-0,54;0,23;5;0,8
P000233;-0,35;0,08;56;0,48;Sim/B/B01;-0,83;0,27;10;0,4
P000233;-0,35;0,08;56;0,48;Sim/B/B02;-0,23;0,22;5;0,4
P000233;-0,35;0,08;56;0,48;Sim/C/C02;-0,27;0,23;5;0,4
P000233;-0,35;0,08;56;0,48;Sim/C/C03;-0,27;0,31;10;0,4;Sim/A/A06 Sim/A/A07 Sim/B/B01 ;-0,54 (0,23 | 5 | 0,8) -0,37 (0,23 | 4 | 0,5) -0,83 (0,27 | 10 | 0,4) 
P000234;-2,39;0,16;25;0,24;Sim/A/A02;-2,49;0,24;6;0,33
P000234;-2,39;0,16;25;0,24;Sim/A/A05;-2,28;0,21;8;0,5;Sim/A/A02 Sim/A/A06 Sim/B/B01 Sim/B/B02 ;-2,49 (0,24 | 6 | 0,33) -2,4 (1,13 | 5 | 0) -2,4 (1,2 | 5 | 0) -2,39 (71,87 | 1 | 0) 
P000235;0,35;0,1;65;0,63;Sim/A/A02;0,24;0,34;10;0,8
P000235;0,35;0,1;65;0,63;Sim/A/A07;0,31;0,4;10;0,8
P000235;0,35;0,1;65;0,63;Sim/B/B01;0,16;0,25;9;0,56
P000235;0,35;0,1;65;0,63;Sim/B/B03;0,6;0,24;5;0,2
P000235;0,35;0,1;65;0,63;Sim/C/C01;0,03;0,24;8;0,63
P000235;0,35;0,1;65;0,63;Sim/C/C02;0,39;0,29;10;0,6;Sim/A/A02 Sim/A/A07 Sim/B/B01 Sim/B/B02 Sim/C/C01 ;0,24 (0,34 | 10 | 0,8) 0,31 (0,4 | 10 | 0,8) 0,16 (0,25 | 9 | 0,56) 0,12 (0,25 | 4 | 0,5) 0,03 (0,24 | 8 | 0,63) 
P000236;1,82;0,21;33;0,7;Sim/B/B01;1,66;0,38;10;0,8
P000236;1,82;0,21;33;0,7;Sim/B/B02;1,51;0,43;10;0,5;Sim/B/B01 Sim/B/B02 Sim/C/C04 Sim/C/C07 Sim/C/C10 ;1,66 (0,38 | 10 | 0,8) 1,51 (0,43 | 10 | 0,5) 1,82 (1,8 | 1 | 0) 1,81 (1,52 | 1 | 0) 1,82 (2,18 | 1 | 0) 
P000237;3,71;0,09;62;0,5;Sim/C/C04;3,63;0,24;6;0,5
P000237;3,71;0,09;62;0,5;Sim/C/C07;3,83;0,19;5;0,6
P000237;3,71;0,09;62;0,5;Sim/C/C08;3,71;0,34;10;0
P000237;3,71;0,09;62;0,5;Sim/C/C09;3,75;0,33;10;0,1;Sim/B/B03 Sim/B/B04 Sim/C/C04 Sim/C/C05 Sim/C/C10 ;2,23 (0,89 | 5 | 0,8) 3,2 (0,25 | 4 | 0,5) 3,63 (0,24 | 6 | 0,5) 3,51 (0,22 | 4 | 0,5) 3,44 (0,2 | 4 | 0,5) 
P000238;-0,43;0,08;68;0,5;Sim/A/A02;0,24;0,34;10;0,8
P000238;-0,43;0,08;68;0,5;Sim/A/A04;-0,45;0,25;8;0,5
P000238;-0,43;0,08;68;0,5;Sim/B/B01;-0,82;0,27;10;0,4
P000238;-0,43;0,08;68;0,5;Sim/C/C02;-0,22;0,23;6;0,67
P000238;-0,43;0,08;68;0,5;Sim/C/C03;-0,88;0,43;10;0,2;Sim/A/A04 Sim/A/A06 Sim/B/B01 Sim/B/B02 Sim/C/C03 ;-0,45 (0,25 | 8 | 0,5) -1,14 (0,23 | 4 | 0,25) -0,82 (0,27 | 10 | 0,4) -0,96 (0,57 | 8 | 0) -0,88 (0,43 | 10 | 0,2) 
P000239;-0,49;0,09;51;0,43;Sim/A/A02;-0,64;0,24;7;0,57
P000239;-0,49;0,09;51;0,43;Sim/B/B01;-0,96;0,29;10;0,4
P000239;-0,49;0,09;51;0,43;Sim/C/C02;-0,13;0,24;6;0,5
P000239;-0,49;0,09;51;0,43;Sim/C/C03;-0,64;0,34;10;0,2;Sim/A/A02 Sim/A/A06 Sim/B/B01 Sim/C/C01 Sim/C/C03 ;-0,64 (0,24 | 7 | 0,57) -0,49 (0,25 | 4 | 0,75) -0,96 (0,29 | 10 | 0,4) -0,65 (0,23 | 4 | 0,5) -0,64 (0,34 | 10 | 0,2) 
P000240;-3;0,16;41;0,27;Sim/A/A01;-2,78;0,43;10;0,8
P000240;-3;0,16;41;0,27;Sim/A/A02;-2,87;0,28;10;0,1
P000240;-3;0,16;41;0,27;Sim/A/A05;-3,13;0,27;10;0,2;Sim/A/A05 Sim/A/A06 Sim/B/B01 Sim/B/B02 ;-3,13 (0,27 | 10 | 0,2) -3 (1,69 | 5 | 0) -3 (2,33 | 5 | 0) -3 (434,58 | 1 | 0) 
P000241;-3,46;0,19;33;0,33;Sim/A/A01;-3,47;0,25;7;0,57
P000241;-3,46;0,19;33;0,33;Sim/A/A03;-3,39;0,34;10;0,7;Sim/A/A01 Sim/A/A02 Sim/A/A06 Sim/B/B01 Sim/B/B02 ;-3,47 (0,25 | 7 | 0,57) -3,47 (0,85 | 5 | 0) -3,46 (2,28 | 5 | 0) -3,46 (3,82 | 5 | 0) -3,46 (1728,95 | 1 | 0) 
P000242;3,88;0,09;71;0,62;Sim/B/B04;3,8;0,31;10;0,8
P000242;3,88;0,09;71;0,62;Sim/C/C04;3,74;0,24;6;0,5
P000242;3,88;0,09;71;0,62;Sim/C/C05;3,58;0,2;5;0,4
P000242;3,88;0,09;71;0,62;Sim/C/C07;4,06;0,24;5;0,8
P000242;3,88;0,09;71;0,62;Sim/C/C08;3,61;0,39;10;0,1
P000242;3,88;0,09;71;0,62;Sim/C/C09;4,39;0,17;7;0,43
P000242;3,88;0,09;71;0,62;Sim/C/C10;4,26;0,28;10;0,8;Sim/B/B04 Sim/C/C04 Sim/C/C05 Sim/C/C06 Sim/C/C08 ;3,8 (0,31 | 10 | 0,8) 3,74 (0,24 | 6 | 0,5) 3,58 (0,2 | 5 | 0,4) 3,6 (0,24 | 3 | 0) 3,61 (0,39 | 10 | 0,1) 
P000243;-2,43;0,16;22;0,23;Sim/A/A02;-2,49;0,24;6;0,33
P000243;-2,43;0,16;22;0,23;Sim/A/A05;-2,34;0,22;5;0,6;Sim/A/A02 Sim/A/A06 Sim/B/B01 Sim/B/B02 ;-2,49 (0,24 | 6 | 0,33) -2,44 (1,16 | 5 | 0) -2,44 (1,26 | 5 | 0) -2,43 (81,09 | 1 | 0) 
P000244;-3,04;0,17;46;0,33;Sim/A/A02;-2,87;0,28;10;0,1
P000244;-3,04;0,17;46;0,33;Sim/A/A03;-3,07;0,46;10;0,8
P000244;-3,04;0,17;46;0,33;Sim/A/A05;-3,27;0,33;10;0,2;Sim/A/A03 Sim/A/A05 Sim/A/A06 Sim/B/B01 Sim/B/B02 ;-3,07 (0,46 | 10 | 0,8) -3,27 (0,33 | 10 | 0,2) -3,04 (1,74 | 5 | 0) -3,04 (2,42 | 5 | 0) -3,04 (490,8 | 1 | 0) 
P000245;4,65;0,11;73;0,85;Sim/C/C04;4,62;0,29;10;0,8
P000245;4,65;0,11;73;0,85;Sim/C/C05;4,19;0,3;10;0,8
P000245;4,65;0,11;73;0,85;Sim/C/C07;4,18;0,25;9;0,78
P000245;4,65;0,11;73;0,85;Sim/C/C08;4,86;0,19;5;0,6
P000245;4,65;0,11;73;0,85;Sim/C/C09;4,55;0,17;6;0,67
P000245;4,65;0,11;73;0,85;Sim/C/C10;4,66;0,45;10;1;Sim/C/C04 Sim/C/C05 Sim/C/C07 Sim/C/C09 ;4,62 (0,29 | 10 | 0,8) 4,19 (0,3 | 10 | 0,8) 4,18 (0,25 | 9 | 0,78) 4,55 (0,17 | 6 | 0,67) 
P000246;-2,97;0,22;40;0,38;Sim/A/A01;-3,5;0,25;8;0,63
P000246;-2,97;0,22;40;0,38;Sim/A/A02;-2,83;0,27;10;0,2
P000246;-2,97;0,22;40;0,38;Sim/A/A06;-1,63;0,38;10;0,2;Sim/A/A01 Sim/B/B01 Sim/B/B02 ;-3,5 (0,25 | 8 | 0,63) -2,97 (2,55 | 5 | 0) -2,97 (399,89 | 1 | 0) 
P000247;-3,67;0,17;30;0,27;Sim/A/A01;-3,6;0,25;7;0,57
P000247;-3,67;0,17;30;0,27;Sim/A/A03;-3,71;0,25;7;0,57;Sim/A/A02 Sim/A/A03 Sim/A/A06 Sim/B/B01 Sim/B/B02 ;-3,67 (1,23 | 5 | 0) -3,71 (0,25 | 7 | 0,57) -3,67 (2,55 | 5 | 0) -3,67 (4,14 | 5 | 0) -3,67 (3193,73 | 1 | 0) 
P000248;-0,59;0,08;50;0,56;Sim/A/A02;-0,65;0,24;7;0,57
P000248;-0,59;0,08;50;0,56;Sim/A/A04;-0,73;0,23;6;0,5
P000248;-0,59;0,08;50;0,56;Sim/A/A07;-0,31;0,22;5;0,6
P000248;-0,59;0,08;50;0,56;Sim/B/B01;-0,17;0,24;6;0,67
P000248;-0,59;0,08;50;0,56;Sim/B/B02;-0,41;0,24;5;0,4
P000248;-0,59;0,08;50;0,56;Sim/C/C01;-1,34;0,27;10;0,3;Sim/A/A02 Sim/A/A04 Sim/C/C01 Sim/C/C02 ;-0,65 (0,24 | 7 | 0,57) -0,73 (0,23 | 6 | 0,5) -1,34 (0,27 | 10 | 0,3) -0,62 (0,23 | 4 | 0,5) 
P000249;-3,96;0,15;30;0,23;Sim/A/A01;-4,27;0,23;5;0,4
P000249;-3,96;0,15;30;0,23;Sim/A/A03;-3,68;0,25;9;0,56;Sim/A/A01 Sim/A/A02 Sim/A/A06 Sim/B/B01 Sim/B/B02 ;-4,27 (0,23 | 5 | 0,4) -3,96 (1,95 | 5 | 0) -3,96 (2,89 | 5 | 0) -3,96 (4,53 | 5 | 0) -3,96 (7595,5 | 1 | 0) 
P000250;-2,39;0,15;30;0,27;Sim/A/A02;-2,2;0,24;6;0,5
P000250;-2,39;0,15;30;0,27;Sim/A/A05;-2,74;0,2;7;0,29
P000250;-2,39;0,15;30;0,27;Sim/A/A06;-1,3;0,24;7;0,29
P000250;-2,39;0,15;30;0,27;Sim/B/B01;-1,78;0,46;10;0,1;Sim/A/A05 ;-2,74 (0,2 | 7 | 0,29) 
P000251;4,44;0,11;64;0,78;Sim/B/B04;3,43;0,23;5;0,6
P000251;4,44;0,11;64;0,78;Sim/C/C04;4,54;0,27;10;0,8
P000251;4,44;0,11;64;0,78;Sim/C/C07;3,89;0,2;6;0,5;Sim/B/B01 Sim/B/B02 Sim/B/B04 Sim/C/C07 Sim/C/C08 ;2,01 (0,56 | 6 | 0,83) 3,3 (0,83 | 5 | 0,8) 3,43 (0,23 | 5 | 0,6) 3,89 (0,2 | 6 | 0,5) 4,38 (0,24 | 4 | 0) 
P000252;1,23;0,12;52;0,75;Sim/A/A02;0,83;0,39;10;0,9
P000252;1,23;0,12;52;0,75;Sim/B/B01;1,43;0,31;10;0,7
P000252;1,23;0,12;52;0,75;Sim/B/B02;1,49;0,43;10;0,6
P000252;1,23;0,12;52;0,75;Sim/B/B03;1,23;0,21;5;0,6
P000252;1,23;0,12;52;0,75;Sim/C/C03;0,98;0,25;6;0,67;Sim/A/A02 Sim/A/A04 Sim/B/B03 Sim/C/C03 ;0,83 (0,39 | 10 | 0,9) 0,92 (0,63 | 5 | 0,8) 1,23 (0,21 | 5 | 0,6) 0,98 (0,25 | 6 | 0,67) 
P000253;-0,34;0,08;73;0,56;Sim/A/A02;0,24;0,34;10;0,8
P000253;-0,34;0,08;73;0,56;Sim/A/A04;-0,22;0,23;5;0,4
P000253;-0,34;0,08;73;0,56;Sim/A/A06;-0,24;0,31;10;0,7
P000253;-0,34;0,08;73;0,56;Sim/A/A07;0,22;0,37;10;0,8
P000253;-0,34;0,08;73;0,56;Sim/B/B01;-0,32;0,24;7;0,57
P000253;-0,34;0,08;73;0,56;Sim/B/B02;-0,54;0,25;10;0,2
P000253;-0,34;0,08;73;0,56;Sim/C/C01;-0,95;0,22;5;0,4
P000253;-0,34;0,08;73;0,56;Sim/C/C02;-0,96;0,27;10;0,4
P000253;-0,34;0,08;73;0,56;Sim/C/C03;0,47;0,21;6;0,67;Sim/B/B02 Sim/C/C01 Sim/C/C02 ;-0,54 (0,25 | 10 | 0,2) -0,95 (0,22 | 5 | 0,4) -0,96 (0,27 | 10 | 0,4) 
P000254;3,57;0,08;75;0,53;Sim/B/B04;3,97;0,39;10;0,8
P000254;3,57;0,08;75;0,53;Sim/C/C04;3,67;0,23;8;0,63
P000254;3,57;0,08;75;0,53;Sim/C/C06;3,15;0,36;10;0,2
P000254;3,57;0,08;75;0,53;Sim/C/C10;4,05;0,23;10;0,7;Sim/B/B02 Sim/B/B03 Sim/C/C05 Sim/C/C06 Sim/C/C07 Sim/C/C08 Sim/C/C09 ;3,3 (0,83 | 5 | 0,8) 2,55 (1,2 | 5 | 0,8) 3,32 (0,22 | 4 | 0,5) 3,15 (0,36 | 10 | 0,2) 3,4 (0,23 | 4 | 0,5) 3,32 (0,61 | 6 | 0,17) 3,28 (0,68 | 8 | 0) 
P000255;-1,39;0,11;53;0,23;Sim/A/A07;-1,29;0,37;10;0,2
P000255;-1,39;0,11;53;0,23;Sim/B/B01;-1,71;0,42;10;0,1
P000255;-1,39;0,11;53;0,23;Sim/C/C01;-1,08;0,23;6;0,5
P000255;-1,39;0,11;53;0,23;Sim/C/C02;-1,3;0,45;10;0,3;Sim/A/A04 Sim/A/A06 Sim/B/B01 Sim/B/B02 ;-1,44 (0,25 | 4 | 0,25) -1,93 (0,65 | 8 | 0) -1,71 (0,42 | 10 | 0,1) -1,71 (9,5 | 1 | 0) 
P000256;1,04;0,11;64;0,73;Sim/A/A02;0,41;0,35;10;0,8
P000256;1,04;0,11;64;0,73;Sim/B/B02;0,99;0,33;10;0,5
P000256;1,04;0,11;64;0,73;Sim/B/B03;1;0,19;6;0,5
P000256;1,04;0,11;64;0,73;Sim/C/C02;0,6;0,29;10;0,7
P000256;1,04;0,11;64;0,73;Sim/C/C03;1,08;0,24;9;0,67;Sim/A/A02 Sim/A/A04 Sim/B/B02 Sim/B/B03 Sim/C/C02 ;0,41 (0,35 | 10 | 0,8) 0,92 (0,55 | 7 | 0,86) 0,99 (0,33 | 10 | 0,5) 1 (0,19 | 6 | 0,5) 0,6 (0,29 | 10 | 0,7) 
P000257;-0,94;0,09;52;0,35;Sim/A/A02;-0,63;0,24;10;0,5
P000257;-0,94;0,09;52;0,35;Sim/B/B01;-1,79;0,46;10;0,1
P000257;-0,94;0,09;52;0,35;Sim/C/C03;-0,27;0,31;10;0,4;Sim/A/A04 Sim/A/A07 Sim/B/B01 Sim/C/C02 ;-1,14 (0,2 | 4 | 0,5) -1,62 (0,98 | 5 | 0,2) -1,79 (0,46 | 10 | 0,1) -1,68 (0,94 | 5 | 0,2) 
P000258;-1,51;0,13;56;0,29;Sim/A/A02;-1,68;0,23;6;0,5
P000258;-1,51;0,13;56;0,29;Sim/A/A05;-1,83;0,27;10;0,8
P000258;-1,51;0,13;56;0,29;Sim/A/A06;-1,23;0,23;5;0,2
P000258;-1,51;0,13;56;0,29;Sim/B/B01;-1,59;0,37;10;0,1
P000258;-1,51;0,13;56;0,29;Sim/C/C01;-1,25;0,24;10;0,2;Sim/A/A02 Sim/A/A05 Sim/B/B01 Sim/B/B02 Sim/C/C02 Sim/C/C03 ;-1,68 (0,23 | 6 | 0,5) -1,83 (0,27 | 10 | 0,8) -1,59 (0,37 | 10 | 0,1) -1,64 (1,81 | 5 | 0) -1,53 (0,71 | 5 | 0) -1,52 (1,35 | 1 | 0) 
P000259;2,98;0,1;64;0,41;Sim/B/B04;2,76;0,2;7;0,43
P000259;2,98;0,1;64;0,41;Sim/C/C07;2,99;0,24;7;0,29
P000259;2,98;0,1;64;0,41;Sim/C/C10;3,62;0,2;5;0,6;Sim/B/B04 Sim/C/C04 Sim/C/C05 Sim/C/C06 ;2,76 (0,2 | 7 | 0,43) 2,29 (0,57 | 6 | 0,17) 2,18 (0,88 | 7 | 0,14) 2,91 (0,66 | 6 | 0,17) 
P000260;-1,6;0,14;51;0,27;Sim/A/A05;-1,97;0,23;9;0,78
P000260;-1,6;0,14;51;0,27;Sim/A/A06;-1,31;0,23;8;0,25
P000260;-1,6;0,14;51;0,27;Sim/B/B01;-1,73;0,43;10;0,1
P000260;-1,6;0,14;51;0,27;Sim/C/C01;-1,66;0,4;10;0,2;Sim/A/A04 Sim/A/A05 Sim/B/B01 Sim/B/B02 Sim/C/C01 Sim/C/C02 Sim/C/C03 ;-2,01 (0,54 | 7 | 0) -1,97 (0,23 | 9 | 0,78) -1,73 (0,43 | 10 | 0,1) -1,73 (10,19 | 1 | 0) -1,66 (0,4 | 10 | 0,2) -1,61 (1,57 | 1 | 0) -1,61 (1,41 | 1 | 0) 
P000261;-0,69;0,08;59;0,39;Sim/A/A02;-1,25;0,24;5;0,4
P000261;-0,69;0,08;59;0,39;Sim/A/A06;-0,45;0,22;10;0,7
P000261;-0,69;0,08;59;0,39;Sim/A/A07;-0,71;0,19;5;0,4
P000261;-0,69;0,08;59;0,39;Sim/B/B01;-0,76;0,27;10;0,4
P000261;-0,69;0,08;59;0,39;Sim/B/B02;-0,71;0,35;8;0
P000261;-0,69;0,08;59;0,39;Sim/C/C03;-0,49;0,33;10;0,2;Sim/A/A02 Sim/A/A04 Sim/A/A07 Sim/B/B01 Sim/B/B02 ;-1,25 (0,24 | 5 | 0,4) -0,91 (0,22 | 3 | 0,67) -0,71 (0,19 | 5 | 0,4) -0,76 (0,27 | 10 | 0,4) -0,71 (0,35 | 8 | 0) 
P000262;-0,03;0,09;69;0,67;Sim/A/A02;0,24;0,34;10;0,8
P000262;-0,03;0,09;69;0,67;Sim/A/A06;-0,17;0,35;10;0,8
P000262;-0,03;0,09;69;0,67;Sim/A/A07;-0,05;0,27;10;0,8
P000262;-0,03;0,09;69;0,67;Sim/B/B01;-0,65;0,26;10;0,5
P000262;-0,03;0,09;69;0,67;Sim/B/B02;0,49;0,23;6;0,67
P000262;-0,03;0,09;69;0,67;Sim/C/C02;0,47;0,31;10;0,7
P000262;-0,03;0,09;69;0,67;Sim/C/C03;0,27;0,24;6;0,5;Sim/A/A04 Sim/A/A06 Sim/A/A07 Sim/B/B01 Sim/C/C01 ;-0,13 (0,24 | 3 | 0,33) -0,17 (0,35 | 10 | 0,8) -0,05 (0,27 | 10 | 0,8) -0,65 (0,26 | 10 | 0,5) -0,57 (0,22 | 4 | 0,5) 
P000263;0,8;0,11;77;0,75;Sim/A/A02;0,24;0,34;10;0,8
P000263;0,8;0,11;77;0,75;Sim/A/A07;0,11;0,33;10;0,8
P000263;0,8;0,11;77;0,75;Sim/B/B01;0,85;0,25;10;0,6
P000263;0,8;0,11;77;0,75;Sim/B/B02;1,35;0,44;10;0,5
P000263;0,8;0,11;77;0,75;Sim/C/C01;0,2;0,28;10;0,8
P000263;0,8;0,11;77;0,75;Sim/C/C02;1,33;0,43;10;0,9;Sim/A/A02 Sim/A/A07 Sim/C/C01 Sim/C/C03 ;0,24 (0,34 | 10 | 0,8) 0,11 (0,33 | 10 | 0,8) 0,2 (0,28 | 10 | 0,8) 0,68 (0,23 | 3 | 0,67) 
P000264;-0,79;0,08;57;0,39;Sim/A/A02;-0,1;0,31;10;0,7
P000264;-0,79;0,08;57;0,39;Sim/A/A04;-0,97;0,19;5;0,6
P000264;-0,79;0,08;57;0,39;Sim/A/A06;-0,84;0,18;5;0,6
P000264;-0,79;0,08;57;0,39;Sim/B/B01;-0,97;0,29;10;0,3
P000264;-0,79;0,08;57;0,39;Sim/B/B02;-0,8;0,42;7;0
P000264;-0,79;0,08;57;0,39;Sim/C/C02;-0,63;0,22;5;0,4;Sim/A/A04 Sim/A/A06 Sim/A/A07 Sim/B/B01 Sim/B/B02 Sim/C/C03 ;-0,97 (0,19 | 5 | 0,6) -0,84 (0,18 | 5 | 0,6) -1,67 (1 | 5 | 0,2) -0,97 (0,29 | 10 | 0,3) -0,8 (0,42 | 7 | 0) -1,03 (0,53 | 6 | 0,17) 
P000265;-1,02;0,09;50;0,3;Sim/A/A02;-0,46;0,25;10;0,6
P000265;-1,02;0,09;50;0,3;Sim/A/A06;-1,23;0,23;5;0,2
P000265;-1,02;0,09;50;0,3;Sim/C/C01;-0,07;0,23;8;0,75;Sim/A/A04 Sim/A/A06 Sim/A/A07 Sim/B/B01 Sim/C/C02 Sim/C/C03 ;-1,44 (0,25 | 4 | 0,25) -1,23 (0,23 | 5 | 0,2) -1,67 (1 | 5 | 0,2) -2,51 (1,12 | 8 | 0) -1,68 (0,94 | 5 | 0) -1,89 (1,27 | 5 | 0) 
P000266;-0,26;0,08;65;0,52;Sim/A/A02;-0,44;0,25;8;0,63
P000266;-0,26;0,08;65;0,52;Sim/A/A06;-0,17;0,36;10;0,8
P000266;-0,26;0,08;65;0,52;Sim/B/B01;-1,23;0,3;10;0,3
P000266;-0,26;0,08;65;0,52;Sim/B/B02;-0,55;0,25;10;0,1
P000266;-0,26;0,08;65;0,52;Sim/C/C02;0,02;0,25;10;0,6
P000266;-0,26;0,08;65;0,52;Sim/C/C03;0,67;0,21;6;0,67;Sim/A/A02 Sim/A/A07 Sim/B/B01 Sim/B/B02 Sim/C/C01 ;-0,44 (0,25 | 8 | 0,63) -0,47 (0,22 | 3 | 0,67) -1,23 (0,3 | 10 | 0,3) -0,55 (0,25 | 10 | 0,1) -0,37 (0,22 | 4 | 0,5) 
P000267;-1,19;0,1;52;0,35;Sim/A/A02;-1,54;0,24;6;0,5
P000267;-1,19;0,1;52;0,35;Sim/A/A04;-1,54;0,25;7;0,14
P000267;-1,19;0,1;52;0,35;Sim/A/A06;-1,23;0,23;5;0,2
P000267;-1,19;0,1;52;0,35;Sim/B/B01;-1,04;0,29;10;0,3;Sim/A/A02 Sim/A/A04 Sim/A/A06 Sim/C/C03 ;-1,54 (0,24 | 6 | 0,5) -1,54 (0,25 | 7 | 0,14) -1,23 (0,23 | 5 | 0,2) -1,89 (1,27 | 5 | 0) 
P000268;-3,61;0,17;33;0,33;Sim/A/A01;-3,47;0,25;7;0,57
P000268;-3,61;0,17;33;0,33;Sim/A/A03;-3,75;0,22;10;0,6;Sim/A/A02 Sim/A/A03 Sim/A/A06 ;-3,61 (1,15 | 5 | 0) -3,75 (0,22 | 10 | 0,6) -3,61 (2,48 | 5 | 0) 
P000269;-2,03;0,15;37;0,19;Sim/A/A02;-1,7;0,22;7;0,43
P000269;-2,03;0,15;37;0,19;Sim/A/A04;-1,76;0,32;10;0,2;Sim/A/A05 Sim/B/B01 Sim/C/C01 Sim/C/C02 ;-2,35 (0,24 | 4 | 0,5) -2,05 (0,7 | 5 | 0) -2,13 (0,73 | 5 | 0) -2,04 (1,82 | 1 | 0) 
P000270;-1,84;0,16;30;0,43;Sim/A/A02;-2,48;0,23;7;0,29
P000270;-1,84;0,16;30;0,43;Sim/A/A06;-1,05;0,18;8;0,38;Sim/A/A02 Sim/B/B01 ;-2,48 (0,23 | 7 | 0,29) -2,51 (1,12 | 8 | 0,13) 
P000271;-1,31;0,11;60;0,32;Sim/A/A02;-1,54;0,24;6;0,5
P000271;-1,31;0,11;60;0,32;Sim/A/A04;-1,23;0,18;7;0,43
P000271;-1,31;0,11;60;0,32;Sim/A/A06;-1,23;0,23;5;0,2
P000271;-1,31;0,11;60;0,32;Sim/B/B01;-1;0,29;10;0,3
P000271;-1,31;0,11;60;0,32;Sim/B/B02;-0,89;0,48;10;0,1
P000271;-1,31;0,11;60;0,32;Sim/C/C01;-1,59;0,37;10;0,1;Sim/A/A02 Sim/A/A05 Sim/C/C01 Sim/C/C02 ;-1,54 (0,24 | 6 | 0,5) -1,38 (0,58 | 7 | 0,86) -1,59 (0,37 | 10 | 0,1) -1,75 (0,95 | 5 | 0,2) 
P000272;2,59;0,14;61;0,43;Sim/B/B01;1,89;0,46;10;0,8
P000272;2,59;0,14;61;0,43;Sim/C/C04;2,9;0,32;10;0,4;Sim/B/B01 Sim/B/B03 Sim/B/B04 Sim/C/C05 Sim/C/C06 Sim/C/C10 ;1,89 (0,46 | 10 | 0,8) 2,13 (0,64 | 7 | 0,86) 2 (0,73 | 6 | 0,17) 2,12 (0,9 | 7 | 0) 2,57 (1,08 | 5 | 0) 2,05 (1,01 | 7 | 0,14) 
P000273;1,08;0,1;61;0,74;Sim/A/A02;0,83;0,39;10;0,9
P000273;1,08;0,1;61;0,74;Sim/B/B01;1,17;0,25;9;0,67
P000273;1,08;0,1;61;0,74;Sim/B/B02;0,81;0,26;10;0,5
P000273;1,08;0,1;61;0,74;Sim/B/B03;1,05;0,18;7;0,43
P000273;1,08;0,1;61;0,74;Sim/C/C02;1,33;0,43;10;0,9
P000273;1,08;0,1;61;0,74;Sim/C/C03;1,15;0,25;10;0,8;Sim/A/A02 Sim/B/B02 Sim/B/B03 ;0,83 (0,39 | 10 | 0,9) 0,81 (0,26 | 10 | 0,5) 1,05 (0,18 | 7 | 0,43) 
P000274;0,21;0,1;64;0,61;Sim/A/A02;0,24;0,34;10;0,8
P000274;0,21;0,1;64;0,61;Sim/A/A07;0,01;0,29;10;0,8
P000274;0,21;0,1;64;0,61;Sim/B/B01;-0,18;0,25;5;0,4
P000274;0,21;0,1;64;0,61;Sim/B/B02;0,56;0,23;6;0,67
P000274;0,21;0,1;64;0,61;Sim/B/B03;0,19;0,32;10;0,1
P000274;0,21;0,1;64;0,61;Sim/C/C02;-0,13;0,24;6;0,5;Sim/A/A04 Sim/A/A07 Sim/B/B01 Sim/B/B03 Sim/C/C02 ;0,14 (0,23 | 3 | 0,67) 0,01 (0,29 | 10 | 0,8) -0,18 (0,25 | 5 | 0,4) 0,19 (0,32 | 10 | 0,1) -0,13 (0,24 | 6 | 0,5) 
P000275;-0,87;0,08;63;0,35;Sim/A/A02;-1,25;0,24;5;0,4
P000275;-0,87;0,08;63;0,35;Sim/A/A04;-0,33;0,25;7;0,57
P000275;-0,87;0,08;63;0,35;Sim/A/A06;-1,06;0,18;6;0,33
P000275;-0,87;0,08;63;0,35;Sim/B/B01;-0,65;0,26;10;0,5
P000275;-0,87;0,08;63;0,35;Sim/B/B02;-0,53;0,25;9;0,11
P000275;-0,87;0,08;63;0,35;Sim/C/C02;-0,44;0,23;5;0,6
P000275;-0,87;0,08;63;0,35;Sim/C/C03;-0,28;0,32;10;0,4;Sim/A/A02 Sim/A/A06 Sim/A/A07 Sim/C/C01 ;-1,25 (0,24 | 5 | 0,4) -1,06 (0,18 | 6 | 0,33) -0,91 (0,25 | 4 | 0,25) -2,14 (0,72 | 7 | 0) 
P000276;1,04;0,11;59;0,76;Sim/A/A04;0,82;0,46;10;0,9
P000276;1,04;0,11;59;0,76;Sim/B/B01;1,26;0,26;10;0,7
P000276;1,04;0,11;59;0,76;Sim/B/B03;0,77;0,22;5;0,4
P000276;1,04;0,11;59;0,76;Sim/C/C02;1,14;0,35;10;0,8
P000276;1,04;0,11;59;0,76;Sim/C/C03;1,36;0,32;10;0,9;Sim/A/A04 Sim/B/B02 Sim/B/B03 Sim/C/C04 Sim/C/C07 ;0,82 (0,46 | 10 | 0,9) 0,51 (0,25 | 4 | 0,5) 0,77 (0,22 | 5 | 0,4) 1,04 (3,29 | 1 | 0) 1,04 (3,39 | 1 | 0) 
P000277;-2,52;0,15;30;0,37;Sim/A/A02;-2,2;0,24;6;0,5
P000277;-2,52;0,15;30;0,37;Sim/A/A05;-2,78;0,22;5;0,4;Sim/A/A01 Sim/A/A05 Sim/B/B01 ;-2,56 (0,56 | 6 | 0,83) -2,78 (0,22 | 5 | 0,4) -2,52 (1,29 | 5 | 0) 
P000278;-0,38;0,08;64;0,42;Sim/A/A02;-0,91;0,24;6;0,5
P000278;-0,38;0,08;64;0,42;Sim/A/A04;-0,27;0,23;6;0,5
P000278;-0,38;0,08;64;0,42;Sim/A/A06;-0,41;0,24;8;0,75
P000278;-0,38;0,08;64;0,42;Sim/A/A07;-0,45;0,18;6;0,5
P000278;-0,38;0,08;64;0,42;Sim/B/B01;-0,09;0,24;6;0,5
P000278;-0,38;0,08;64;0,42;Sim/B/B02;-0,58;0,27;10;0
P000278;-0,38;0,08;64;0,42;Sim/C/C01;-0,08;0,23;6;0,5
P000278;-0,38;0,08;64;0,42;Sim/C/C02;-0,13;0,24;6;0,5
P000278;-0,38;0,08;64;0,42;Sim/C/C03;-0,5;0,33;10;0,3;Sim/A/A02 Sim/A/A06 Sim/A/A07 Sim/B/B02 Sim/C/C03 ;-0,91 (0,24 | 6 | 0,5) -0,41 (0,24 | 8 | 0,75) -0,45 (0,18 | 6 | 0,5) -0,58 (0,27 | 10 | 0) -0,5 (0,33 | 10 | 0,3) 
P000279;4,63;0,11;67;0,87;Sim/C/C04;4,79;0,33;10;1
P000279;4,63;0,11;67;0,87;Sim/C/C07;3,65;0,19;6;0,5
P000279;4,63;0,11;67;0,87;Sim/C/C08;5,1;0,22;6;1
P000279;4,63;0,11;67;0,87;Sim/C/C09;4,09;0,23;7;0,29
P000279;4,63;0,11;67;0,87;Sim/C/C10;4,65;0,45;10;1;Sim/B/B02 Sim/C/C07 Sim/C/C09 ;4,03 (1,72 | 5 | 0,8) 3,65 (0,19 | 6 | 0,5) 4,09 (0,23 | 7 | 0,29) 
P000280;0,45;0,1;74;0,64;Sim/A/A02;0,24;0,34;10;0,8
P000280;0,45;0,1;74;0,64;Sim/A/A04;-0,26;0,22;7;0,57
P000280;0,45;0,1;74;0,64;Sim/A/A07;0,08;0,32;10;0,7
P000280;0,45;0,1;74;0,64;Sim/B/B01;0,69;0,28;10;0,5
P000280;0,45;0,1;74;0,64;Sim/B/B02;0,43;0,23;5;0,6
P000280;0,45;0,1;74;0,64;Sim/B/B03;0,06;0,39;10;0,1
P000280;0,45;0,1;74;0,64;Sim/C/C03;0,81;0,2;7;0,57;Sim/A/A02 Sim/A/A04 Sim/A/A07 Sim/B/B02 Sim/B/B03 ;0,24 (0,34 | 10 | 0,8) -0,26 (0,22 | 7 | 0,57) 0,08 (0,32 | 10 | 0,7) 0,43 (0,23 | 5 | 0,6) 0,06 (0,39 | 10 | 0,1) 
P000281;0,92;0,11;57;0,74;Sim/A/A02;0,83;0,39;10;0,9
P000281;0,92;0,11;57;0,74;Sim/B/B01;0,68;0,29;10;0,5
P000281;0,92;0,11;57;0,74;Sim/B/B02;0,29;0,22;5;0,4
P000281;0,92;0,11;57;0,74;Sim/C/C02;1,29;0,41;10;0,9
P000281;0,92;0,11;57;0,74;Sim/C/C03;1,67;0,46;10;0,9;Sim/A/A02 Sim/B/B01 Sim/B/B02 Sim/B/B03 Sim/C/C04 Sim/C/C07 ;0,83 (0,39 | 10 | 0,9) 0,68 (0,29 | 10 | 0,5) 0,29 (0,22 | 5 | 0,4) 0,9 (0,23 | 4 | 0,5) 0,92 (3,6 | 1 | 0) 0,92 (3,87 | 1 | 0) 
P000282;3,62;0,09;65;0,57;Sim/C/C04;3,48;0,24;8;0,5
P000282;3,62;0,09;65;0,57;Sim/C/C05;3,32;0,21;5;0,4
P000282;3,62;0,09;65;0,57;Sim/C/C08;3,84;0,29;10;0,2
P000282;3,62;0,09;65;0,57;Sim/C/C10;3,76;0,24;5;0,6;Sim/C/C04 Sim/C/C05 Sim/C/C06 Sim/C/C07 Sim/C/C09 ;3,48 (0,24 | 8 | 0,5) 3,32 (0,21 | 5 | 0,4) 3,57 (0,25 | 3 | 0,33) 3,6 (0,21 | 4 | 0,5) 3,28 (0,68 | 8 | 0,13) 
P000283;0,24;0,09;75;0,61;Sim/A/A02;0,83;0,39;10;0,9
P000283;0,24;0,09;75;0,61;Sim/A/A04;-0,23;0,23;5;0,4
P000283;0,24;0,09;75;0,61;Sim/B/B01;0,04;0,23;10;0,5
P000283;0,24;0,09;75;0,61;Sim/B/B02;0,09;0,23;6;0,33
P000283;0,24;0,09;75;0,61;Sim/B/B03;0,06;0,39;10;0,1
P000283;0,24;0,09;75;0,61;Sim/C/C01;0,66;0,48;10;0,9
P000283;0,24;0,09;75;0,61;Sim/C/C02;0,19;0,26;10;0,5;Sim/A/A04 Sim/B/B01 Sim/B/B02 Sim/B/B03 Sim/C/C02 ;-0,23 (0,23 | 5 | 0,4) 0,04 (0,23 | 10 | 0,5) 0,09 (0,23 | 6 | 0,33) 0,06 (0,39 | 10 | 0,1) 0,19 (0,26 | 10 | 0,5) 
P000284;1,13;0,11;59;0,75;Sim/A/A02;0,83;0,39;10;0,9
P000284;1,13;0,11;59;0,75;Sim/B/B01;1,03;0,24;8;0,5
P000284;1,13;0,11;59;0,75;Sim/B/B02;0,85;0,28;10;0,6
P000284;1,13;0,11;59;0,75;Sim/B/B03;1,39;0,23;5;0,8
P000284;1,13;0,11;59;0,75;Sim/C/C02;0,71;0,29;10;0,7
P000284;1,13;0,11;59;0,75;Sim/C/C03;1,67;0,46;10;0,9;Sim/A/A02 Sim/A/A04 Sim/B/B01 Sim/B/B02 Sim/C/C02 ;0,83 (0,39 | 10 | 0,9) 0,92 (0,63 | 5 | 0,8) 1,03 (0,24 | 8 | 0,5) 0,85 (0,28 | 10 | 0,6) 0,71 (0,29 | 10 | 0,7) 
P000285;-3,61;0,2;26;0,27;Sim/A/A01;-3,79;0,24;5;0,6;Sim/A/A01 Sim/A/A02 Sim/A/A06 Sim/B/B01 Sim/B/B02 ;-3,79 (0,24 | 5 | 0,6) -3,62 (1,13 | 5 | 0) -3,62 (2,49 | 5 | 0) -3,62 (4,07 | 5 | 0) -3,61 (2721,89 | 1 | 0) 
P000286;4,62;0,11;49;0,82;Sim/C/C04;4,96;0,4;10;0,9
P000286;4,62;0,11;49;0,82;Sim/C/C08;4,6;0,19;5;0,4
P000286;4,62;0,11;49;0,82;Sim/C/C10;3,99;0,23;7;0,71;Sim/B/B02 Sim/C/C08 Sim/C/C10 ;4,03 (1,72 | 5 | 0,8) 4,6 (0,19 | 5 | 0,4) 3,99 (0,23 | 7 | 0,71) 
P000287;2,37;0,16;62;0,35;Sim/B/B02;2,24;0,3;10;0,5
P000287;2,37;0,16;62;0,35;Sim/C/C04;2,89;0,33;10;0,4
P000287;2,37;0,16;62;0,35;Sim/C/C07;2,57;0,35;10;0,2;Sim/B/B02 Sim/B/B04 Sim/C/C05 Sim/C/C10 ;2,24 (0,3 | 10 | 0,5) 1,86 (0,78 | 6 | 0) 2,09 (0,9 | 8 | 0,13) 1,98 (1,02 | 8 | 0,13) 
P000288;-5,27;0,69;21;0;;;;;;;
P000289;-2,77;0,15;41;0,24;Sim/A/A02;-3,1;0,39;10;0
P000289;-2,77;0,15;41;0,24;Sim/B/B01;-1,48;0,34;10;0,1;Sim/A/A02 Sim/A/A05 ;-3,1 (0,39 | 10 | 0) -2,77 (0,22 | 4 | 0,5) 
P000290;-1,14;0,09;65;0,32;Sim/A/A02;-1,02;0,23;6;0,67
P000290;-1,14;0,09;65;0,32;Sim/A/A04;-0,97;0,19;5;0,6
P000290;-1,14;0,09;65;0,32;Sim/A/A06;-0,97;0,17;7;0,43
P000290;-1,14;0,09;65;0,32;Sim/B/B01;-1,27;0,3;10;0,2
P000290;-1,14;0,09;65;0,32;Sim/C/C01;-1,58;0,35;10;0,2;Sim/A/A07 Sim/B/B01 Sim/B/B02 Sim/C/C01 Sim/C/C02 ;-1,82 (1,04 | 7 | 0) -1,27 (0,3 | 10 | 0,2) -1,34 (1,21 | 5 | 0) -1,58 (0,35 | 10 | 0,2) -1,38 (0,5 | 10 | 0,2) 
P000291;-1,45;0,12;52;0,33;Sim/A/A02;-1,68;0,23;6;0,5
P000291;-1,45;0,12;52;0,33;Sim/A/A06;-1,06;0,19;7;0,43
P000291;-1,45;0,12;52;0,33;Sim/C/C01;-1,53;0,34;10;0,2;Sim/A/A02 Sim/A/A07 Sim/B/B01 Sim/C/C01 Sim/C/C02 ;-1,68 (0,23 | 6 | 0,5) -1,94 (1,26 | 7 | 0) -2,51 (1,12 | 8 | 0) -1,53 (0,34 | 10 | 0,2) -1,5 (1,52 | 1 | 0) 
P000292;4,27;0,1;59;0,73;Sim/C/C04;4,24;0,25;10;0,6
P000292;4,27;0,1;59;0,73;Sim/C/C07;4,41;0,34;10;0,8
P000292;4,27;0,1;59;0,73;Sim/C/C08;4,15;0,24;5;0,4
P000292;4,27;0,1;59;0,73;Sim/C/C09;4,8;0,24;5;0,8
P000292;4,27;0,1;59;0,73;Sim/C/C10;3,78;0,24;5;0,6;Sim/B/B02 Sim/C/C04 Sim/C/C06 Sim/C/C08 Sim/C/C10 ;4,03 (1,72 | 5 | 0,8) 4,24 (0,25 | 10 | 0,6) 3,85 (0,2 | 4 | 0,5) 4,15 (0,24 | 5 | 0,4) 3,78 (0,24 | 5 | 0,6) 
P000293;-2,86;0,17;35;0,4;Sim/A/A02;-2,65;0,24;7;0,29;Sim/A/A03 Sim/A/A05 Sim/A/A06 Sim/B/B01 Sim/B/B02 ;-2,88 (0,64 | 5 | 0,8) -3,91 (1,06 | 5 | 0,2) -2,86 (1,54 | 5 | 0) -2,86 (2,02 | 5 | 0) -2,86 (287,05 | 1 | 0) 
P000294;-5,27;0,69;21;0;;;;;;;
P000295;-1,11;0,09;60;0,28;Sim/A/A04;-1,24;0,19;5;0,4
P000295;-1,11;0,09;60;0,28;Sim/A/A06;-1,23;0,23;5;0,2
P000295;-1,11;0,09;60;0,28;Sim/B/B01;-0,97;0,29;10;0,3
P000295;-1,11;0,09;60;0,28;Sim/B/B02;-0,89;0,48;10;0,1
P000295;-1,11;0,09;60;0,28;Sim/C/C01;-1,04;0,2;10;0,4
P000295;-1,11;0,09;60;0,28;Sim/C/C02;-0,77;0,24;5;0,4;Sim/A/A04 Sim/A/A06 Sim/A/A07 ;-1,24 (0,19 | 5 | 0,4) -1,23 (0,23 | 5 | 0,2) -1,67 (1 | 5 | 0,2) 
P000296;2,72;0,12;61;0,43;Sim/B/B02;2,38;0,32;10;0,6
P000296;2,72;0,12;61;0,43;Sim/B/B04;2,55;0,24;9;0,33
P000296;2,72;0,12;61;0,43;Sim/C/C04;2,53;0,42;10;0,2
P000296;2,72;0,12;61;0,43;Sim/C/C07;3,04;0,23;7;0,43;Sim/B/B02 Sim/B/B04 Sim/C/C04 Sim/C/C05 ;2,38 (0,32 | 10 | 0,6) 2,55 (0,24 | 9 | 0,33) 2,53 (0,42 | 10 | 0,2) 2,12 (0,9 | 7 | 0,14) 
P000297;0,3;0,09;71;0,56;Sim/A/A02;0,83;0,39;10;0,9
P000297;0,3;0,09;71;0,56;Sim/A/A04;0,64;0,36;10;0,8
P000297;0,3;0,09;71;0,56;Sim/B/B01;-0,04;0,24;6;0,33
P000297;0,3;0,09;71;0,56;Sim/B/B02;0,8;0,26;10;0,5
P000297;0,3;0,09;71;0,56;Sim/B/B03;0,25;0,29;10;0,1
P000297;0,3;0,09;71;0,56;Sim/C/C01;0,66;0,48;10;0,9
P000297;0,3;0,09;71;0,56;Sim/C/C02;-0,29;0,23;5;0,6
P000297;0,3;0,09;71;0,56;Sim/C/C03;-0,35;0,32;10;0,3;Sim/B/B01 Sim/B/B03 Sim/C/C02 Sim/C/C03 ;-0,04 (0,24 | 6 | 0,33) 0,25 (0,29 | 10 | 0,1) -0,29 (0,23 | 5 | 0,6) -0,35 (0,32 | 10 | 0,3) 
P000298;4,53;0,11;62;0,85;Sim/C/C04;4,52;0,27;10;0,8
P000298;4,53;0,11;62;0,85;Sim/C/C06;4,24;0,2;5;0,8
P000298;4,53;0,11;62;0,85;Sim/C/C07;4,57;0,44;10;0,8
P000298;4,53;0,11;62;0,85;Sim/C/C10;4,7;0,46;10;1;Sim/C/C04 Sim/C/C06 Sim/C/C09 ;4,52 (0,27 | 10 | 0,8) 4,24 (0,2 | 5 | 0,8) 4,45 (0,19 | 4 | 0,5) 
P000299;0,58;0,1;65;0,63;Sim/A/A02;0,18;0,34;10;0,8
P000299;0,58;0,1;65;0,63;Sim/A/A04;0,77;0,43;10;0,9
P000299;0,58;0,1;65;0,63;Sim/B/B01;0,78;0,26;10;0,5
P000299;0,58;0,1;65;0,63;Sim/B/B02;1,18;0,39;10;0,5
P000299;0,58;0,1;65;0,63;Sim/B/B03;0,6;0,24;5;0,2
P000299;0,58;0,1;65;0,63;Sim/C/C02;0,31;0,28;10;0,6;Sim/A/A02 Sim/C/C02 Sim/C/C03 ;0,18 (0,34 | 10 | 0,8) 0,31 (0,28 | 10 | 0,6) 0,28 (0,24 | 4 | 0,25) 
P000300;-0,3;0,08;68;0,51;Sim/A/A02;-1,02;0,23;7;0,43
P000300;-0,3;0,08;68;0,51;Sim/A/A04;-0,42;0,24;7;0,43
P000300;-0,3;0,08;68;0,51;Sim/A/A07;0,3;0,4;10;0,8
P000300;-0,3;0,08;68;0,51;Sim/B/B01;-0,45;0,24;9;0,56
P000300;-0,3;0,08;68;0,51;Sim/B/B02;0,49;0,23;6;0,67
P000300;-0,3;0,08;68;0,51;Sim/C/C01;-0,62;0,21;5;0,4
P000300;-0,3;0,08;68;0,51;Sim/C/C02;-0,1;0,22;10;0,4
P000300;-0,3;0,08;68;0,51;Sim/C/C03;-0,46;0,32;10;0,3;Sim/A/A02 Sim/A/A04 Sim/A/A06 Sim/B/B01 Sim/C/C01 Sim/C/C03 ;-1,02 (0,23 | 7 | 0,43) -0,42 (0,24 | 7 | 0,43) -0,49 (0,25 | 4 | 0,75) -0,45 (0,24 | 9 | 0,56) -0,62 (0,21 | 5 | 0,4) -0,46 (0,32 | 10 | 0,3) 
P000301;-0,64;0,08;61;0,43;Sim/A/A02;-0,46;0,25;10;0,6
P000301;-0,64;0,08;61;0,43;Sim/A/A04;-0,57;0,25;7;0,57
P000301;-0,64;0,08;61;0,43;Sim/B/B01;-0,96;0,28;10;0,4
P000301;-0,64;0,08;61;0,43;Sim/B/B02;-0,53;0,25;9;0,11
P000301;-0,64;0,08;61;0,43;Sim/C/C01;-0,91;0,22;5;0,4
P000301;-0,64;0,08;61;0,43;Sim/C/C03;0,13;0,23;9;0,44;Sim/A/A07 Sim/B/B01 Sim/C/C01 Sim/C/C02 ;-0,79 (0,25 | 3 | 0,33) -0,96 (0,28 | 10 | 0,4) -0,91 (0,22 | 5 | 0,4) -0,78 (0,25 | 4 | 0,25) 
P000302;1,26;0,13;56;0,75;Sim/A/A02;1,29;0,42;10;1
P000302;1,26;0,13;56;0,75;Sim/B/B01;0,95;0,25;7;0,43
P000302;1,26;0,13;56;0,75;Sim/B/B02;1,29;0,42;10;0,5
P000302;1,26;0,13;56;0,75;Sim/C/C02;0,81;0,3;10;0,8
P000302;1,26;0,13;56;0,75;Sim/C/C03;1,15;0,25;10;0,8;Sim/B/B01 Sim/C/C02 Sim/C/C03 ;0,95 (0,25 | 7 | 0,43) 0,81 (0,3 | 10 | 0,8) 1,15 (0,25 | 10 | 0,8) 
P000303;-2,22;0,16;41;0,22;Sim/A/A02;-1,54;0,24;6;0,5
P000303;-2,22;0,16;41;0,22;Sim/A/A05;-2,81;0,2;7;0,29
P000303;-2,22;0,16;41;0,22;Sim/A/A06;-1,4;0,27;10;0,3;Sim/A/A04 Sim/A/A05 Sim/B/B01 Sim/C/C01 Sim/C/C02 ;-2,24 (0,84 | 5 | 0) -2,81 (0,2 | 7 | 0,29) -2,23 (0,89 | 5 | 0) -2,24 (0,82 | 6 | 0) -2,23 (1,98 | 1 | 0) 
P000304;-1,39;0,11;62;0,31;Sim/A/A02;-1,54;0,24;6;0,5
P000304;-1,39;0,11;62;0,31;Sim/A/A06;-1,56;0,34;10;0,3
P000304;-1,39;0,11;62;0,31;Sim/B/B01;-1,71;0,42;10;0,1
P000304;-1,39;0,11;62;0,31;Sim/C/C01;-0,69;0,24;5;0,6;Sim/A/A02 Sim/A/A04 Sim/A/A06 Sim/A/A07 Sim/B/B01 Sim/B/B02 Sim/C/C02 Sim/C/C03 ;-1,54 (0,24 | 6 | 0,5) -1,44 (0,25 | 4 | 0,25) -1,56 (0,34 | 10 | 0,3) -1,94 (1,26 | 7 | 0,14) -1,71 (0,42 | 10 | 0,1) -1,71 (9,5 | 1 | 0) -1,76 (0,94 | 6 | 0) -1,89 (1,27 | 5 | 0) 
P000305;-0,72;0,08;55;0,4;Sim/A/A02;-0,55;0,24;9;0,56
P000305;-0,72;0,08;55;0,4;Sim/A/A04;-0,9;0,19;5;0,6
P000305;-0,72;0,08;55;0,4;Sim/A/A07;-0,67;0,19;5;0,4
P000305;-0,72;0,08;55;0,4;Sim/B/B01;-0,96;0,29;10;0,4
P000305;-0,72;0,08;55;0,4;Sim/C/C01;-0,17;0,23;6;0,67;Sim/A/A04 Sim/B/B01 Sim/B/B02 Sim/C/C02 Sim/C/C03 ;-0,9 (0,19 | 5 | 0,6) -0,96 (0,29 | 10 | 0,4) -1,07 (0,74 | 6 | 0) -1,68 (0,94 | 5 | 0) -1,3 (0,77 | 5 | 0,2) 
P000306;-1,13;0,1;44;0,2;Sim/A/A04;-0,73;0,24;5;0,6
P000306;-1,13;0,1;44;0,2;Sim/B/B01;-1,79;0,46;10;0,1
P000306;-1,13;0,1;44;0,2;Sim/C/C01;-1,37;0,28;10;0,1;Sim/A/A02 Sim/A/A07 Sim/B/B01 Sim/C/C01 Sim/C/C02 ;-1,24 (0,24 | 4 | 0,5) -1,63 (0,97 | 6 | 0) -1,79 (0,46 | 10 | 0,1) -1,37 (0,28 | 10 | 0,1) -1,68 (0,94 | 5 | 0) 
P000307;2,26;0,19;47;0,57;Sim/B/B02;2,31;0,31;10;0,8
P000307;2,26;0,19;47;0,57;Sim/B/B04;2,39;0,29;10;0,3;Sim/B/B01 Sim/C/C04 Sim/C/C07 Sim/C/C10 ;2,02 (0,55 | 7 | 0,86) 2,15 (0,66 | 5 | 0) 1,87 (0,96 | 5 | 0,2) 2,25 (1,14 | 1 | 0) 
P000308;0,24;0,1;63;0,49;Sim/A/A02;-1,17;0,23;7;0,29
P000308;0,24;0,1;63;0,49;Sim/A/A07;0,3;0,4;10;0,7
P000308;0,24;0,1;63;0,49;Sim/B/B01;0,43;0,3;10;0,5
P000308;0,24;0,1;63;0,49;Sim/B/B02;-0,24;0,22;6;0,33
P000308;0,24;0,1;63;0,49;Sim/B/B03;0,38;0,25;9;0,11
P000308;0,24;0,1;63;0,49;Sim/C/C02;-0,06;0,25;7;0,43
P000308;0,24;0,1;63;0,49;Sim/C/C03;1,67;0,46;10;0,9;Sim/A/A02 Sim/A/A04 Sim/B/B02 Sim/C/C02 ;-1,17 (0,23 | 7 | 0,29) 0,08 (0,22 | 4 | 0,5) -0,24 (0,22 | 6 | 0,33) -0,06 (0,25 | 7 | 0,43) 
P000309;-3,01;0,17;46;0,37;Sim/A/A01;-3,23;0,29;10;0,6
P000309;-3,01;0,17;46;0,37;Sim/A/A02;-3,1;0,39;10;0
P000309;-3,01;0,17;46;0,37;Sim/A/A03;-3,21;0,4;10;0,8
P000309;-3,01;0,17;46;0,37;Sim/A/A05;-2,77;0,2;5;0,4;Sim/A/A01 Sim/A/A02 Sim/A/A03 Sim/B/B01 Sim/B/B02 ;-3,23 (0,29 | 10 | 0,6) -3,1 (0,39 | 10 | 0) -3,21 (0,4 | 10 | 0,8) -3,02 (2,7 | 5 | 0) -3,01 (460,53 | 1 | 0) 
P000310;1,02;0,11;55;0,73;Sim/A/A02;0,83;0,39;10;0,9
P000310;1,02;0,11;55;0,73;Sim/B/B01;0,95;0,25;7;0,43
P000310;1,02;0,11;55;0,73;Sim/B/B02;1,51;0,43;10;0,5
P000310;1,02;0,11;55;0,73;Sim/B/B03;1,16;0,2;5;0,6
P000310;1,02;0,11;55;0,73;Sim/C/C02;0,83;0,3;10;0,8;Sim/A/A02 Sim/B/B01 Sim/C/C02 Sim/C/C03 ;0,83 (0,39 | 10 | 0,9) 0,95 (0,25 | 7 | 0,43) 0,83 (0,3 | 10 | 0,8) 0,68 (0,23 | 3 | 0,67) 
P000311;1,41;0,15;46;0,67;Sim/B/B01;1,07;0,24;7;0,57
P000311;1,41;0,15;46;0,67;Sim/B/B02;1,76;0,36;10;0,5
P000311;1,41;0,15;46;0,67;Sim/C/C02;0,85;0,3;10;0,8
P000311;1,41;0,15;46;0,67;Sim/C/C03;1,67;0,46;10;0,9;Sim/B/B01 Sim/C/C02 Sim/C/C04 Sim/C/C07 ;1,07 (0,24 | 7 | 0,57) 0,85 (0,3 | 10 | 0,8) 1,22 (2,42 | 2 | 0) 1,22 (2,77 | 1 | 0) 
P000312;4,63;0,11;68;0,87;Sim/C/C04;4,61;0,28;10;0,8
P000312;4,63;0,11;68;0,87;Sim/C/C05;4,07;0,26;10;0,8
P000312;4,63;0,11;68;0,87;Sim/C/C06;4,62;0,31;10;0,9
P000312;4,63;0,11;68;0,87;Sim/C/C10;4,49;0,36;10;0,9;Sim/C/C04 Sim/C/C05 Sim/C/C06 Sim/C/C09 Sim/C/C10 ;4,61 (0,28 | 10 | 0,8) 4,07 (0,26 | 10 | 0,8) 4,62 (0,31 | 10 | 0,9) 4,45 (0,19 | 4 | 0,5) 4,49 (0,36 | 10 | 0,9) 
P000313;-2,1;0,15;22;0,32;Sim/A/A02;-2,2;0,24;6;0,5
P000313;-2,1;0,15;22;0,32;Sim/A/A05;-1,93;0,25;6;0,67;Sim/A/A02 Sim/A/A06 Sim/B/B01 ;-2,2 (0,24 | 6 | 0,5) -2,12 (0,89 | 5 | 0) -2,12 (0,77 | 5 | 0) 
P000314;-4,63;0,17;30;0,13;Sim/A/A03;-4,82;0,32;10;0,2;Sim/A/A03 Sim/A/A06 Sim/B/B01 Sim/B/B02 ;-4,82 (0,32 | 10 | 0,2) -4,63 (3,62 | 5 | 0) -4,63 (5,45 | 5 | 0) -4,63 (55120,43 | 1 | 0) 
P000315;0,41;0,1;62;0,56;Sim/A/A02;0,83;0,39;10;0,9
P000315;0,41;0,1;62;0,56;Sim/B/B01;0,68;0,29;10;0,5
P000315;0,41;0,1;62;0,56;Sim/B/B03;0,29;0,27;10;0
P000315;0,41;0,1;62;0,56;Sim/C/C01;0,45;0,38;10;0,8
P000315;0,41;0,1;62;0,56;Sim/C/C02;0,39;0,29;10;0,6;Sim/B/B02 Sim/B/B03 Sim/C/C02 Sim/C/C03 ;0,29 (0,23 | 4 | 0,5) 0,29 (0,27 | 10 | 0) 0,39 (0,29 | 10 | 0,6) 0,38 (0,24 | 3 | 0,33) 
P000316;0,61;0,1;62;0,69;Sim/A/A02;0,83;0,39;10;0,9
P000316;0,61;0,1;62;0,69;Sim/B/B01;1,26;0,26;10;0,7
P000316;0,61;0,1;62;0,69;Sim/B/B03;0,86;0,2;5;0,6
P000316;0,61;0,1;62;0,69;Sim/C/C02;0,27;0,28;10;0,6
P000316;0,61;0,1;62;0,69;Sim/C/C03;-0,02;0,26;10;0,4;Sim/B/B02 Sim/C/C02 Sim/C/C03 ;0,51 (0,25 | 4 | 0,5) 0,27 (0,28 | 10 | 0,6) -0,02 (0,26 | 10 | 0,4) 
P000317;4,55;0,11;64;0,8;Sim/B/B04;4,05;0,44;10;0,9
P000317;4,55;0,11;64;0,8;Sim/C/C04;4,29;0,25;10;0,7
P000317;4,55;0,11;64;0,8;Sim/C/C06;4,35;0,19;10;0,8
P000317;4,55;0,11;64;0,8;Sim/C/C09;4,82;0,25;5;0,6
P000317;4,55;0,11;64;0,8;Sim/C/C10;4,57;0,4;10;0,9;Sim/B/B01 Sim/B/B02 Sim/B/B04 Sim/C/C04 Sim/C/C06 ;2,19 (0,74 | 5 | 0,8) 4,03 (1,72 | 5 | 0,8) 4,05 (0,44 | 10 | 0,9) 4,29 (0,25 | 10 | 0,7) 4,35 (0,19 | 10 | 0,8) 
P000318;-3,88;0,16;43;0,23;Sim/A/A01;-3,32;0,27;10;0,6
P000318;-3,88;0,16;43;0,23;Sim/A/A03;-4,31;0,2;7;0,29
P000318;-3,88;0,16;43;0,23;Sim/A/A05;-3,42;0,42;10;0,1;Sim/A/A02 Sim/A/A03 Sim/A/A06 Sim/B/B02 ;-3,89 (1,76 | 5 | 0) -4,31 (0,2 | 7 | 0,29) -3,89 (2,81 | 5 | 0) -3,88 (6025,67 | 1 | 0) 
P000319;-1,27;0,11;61;0,34;Sim/A/A02;-1,84;0,23;5;0,6
P000319;-1,27;0,11;61;0,34;Sim/B/B01;-1;0,29;10;0,3
P000319;-1,27;0,11;61;0,34;Sim/C/C02;-0,98;0,28;10;0,3
P000319;-1,27;0,11;61;0,34;Sim/C/C03;-0,36;0,32;10;0,3;Sim/A/A02 Sim/A/A04 Sim/A/A06 Sim/B/B02 ;-1,84 (0,23 | 5 | 0,6) -1,44 (0,25 | 4 | 0,25) -1,92 (0,65 | 7 | 0) -1,27 (1,09 | 5 | 0) 
P000320;-1,77;0,14;49;0,27;Sim/A/A02;-1,68;0,23;6;0,5
P000320;-1,77;0,14;49;0,27;Sim/A/A05;-1,68;0,34;10;0,8;Sim/A/A06 Sim/A/A07 Sim/B/B01 Sim/C/C01 Sim/C/C02 ;-2,06 (0,72 | 8 | 0) -1,78 (0,93 | 5 | 0) -2,51 (1,12 | 8 | 0,13) -2,14 (0,72 | 7 | 0) -1,77 (1,65 | 1 | 0) 
P000321;5,97;0,77;41;1;;;;;;;
P000322;2,1;0,2;45;0,42;Sim/B/B01;1,08;0,25;7;0,43
P000322;2,1;0,2;45;0,42;Sim/B/B02;2,22;0,3;10;0,5
P000322;2,1;0,2;45;0,42;Sim/C/C07;2,31;0,47;10;0,1;Sim/B/B01 Sim/C/C04 ;1,08 (0,25 | 7 | 0,43) 1,94 (0,81 | 5 | 0) 
P000323;1,66;0,18;74;0,51;Sim/B/B02;1,18;0,39;10;0,5
P000323;1,66;0,18;74;0,51;Sim/B/B03;1,16;0,2;5;0,6
P000323;1,66;0,18;74;0,51;Sim/C/C04;2,68;0,38;10;0,2
P000323;1,66;0,18;74;0,51;Sim/C/C07;2,31;0,47;10;0,1;Sim/B/B02 Sim/B/B03 ;1,18 (0,39 | 10 | 0,5) 1,16 (0,2 | 5 | 0,6) 
P000324;0,05;0,09;74;0,57;Sim/A/A02;0,24;0,34;10;0,8
P000324;0,05;0,09;74;0,57;Sim/A/A06;-0,48;0,23;6;0,67
P000324;0,05;0,09;74;0,57;Sim/A/A07;0,08;0,32;10;0,7
P000324;0,05;0,09;74;0,57;Sim/B/B01;-0,32;0,25;6;0,5
P000324;0,05;0,09;74;0,57;Sim/B/B02;0,45;0,24;5;0,6
P000324;0,05;0,09;74;0,57;Sim/B/B03;0,29;0,27;10;0,1
P000324;0,05;0,09;74;0,57;Sim/C/C01;0,32;0,32;10;0,8
P000324;0,05;0,09;74;0,57;Sim/C/C02;-0,06;0,25;6;0,5
P000324;0,05;0,09;74;0,57;Sim/C/C03;0,14;0,24;8;0,5;Sim/A/A04 Sim/A/A06 Sim/B/B01 Sim/C/C02 ;-0,13 (0,24 | 3 | 0,33) -0,48 (0,23 | 6 | 0,67) -0,32 (0,25 | 6 | 0,5) -0,06 (0,25 | 6 | 0,5) 
P000325;0,64;0,1;53;0,64;Sim/A/A02;1,08;0,38;10;1
P000325;0,64;0,1;53;0,64;Sim/A/A04;0,26;0,23;7;0,71
P000325;0,64;0,1;53;0,64;Sim/B/B01;0,26;0,27;10;0,5
P000325;0,64;0,1;53;0,64;Sim/B/B02;0,79;0,26;10;0,5
P000325;0,64;0,1;53;0,64;Sim/C/C02;-0,12;0,25;6;0,5
P000325;0,64;0,1;53;0,64;Sim/C/C03;0,94;0,24;6;0,67;Sim/A/A04 Sim/B/B01 Sim/C/C02 ;0,26 (0,23 | 7 | 0,71) 0,26 (0,27 | 10 | 0,5) -0,12 (0,25 | 6 | 0,5) 
P000326;-3,54;0,2;27;0,26;Sim/A/A01;-3,69;0,23;6;0,5;Sim/A/A01 Sim/A/A02 Sim/A/A06 Sim/B/B01 Sim/B/B02 ;-3,69 (0,23 | 6 | 0,5) -3,55 (1 | 5 | 0) -3,54 (2,38 | 5 | 0) -3,54 (3,97 | 5 | 0) -3,54 (2174,85 | 1 | 0) 
P000327;-1,36;0,11;60;0,37;Sim/A/A02;-1,54;0,24;6;0,5
P000327;-1,36;0,11;60;0,37;Sim/A/A04;-1,62;0,26;10;0,3
P000327;-1,36;0,11;60;0,37;Sim/A/A06;-1,23;0,23;5;0,2
P000327;-1,36;0,11;60;0,37;Sim/B/B01;-0,84;0,27;10;0,4
P000327;-1,36;0,11;60;0,37;Sim/C/C01;-1,36;0,28;10;0,3;Sim/A/A02 Sim/A/A04 Sim/B/B02 Sim/C/C01 Sim/C/C02 ;-1,54 (0,24 | 6 | 0,5) -1,62 (0,26 | 10 | 0,3) -1,37 (1,27 | 5 | 0) -1,36 (0,28 | 10 | 0,3) -1,76 (0,94 | 6 | 0,17) 
P000328;-5,27;0,69;21;0;;;;;;;
P000329;1,55;0,16;49;0,69;Sim/B/B01;1,66;0,38;10;0,8
P000329;1,55;0,16;49;0,69;Sim/B/B02;1,37;0,44;10;0,6
P000329;1,55;0,16;49;0,69;Sim/B/B03;1,57;0,26;10;0,6
P000329;1,55;0,16;49;0,69;Sim/C/C03;1,44;0,35;10;0,9;Sim/B/B02 Sim/C/C03 Sim/C/C04 Sim/C/C07 ;1,37 (0,44 | 10 | 0,6) 1,44 (0,35 | 10 | 0,9) 1,54 (1,72 | 2 | 0) 1,55 (1,97 | 1 | 0) 
P000330;-2,55;0,14;41;0,2;Sim/A/A02;-2,87;0,28;10;0,1
P000330;-2,55;0,14;41;0,2;Sim/A/A05;-2,49;0,19;6;0,5
P000330;-2,55;0,14;41;0,2;Sim/A/A06;-1,7;0,41;10;0,2
P000330;-2,55;0,14;41;0,2;Sim/B/B01;-1,71;0,42;10;0,2;Sim/A/A02 Sim/B/B02 ;-2,87 (0,28 | 10 | 0,1) -2,55 (3,41 | 5 | 0) 
P000331;-4,3;0,16;25;0,16;Sim/A/A03;-4,18;0,2;5;0,4;Sim/A/A01 Sim/A/A02 Sim/A/A06 Sim/B/B01 Sim/B/B02 ;-4,46 (0,24 | 4 | 0,5) -4,3 (2,99 | 5 | 0) -4,3 (3,3 | 5 | 0) -4,3 (4,99 | 5 | 0) -4,3 (20842,84 | 1 | 0) 
P000332;1,82;0,19;53;0,68;Sim/B/B02;2,33;0,31;10;0,5
P000332;1,82;0,19;53;0,68;Sim/C/C02;0,79;0,3;10;0,7
P000332;1,82;0,19;53;0,68;Sim/C/C03;1,27;0,29;10;0,8;Sim/C/C02 Sim/C/C03 Sim/C/C04 Sim/C/C07 ;0,79 (0,3 | 10 | 0,7) 1,27 (0,29 | 10 | 0,8) 1,82 (1,8 | 1 | 0) 1,81 (1,52 | 1 | 0) 
P000333;0,79;0,1;64;0,72;Sim/A/A02;0,83;0,39;10;0,9
P000333;0,79;0,1;64;0,72;Sim/B/B01;0,43;0,3;10;0,5
P000333;0,79;0,1;64;0,72;Sim/B/B02;0,79;0,26;10;0,5
P000333;0,79;0,1;64;0,72;Sim/B/B03;1,16;0,2;5;0,6
P000333;0,79;0,1;64;0,72;Sim/C/C02;0,58;0,3;10;0,7;Sim/B/B01 Sim/C/C02 Sim/C/C03 ;0,43 (0,3 | 10 | 0,5) 0,58 (0,3 | 10 | 0,7) 0,51 (0,2 | 4 | 0,5) 
P000334;-0,18;0,08;75;0,47;Sim/A/A02;-1,59;0,25;8;0,25
P000334;-0,18;0,08;75;0,47;Sim/A/A07;0,02;0,3;10;0,7
P000334;-0,18;0,08;75;0,47;Sim/B/B01;0,43;0,3;10;0,5
P000334;-0,18;0,08;75;0,47;Sim/B/B02;-0,5;0,24;9;0
P000334;-0,18;0,08;75;0,47;Sim/C/C01;0,61;0,46;10;0,9
P000334;-0,18;0,08;75;0,47;Sim/C/C02;0,18;0,29;10;0,7
P000334;-0,18;0,08;75;0,47;Sim/C/C03;-0,35;0,32;10;0,3;Sim/A/A02 Sim/B/B02 Sim/B/B03 Sim/C/C03 ;-1,59 (0,25 | 8 | 0,25) -0,5 (0,24 | 9 | 0) -0,26 (0,75 | 5 | 0) -0,35 (0,32 | 10 | 0,3) 
P000335;-3,12;0,18;41;0,32;Sim/A/A01;-3,33;0,26;10;0,6
P000335;-3,12;0,18;41;0,32;Sim/A/A02;-2,65;0,23;10;0,3;Sim/A/A01 Sim/A/A05 Sim/A/A06 Sim/B/B01 Sim/B/B02 ;-3,33 (0,26 | 10 | 0,6) -3,91 (1,06 | 5 | 0) -3,12 (1,83 | 5 | 0) -3,13 (2,61 | 5 | 0) -3,12 (628,67 | 1 | 0) 
P000336;-0,69;0,08;58;0,4;Sim/A/A02;-0,35;0,26;10;0,6
P000336;-0,69;0,08;58;0,4;Sim/A/A04;-0,79;0,22;5;0,6
P000336;-0,69;0,08;58;0,4;Sim/A/A07;-0,57;0,18;5;0,6
P000336;-0,69;0,08;58;0,4;Sim/B/B01;-1,3;0,31;10;0,3
P000336;-0,69;0,08;58;0,4;Sim/B/B02;-0,23;0,22;5;0,4
P000336;-0,69;0,08;58;0,4;Sim/C/C02;-0,98;0,28;10;0,1;Sim/A/A04 Sim/B/B01 Sim/C/C01 Sim/C/C02 Sim/C/C03 ;-0,79 (0,22 | 5 | 0,6) -1,3 (0,31 | 10 | 0,3) -0,75 (0,22 | 4 | 0,5) -0,98 (0,28 | 10 | 0,1) -1,89 (1,27 | 5 | 0) 
P000337;-3,31;0,19;46;0,3;Sim/A/A01;-3,05;0,35;10;0,6
P000337;-3,31;0,19;46;0,3;Sim/A/A02;-2,87;0,28;10;0,1
P000337;-3,31;0,19;46;0,3;Sim/A/A03;-3,62;0,26;10;0,7;Sim/A/A03 Sim/A/A05 Sim/A/A06 Sim/B/B01 Sim/B/B02 ;-3,62 (0,26 | 10 | 0,7) -3,91 (1,06 | 5 | 0) -3,31 (2,07 | 5 | 0) -3,31 (2,91 | 5 | 0) -3,31 (1094,53 | 1 | 0) 
P000338;-5,27;0,69;21;0;;;;;;;
P000339;-1,44;0,11;65;0,26;Sim/A/A02;-1,54;0,24;6;0,5
P000339;-1,44;0,11;65;0,26;Sim/A/A06;-1,41;0,27;10;0,2
P000339;-1,44;0,11;65;0,26;Sim/B/B01;-0,96;0,29;10;0,3
P000339;-1,44;0,11;65;0,26;Sim/C/C01;-1,73;0,44;10;0,1;Sim/A/A02 Sim/A/A04 Sim/A/A07 Sim/B/B02 Sim/C/C01 Sim/C/C02 ;-1,54 (0,24 | 6 | 0,5) -1,44 (0,25 | 4 | 0,25) -1,94 (1,26 | 7 | 0) -1,44 (1,41 | 5 | 0) -1,73 (0,44 | 10 | 0,1) -1,92 (1,2 | 5 | 0) 
P000340;0,11;0,09;73;0,52;Sim/A/A02;0,24;0,34;10;0,8
P000340;0,11;0,09;73;0,52;Sim/A/A07;0,08;0,3;10;0,7
P000340;0,11;0,09;73;0,52;Sim/B/B01;0,26;0,27;10;0,5
P000340;0,11;0,09;73;0,52;Sim/B/B03;0,09;0,37;10;0
P000340;0,11;0,09;73;0,52;Sim/C/C01;-0,25;0,21;6;0,5
P000340;0,11;0,09;73;0,52;Sim/C/C02;0,45;0,3;10;0,6
P000340;0,11;0,09;73;0,52;Sim/C/C03;0,15;0,23;10;0,5;Sim/A/A07 Sim/B/B03 Sim/C/C01 ;0,08 (0,3 | 10 | 0,7) 0,09 (0,37 | 10 | 0) -0,25 (0,21 | 6 | 0,5) 
P000341;-2,62;0,15;36;0,25;Sim/A/A02;-2,49;0,24;6;0,33
P000341;-2,62;0,15;36;0,25;Sim/B/B01;-1,47;0,34;10;0,2;Sim/A/A05 Sim/A/A06 ;-2,89 (0,24 | 4 | 0,25) -2,63 (1,33 | 5 | 0) 
P000342;2,22;0,19;64;0,42;Sim/B/B01;1,66;0,38;10;0,8
P000342;2,22;0,19;64;0,42;Sim/B/B02;1,96;0,3;10;0,6
P000342;2,22;0,19;64;0,42;Sim/C/C04;2,62;0,4;10;0,2
P000342;2,22;0,19;64;0,42;Sim/C/C07;2,71;0,29;10;0,2;Sim/B/B01 Sim/B/B02 Sim/C/C05 Sim/C/C10 ;1,66 (0,38 | 10 | 0,8) 1,96 (0,3 | 10 | 0,6) 2,09 (0,9 | 8 | 0,13) 1,98 (1,02 | 8 | 0) 
P000343;5,32;0,23;50;0,94;Sim/C/C08;5,21;0,23;10;0,8;Sim/B/B04 Sim/C/C08 ;4,25 (0,57 | 8 | 0,88) 5,21 (0,23 | 10 | 0,8) 
P000344;1,48;0,15;49;0,76;Sim/B/B01;1,12;0,25;7;0,57
P000344;1,48;0,15;49;0,76;Sim/B/B02;1;0,35;10;0,5
P000344;1,48;0,15;49;0,76;Sim/B/B03;1,73;0,32;10;0,9
P000344;1,48;0,15;49;0,76;Sim/C/C03;1,54;0,39;9;1;Sim/B/B01 Sim/B/B02 Sim/C/C04 Sim/C/C07 Sim/C/C10 ;1,12 (0,25 | 7 | 0,57) 1 (0,35 | 10 | 0,5) 1,48 (2,87 | 1 | 0) 1,48 (2,11 | 1 | 0) 1,48 (3,7 | 1 | 0) 
P000345;-2,73;0,15;22;0,18;Sim/A/A02;-2,47;0,24;6;0,33
P000345;-2,73;0,15;22;0,18;Sim/A/A05;-2,93;0,23;6;0,17;Sim/A/A05 Sim/B/B01 ;-2,93 (0,23 | 6 | 0,17) -2,74 (1,63 | 5 | 0) 
P000346;-3,79;0,16;30;0,27;Sim/A/A01;-3,85;0,24;5;0,4
P000346;-3,79;0,16;30;0,27;Sim/A/A03;-3,73;0,23;9;0,56;Sim/A/A01 Sim/A/A02 Sim/A/A06 Sim/B/B02 ;-3,85 (0,24 | 5 | 0,4) -3,8 (1,53 | 5 | 0) -3,8 (2,7 | 5 | 0) -3,79 (4619,31 | 1 | 0) 
P000347;3,19;0,09;67;0,51;Sim/B/B04;3,4;0,2;10;0,7
P000347;3,19;0,09;67;0,51;Sim/C/C04;3,26;0,26;10;0,4
P000347;3,19;0,09;67;0,51;Sim/C/C05;2,76;0,27;10;0,2
P000347;3,19;0,09;67;0,51;Sim/C/C06;3,34;0,25;10;0,2
P000347;3,19;0,09;67;0,51;Sim/C/C07;3,61;0,21;5;0,6
P000347;3,19;0,09;67;0,51;Sim/C/C10;2,94;0,24;5;0,4;Sim/B/B01 Sim/B/B03 Sim/C/C05 Sim/C/C10 ;2,19 (0,74 | 5 | 0,8) 2,13 (0,64 | 7 | 0,86) 2,76 (0,27 | 10 | 0,2) 2,94 (0,24 | 5 | 0,4) 
P000348;1,06;0,11;62;0,71;Sim/A/A02;0,4;0,35;10;0,8
P000348;1,06;0,11;62;0,71;Sim/B/B01;0,41;0,31;10;0,5
P000348;1,06;0,11;62;0,71;Sim/B/B02;1,77;0,35;10;0,5
P000348;1,06;0,11;62;0,71;Sim/B/B03;1,44;0,24;6;0,67
P000348;1,06;0,11;62;0,71;Sim/C/C02;1,33;0,43;10;0,9
P000348;1,06;0,11;62;0,71;Sim/C/C03;0,98;0,25;6;0,67;Sim/A/A02 Sim/A/A04 Sim/B/B01 Sim/C/C03 ;0,4 (0,35 | 10 | 0,8) 0,92 (0,63 | 5 | 0,8) 0,41 (0,31 | 10 | 0,5) 0,98 (0,25 | 6 | 0,67) 
P000349;3,15;0,1;52;0,46;Sim/C/C04;3,6;0,24;6;0,5
P000349;3,15;0,1;52;0,46;Sim/C/C06;3,16;0,36;10;0
P000349;3,15;0,1;52;0,46;Sim/C/C07;2,78;0,27;10;0,3;Sim/B/B01 Sim/B/B04 Sim/C/C07 ;2,39 (0,78 | 5 | 0,8) 3 (0,22 | 4 | 0,5) 2,78 (0,27 | 10 | 0,3) 
P000350;-0,32;0,08;64;0,48;Sim/A/A02;-0,08;0,3;10;0,7
P000350;-0,32;0,08;64;0,48;Sim/A/A07;-0,63;0,2;5;0,4
P000350;-0,32;0,08;64;0,48;Sim/B/B01;-0,43;0,25;7;0,43
P000350;-0,32;0,08;64;0,48;Sim/B/B02;-0,89;0,48;10;0,1
P000350;-0,32;0,08;64;0,48;Sim/C/C01;0,16;0,26;10;0,7
P000350;-0,32;0,08;64;0,48;Sim/C/C02;-0,27;0,23;5;0,4;Sim/A/A07 Sim/B/B01 Sim/B/B02 Sim/C/C03 ;-0,63 (0,2 | 5 | 0,4) -0,43 (0,25 | 7 | 0,43) -0,89 (0,48 | 10 | 0,1) -1,02 (0,53 | 7 | 0,14) 
P000351;0,4;0,1;69;0,72;Sim/A/A02;-0,08;0,3;10;0,7
P000351;0,4;0,1;69;0,72;Sim/B/B01;-0,21;0,25;5;0,6
P000351;0,4;0,1;69;0,72;Sim/B/B02;0,78;0,29;10;0,6
P000351;0,4;0,1;69;0,72;Sim/B/B03;0,76;0,21;5;0,4
P000351;0,4;0,1;69;0,72;Sim/C/C02;1,03;0,33;10;0,9
P000351;0,4;0,1;69;0,72;Sim/C/C03;0,27;0,2;8;0,5;Sim/A/A02 Sim/A/A04 Sim/B/B01 Sim/C/C03 ;-0,08 (0,3 | 10 | 0,7) -0,13 (0,24 | 3 | 0,33) -0,21 (0,25 | 5 | 0,6) 0,27 (0,2 | 8 | 0,5) 
P000352;-0,22;0,08;72;0,56;Sim/A/A02;0,41;0,35;10;0,8
P000352;-0,22;0,08;72;0,56;Sim/A/A04;-0,33;0,25;6;0,5
P000352;-0,22;0,08;72;0,56;Sim/A/A07;-0,45;0,18;6;0,5
P000352;-0,22;0,08;72;0,56;Sim/B/B01;-1;0,29;10;0,3
P000352;-0,22;0,08;72;0,56;Sim/B/B02;-0,13;0,21;6;0,5
P000352;-0,22;0,08;72;0,56;Sim/C/C01;0,12;0,25;10;0,7
P000352;-0,22;0,08;72;0,56;Sim/C/C02;0,12;0,25;10;0,5;Sim/A/A04 Sim/A/A07 Sim/B/B01 Sim/C/C03 ;-0,33 (0,25 | 6 | 0,5) -0,45 (0,18 | 6 | 0,5) -1 (0,29 | 10 | 0,3) -1,02 (0,53 | 7 | 0,14) 
P000353;-4,55;0,16;31;0,13;Sim/A/A01;-4,27;0,23;5;0,4;Sim/A/A03 Sim/B/B01 Sim/B/B02 ;-5,06 (0,5 | 10 | 0,1) -4,56 (5,35 | 5 | 0) -4,55 (44511,23 | 1 | 0) 
P000354;1,43;0,14;54;0,78;Sim/B/B01;1,33;0,28;10;0,7
P000354;1,43;0,14;54;0,78;Sim/B/B02;2,06;0,3;10;0,7
P000354;1,43;0,14;54;0,78;Sim/B/B03;1,16;0,2;5;0,6
P000354;1,43;0,14;54;0,78;Sim/C/C03;1,36;0,32;10;0,9;Sim/B/B01 Sim/B/B03 Sim/C/C03 Sim/C/C04 Sim/C/C07 ;1,33 (0,28 | 10 | 0,7) 1,16 (0,2 | 5 | 0,6) 1,36 (0,32 | 10 | 0,9) 1,43 (1,84 | 2 | 0) 1,43 (2,23 | 1 | 0) 
P000355;0,69;0,1;71;0,68;Sim/A/A02;-0,59;0,23;10;0,5
P000355;0,69;0,1;71;0,68;Sim/A/A04;0,59;0,34;10;0,8
P000355;0,69;0,1;71;0,68;Sim/B/B01;0,75;0,27;10;0,6
P000355;0,69;0,1;71;0,68;Sim/B/B02;1,18;0,39;10;0,5
P000355;0,69;0,1;71;0,68;Sim/B/B03;1,16;0,2;5;0,6
P000355;0,69;0,1;71;0,68;Sim/C/C01;0,33;0,32;10;0,9;Sim/A/A02 Sim/A/A04 Sim/C/C01 Sim/C/C03 ;-0,59 (0,23 | 10 | 0,5) 0,59 (0,34 | 10 | 0,8) 0,33 (0,32 | 10 | 0,9) 0,36 (0,24 | 4 | 0,25) 
P000356;0,93;0,11;57;0,72;Sim/A/A02;0,83;0,39;10;0,9
P000356;0,93;0,11;57;0,72;Sim/A/A04;0,68;0,38;10;0,8
P000356;0,93;0,11;57;0,72;Sim/B/B02;0,36;0,2;7;0,43
P000356;0,93;0,11;57;0,72;Sim/B/B03;0,6;0,24;5;0,2
P000356;0,93;0,11;57;0,72;Sim/C/C03;1;0,23;9;0,67;Sim/A/A02 Sim/A/A04 Sim/B/B02 Sim/B/B03 Sim/C/C04 Sim/C/C07 ;0,83 (0,39 | 10 | 0,9) 0,68 (0,38 | 10 | 0,8) 0,36 (0,2 | 7 | 0,43) 0,6 (0,24 | 5 | 0,2) 0,93 (3,57 | 1 | 0) 0,93 (3,83 | 1 | 0) 
P000357;-1,04;0,09;48;0,33;Sim/A/A02;-0,64;0,24;9;0,56
P000357;-1,04;0,09;48;0,33;Sim/A/A04;-1,27;0,2;6;0,33
P000357;-1,04;0,09;48;0,33;Sim/A/A07;-0,92;0,23;5;0,2
P000357;-1,04;0,09;48;0,33;Sim/B/B01;-1,23;0,3;10;0,3
P000357;-1,04;0,09;48;0,33;Sim/C/C01;-1,18;0,24;7;0,43;Sim/A/A04 Sim/B/B01 Sim/B/B02 Sim/C/C01 Sim/C/C02 ;-1,27 (0,2 | 6 | 0,33) -1,23 (0,3 | 10 | 0,3) -1,24 (2,38 | 1 | 0) -1,18 (0,24 | 7 | 0,43) -1,76 (0,94 | 6 | 0) 
P000358;3,46;0,09;57;0,58;Sim/B/B04;2,85;0,21;5;0,4
P000358;3,46;0,09;57;0,58;Sim/C/C04;3,07;0,29;10;0,4
P000358;3,46;0,09;57;0,58;Sim/C/C05;3,82;0,24;7;0,71
P000358;3,46;0,09;57;0,58;Sim/C/C06;3,56;0,18;10;0,3
P000358;3,46;0,09;57;0,58;Sim/C/C07;3,96;0,21;6;0,67;Sim/B/B02 Sim/B/B04 Sim/C/C04 Sim/C/C10 ;2,98 (0,51 | 6 | 0,67) 2,85 (0,21 | 5 | 0,4) 3,07 (0,29 | 10 | 0,4) 3,17 (0,22 | 3 | 0,33) 
P000359;-1,86;0,14;43;0,14;Sim/A/A02;-1,54;0,24;6;0,5
P000359;-1,86;0,14;43;0,14;Sim/A/A04;-1,61;0,26;10;0,1;Sim/A/A05 Sim/A/A06 Sim/B/B01 Sim/C/C01 Sim/C/C02 ;-2,09 (0,24 | 4 | 0,5) -2,06 (0,72 | 8 | 0) -2,51 (1,12 | 8 | 0) -2,13 (0,72 | 6 | 0) -1,87 (1,7 | 1 | 0) 
P000360;-1,49;0,12;52;0,31;Sim/A/A04;-1,92;0,42;10;0,1
P000360;-1,49;0,12;52;0,31;Sim/B/B01;-1,71;0,42;10;0,2
P000360;-1,49;0,12;52;0,31;Sim/C/C01;-1,14;0,24;6;0,33;Sim/A/A04 Sim/A/A06 Sim/B/B01 ;-1,92 (0,42 | 10 | 0,1) -1,93 (0,65 | 8 | 0) -1,71 (0,42 | 10 | 0,2) 
P000361;-2,69;0,14;32;0,38;Sim/A/A01;-2,66;0,47;10;0,8
P000361;-2,69;0,14;32;0,38;Sim/A/A02;-2,47;0,24;6;0,33
P000361;-2,69;0,14;32;0,38;Sim/A/A05;-2,81;0,2;6;0,33;Sim/A/A05 Sim/A/A06 Sim/B/B01 ;-2,81 (0,2 | 6 | 0,33) -2,7 (1,24 | 5 | 0) -2,7 (1,56 | 5 | 0) 
P000362;0,71;0,11;68;0,71;Sim/A/A02;0,24;0,34;10;0,8
P000362;0,71;0,11;68;0,71;Sim/A/A04;0,68;0,38;10;0,8
P000362;0,71;0,11;68;0,71;Sim/B/B01;1,17;0,25;9;0,67
P000362;0,71;0,11;68;0,71;Sim/B/B02;1,51;0,43;10;0,5
P000362;0,71;0,11;68;0,71;Sim/C/C02;1,27;0,41;10;0,9;Sim/A/A02 Sim/A/A04 Sim/A/A07 Sim/C/C01 Sim/C/C03 ;0,24 (0,34 | 10 | 0,8) 0,68 (0,38 | 10 | 0,8) 0,61 (0,55 | 9 | 0,89) -0,2 (0,22 | 4 | 0,5) 0,38 (0,24 | 3 | 0,33) 
P000363;-4,39;0,17;23;0,17;;;;;;Sim/A/A01 Sim/A/A02 Sim/B/B01 Sim/B/B02 ;-4,46 (0,24 | 4 | 0,5) -4,39 (3,3 | 5 | 0) -4,39 (5,12 | 5 | 0) -4,39 (27496,27 | 1 | 0) 
P000364;-0,03;0,08;88;0,52;Sim/A/A02;0,24;0,34;10;0,8
P000364;-0,03;0,08;88;0,52;Sim/A/A07;0,07;0,31;10;0,8
P000364;-0,03;0,08;88;0,52;Sim/B/B01;0,31;0,28;10;0,5
P000364;-0,03;0,08;88;0,52;Sim/B/B02;-0,54;0,25;10;0,2
P000364;-0,03;0,08;88;0,52;Sim/B/B03;-0,04;0,46;9;0
P000364;-0,03;0,08;88;0,52;Sim/C/C01;0,02;0,23;9;0,67
P000364;-0,03;0,08;88;0,52;Sim/C/C02;0,28;0,28;10;0,5
P000364;-0,03;0,08;88;0,52;Sim/C/C03;-0,06;0,27;10;0,4;Sim/A/A04 Sim/B/B02 Sim/B/B03 Sim/C/C03 ;-0,13 (0,24 | 3 | 0,33) -0,54 (0,25 | 10 | 0,2) -0,04 (0,46 | 9 | 0) -0,06 (0,27 | 10 | 0,4) 
P000365;5,97;0,77;41;1;;;;;;;
P000366;-2,41;0,15;21;0,24;Sim/A/A02;-2,47;0,24;6;0,33
P000366;-2,41;0,15;21;0,24;Sim/A/A05;-2,32;0,21;5;0,6;Sim/A/A02 Sim/A/A06 Sim/B/B01 ;-2,47 (0,24 | 6 | 0,33) -2,43 (1,06 | 5 | 0) -2,42 (1,14 | 5 | 0) 
P000367;1,29;0,12;64;0,75;Sim/A/A02;0,83;0,39;10;0,9
P000367;1,29;0,12;64;0,75;Sim/B/B01;1,43;0,31;10;0,7
P000367;1,29;0,12;64;0,75;Sim/B/B02;1,7;0,38;10;0,6
P000367;1,29;0,12;64;0,75;Sim/B/B03;1,3;0,22;5;0,6
P000367;1,29;0,12;64;0,75;Sim/C/C02;1,14;0,35;10;0,8
P000367;1,29;0,12;64;0,75;Sim/C/C03;1,36;0,32;10;0,9;Sim/A/A02 Sim/A/A04 Sim/C/C02 Sim/C/C04 Sim/C/C07 ;0,83 (0,39 | 10 | 0,9) 0,92 (0,55 | 7 | 0,86) 1,14 (0,35 | 10 | 0,8) 1,28 (2,75 | 1 | 0) 1,29 (2,59 | 1 | 0) 
P000368;-0,36;0,08;62;0,58;Sim/A/A02;0,24;0,34;10;0,8
P000368;-0,36;0,08;62;0,58;Sim/A/A04;-0,68;0,25;6;0,5
P000368;-0,36;0,08;62;0,58;Sim/A/A06;-0,67;0,17;8;0,63
P000368;-0,36;0,08;62;0,58;Sim/A/A07;0,37;0,43;10;0,9
P000368;-0,36;0,08;62;0,58;Sim/B/B01;-0,45;0,25;8;0,5
P000368;-0,36;0,08;62;0,58;Sim/C/C01;-0,08;0,23;6;0,5;Sim/A/A04 Sim/A/A06 Sim/B/B01 Sim/C/C02 Sim/C/C03 ;-0,68 (0,25 | 6 | 0,5) -0,67 (0,17 | 8 | 0,63) -0,45 (0,25 | 8 | 0,5) -0,78 (0,25 | 4 | 0,25) -1,03 (0,53 | 6 | 0,17) 
P000369;0,02;0,09;74;0,51;Sim/A/A02;-0,08;0,3;10;0,7
P000369;0,02;0,09;74;0,51;Sim/A/A06;-0,44;0,24;8;0,75
P000369;0,02;0,09;74;0,51;Sim/A/A07;-0,23;0,22;7;0,57
P000369;0,02;0,09;74;0,51;Sim/B/B01;0,54;0,3;10;0,5
P000369;0,02;0,09;74;0,51;Sim/B/B02;0,04;0,21;6;0,5
P000369;0,02;0,09;74;0,51;Sim/B/B03;0,19;0,32;10;0,1
P000369;0,02;0,09;74;0,51;Sim/C/C01;0,25;0,29;10;0,7
P000369;0,02;0,09;74;0,51;Sim/C/C02;-0,13;0,24;6;0,5;Sim/A/A02 Sim/A/A04 Sim/A/A06 Sim/A/A07 Sim/C/C02 ;-0,08 (0,3 | 10 | 0,7) -0,13 (0,24 | 3 | 0,33) -0,44 (0,24 | 8 | 0,75) -0,23 (0,22 | 7 | 0,57) -0,13 (0,24 | 6 | 0,5) 
P000370;1,43;0,14;50;0,74;Sim/B/B01;0,99;0,24;7;0,57
P000370;1,43;0,14;50;0,74;Sim/B/B02;1,51;0,43;10;0,5
P000370;1,43;0,14;50;0,74;Sim/B/B03;1,41;0,24;6;0,5
P000370;1,43;0,14;50;0,74;Sim/C/C03;1,49;0,38;8;1;Sim/B/B01 Sim/B/B03 Sim/C/C04 Sim/C/C07 ;0,99 (0,24 | 7 | 0,57) 1,41 (0,24 | 6 | 0,5) 1,43 (3,08 | 1 | 0) 1,43 (2,22 | 1 | 0) 
P000371;1,93;0,2;54;0,41;Sim/B/B02;1,51;0,43;10;0,5
P000371;1,93;0,2;54;0,41;Sim/C/C07;2,31;0,47;10;0,1;Sim/B/B02 Sim/B/B04 ;1,51 (0,43 | 10 | 0,5) 1,93 (1,32 | 1 | 0) 
P000372;3,64;0,08;75;0,45;Sim/B/B04;3,64;0,25;10;0,6
P000372;3,64;0,08;75;0,45;Sim/C/C04;3,83;0,24;7;0,43
P000372;3,64;0,08;75;0,45;Sim/C/C06;3,54;0,19;9;0,22
P000372;3,64;0,08;75;0,45;Sim/C/C08;3,84;0,29;10;0,2
P000372;3,64;0,08;75;0,45;Sim/C/C09;3,7;0,35;10;0,1
P000372;3,64;0,08;75;0,45;Sim/C/C10;3,76;0,24;5;0,6;Sim/B/B01 Sim/B/B02 Sim/C/C05 Sim/C/C06 Sim/C/C07 ;2,19 (0,74 | 5 | 0,8) 2,98 (0,51 | 6 | 0,67) 3,51 (0,22 | 4 | 0,5) 3,54 (0,19 | 9 | 0,22) 3,6 (0,21 | 4 | 0,5) 
P000373;-3,82;0,18;27;0,26;Sim/A/A01;-4,08;0,22;6;0,5;Sim/A/A01 Sim/A/A02 Sim/A/A06 Sim/B/B01 Sim/B/B02 ;-4,08 (0,22 | 6 | 0,5) -3,82 (1,58 | 5 | 0) -3,82 (2,72 | 5 | 0) -3,82 (4,34 | 5 | 0) -3,82 (4985,03 | 1 | 0) 
P000374;4,51;0,1;72;0,76;Sim/C/C04;4,48;0,26;10;0,7
P000374;4,51;0,1;72;0,76;Sim/C/C05;3,98;0,24;7;0,57
P000374;4,51;0,1;72;0,76;Sim/C/C06;4,34;0,18;10;0,7
P000374;4,51;0,1;72;0,76;Sim/C/C08;4,42;0,2;6;0,33
P000374;4,51;0,1;72;0,76;Sim/C/C09;4,81;0,22;6;0,67;Sim/B/B01 Sim/B/B02 Sim/C/C04 Sim/C/C05 Sim/C/C06 Sim/C/C08 ;2,19 (0,74 | 5 | 0,8) 3,3 (0,83 | 5 | 0,8) 4,48 (0,26 | 10 | 0,7) 3,98 (0,24 | 7 | 0,57) 4,34 (0,18 | 10 | 0,7) 4,42 (0,2 | 6 | 0,33) 
P000375;-5,27;0,69;21;0;;;;;;;
P000376;-1,23;0,11;44;0,23;Sim/A/A02;-1,25;0,24;5;0,4
P000376;-1,23;0,11;44;0,23;Sim/B/B01;-1,16;0,29;10;0,3
P000376;-1,23;0,11;44;0,23;Sim/C/C01;-1,64;0,39;10;0,1;Sim/A/A02 Sim/A/A04 Sim/A/A07 Sim/B/B02 Sim/C/C01 ;-1,25 (0,24 | 5 | 0,4) -1,42 (0,25 | 4 | 0) -1,69 (0,98 | 7 | 0) -1,23 (2,31 | 1 | 0) -1,64 (0,39 | 10 | 0,1) 
P000377;-3,03;0,16;50;0,36;Sim/A/A01;-2,98;0,37;10;0,7
P000377;-3,03;0,16;50;0,36;Sim/A/A02;-2,87;0,28;10;0,1
P000377;-3,03;0,16;50;0,36;Sim/A/A03;-3,43;0,32;10;0,7
P000377;-3,03;0,16;50;0,36;Sim/A/A05;-2,97;0,23;9;0,33;Sim/A/A03 Sim/A/A06 Sim/B/B01 Sim/B/B02 ;-3,43 (0,32 | 10 | 0,7) -3,03 (1,73 | 5 | 0) -3,03 (2,4 | 5 | 0) -3,03 (478,71 | 1 | 0) 
P000378;-3,61;0,2;26;0,27;Sim/A/A01;-3,85;0,24;5;0,4;Sim/A/A01 Sim/A/A02 Sim/A/A06 Sim/B/B01 Sim/B/B02 ;-3,85 (0,24 | 5 | 0,4) -3,62 (1,12 | 5 | 0) -3,61 (2,48 | 5 | 0) -3,61 (4,06 | 5 | 0) -3,61 (2687,93 | 1 | 0) 
P000379;0,69;0,1;61;0,57;Sim/A/A02;0,83;0,39;10;0,9
P000379;0,69;0,1;61;0,57;Sim/B/B01;0,43;0,3;10;0,5
P000379;0,69;0,1;61;0,57;Sim/B/B02;1,6;0,42;10;0,5
P000379;0,69;0,1;61;0,57;Sim/B/B03;0,13;0,35;10;0,1
P000379;0,69;0,1;61;0,57;Sim/C/C02;1,06;0,33;10;0,8
P000379;0,69;0,1;61;0,57;Sim/C/C03;0,77;0,21;6;0,5;Sim/B/B01 Sim/B/B03 ;0,43 (0,3 | 10 | 0,5) 0,13 (0,35 | 10 | 0,1) 
P000380;1,98;0,2;63;0,46;Sim/B/B01;1,53;0,34;10;0,8
P000380;1,98;0,2;63;0,46;Sim/B/B02;1,67;0,39;10;0,5
P000380;1,98;0,2;63;0,46;Sim/B/B03;1,71;0,31;10;0,8
P000380;1,98;0,2;63;0,46;Sim/C/C07;3,35;0,23;5;0,4;Sim/B/B01 Sim/B/B02 Sim/B/B03 Sim/B/B04 Sim/C/C04 Sim/C/C05 Sim/C/C10 ;1,53 (0,34 | 10 | 0,8) 1,67 (0,39 | 10 | 0,5) 1,71 (0,31 | 10 | 0,8) 1,64 (2,06 | 1 | 0) 1,95 (0,81 | 5 | 0) 1,98 (1,2 | 6 | 0) 1,97 (1,16 | 6 | 0) 
P000381;-3,04;0,17;43;0,33;Sim/A/A02;-3,1;0,39;10;0
P000381;-3,04;0,17;43;0,33;Sim/A/A03;-3,42;0,33;10;0,6
P000381;-3,04;0,17;43;0,33;Sim/A/A05;-3;0,24;6;0,33;Sim/A/A02 Sim/A/A03 Sim/B/B01 Sim/B/B02 ;-3,1 (0,39 | 10 | 0) -3,42 (0,33 | 10 | 0,6) -3,04 (2,7 | 5 | 0) -3,04 (490,34 | 1 | 0) 
P000382;0,01;0,09;67;0,6;Sim/A/A02;-0,08;0,3;10;0,7
P000382;0,01;0,09;67;0,6;Sim/A/A06;0,05;0,5;10;0,8
P000382;0,01;0,09;67;0,6;Sim/A/A07;0,22;0,37;10;0,7
P000382;0,01;0,09;67;0,6;Sim/B/B01;-0,18;0,25;5;0,4
P000382;0,01;0,09;67;0,6;Sim/B/B02;-0,13;0,21;6;0,5
P000382;0,01;0,09;67;0,6;Sim/C/C01;-0,01;0,23;7;0,57
P000382;0,01;0,09;67;0,6;Sim/C/C02;0,19;0,27;10;0,5
P000382;0,01;0,09;67;0,6;Sim/C/C03;0,31;0,22;5;0,4;Sim/A/A02 Sim/A/A04 Sim/B/B01 Sim/B/B02 Sim/C/C01 ;-0,08 (0,3 | 10 | 0,7) -0,05 (0,22 | 4 | 0,5) -0,18 (0,25 | 5 | 0,4) -0,13 (0,21 | 6 | 0,5) -0,01 (0,23 | 7 | 0,57) 
P000383;2,7;0,16;42;0,6;Sim/B/B01;1,82;0,43;10;0,8
P000383;2,7;0,16;42;0,6;Sim/B/B02;2,45;0,33;10;0,7;Sim/B/B01 Sim/B/B02 Sim/C/C07 Sim/C/C10 ;1,82 (0,43 | 10 | 0,8) 2,45 (0,33 | 10 | 0,7) 2,1 (0,83 | 5 | 0,2) 1,98 (1,1 | 7 | 0,14) 
P000384;-1,99;0,16;23;0,39;Sim/A/A02;-2,2;0,24;6;0,5;Sim/A/A02 Sim/B/B01 ;-2,2 (0,24 | 6 | 0,5) -2,01 (0,67 | 5 | 0) 
P000385;0,79;0,1;65;0,72;Sim/A/A02;0,84;0,39;10;1
P000385;0,79;0,1;65;0,72;Sim/B/B01;0,4;0,3;10;0,6
P000385;0,79;0,1;65;0,72;Sim/B/B02;0,49;0,23;5;0,6
P000385;0,79;0,1;65;0,72;Sim/B/B03;0,32;0,26;10;0,2
P000385;0,79;0,1;65;0,72;Sim/C/C02;0,68;0,29;10;0,6
P000385;0,79;0,1;65;0,72;Sim/C/C03;1,41;0,33;10;1;Sim/B/B01 Sim/B/B02 Sim/B/B03 Sim/C/C02 ;0,4 (0,3 | 10 | 0,6) 0,49 (0,23 | 5 | 0,6) 0,32 (0,26 | 10 | 0,2) 0,68 (0,29 | 10 | 0,6) 
P000386;2,93;0,11;45;0,51;Sim/C/C05;3,01;0,21;6;0,33
P000386;2,93;0,11;45;0,51;Sim/C/C10;3,08;0,19;7;0,29;Sim/B/B03 Sim/C/C04 Sim/C/C07 ;2,13 (0,64 | 7 | 0,86) 2,29 (0,58 | 5 | 0,2) 2,1 (0,83 | 5 | 0) 
P000387;3,48;0,09;53;0,66;Sim/C/C04;3,08;0,29;10;0,5
P000387;3,48;0,09;53;0,66;Sim/C/C05;3,96;0,24;6;0,83
P000387;3,48;0,09;53;0,66;Sim/C/C06;3,45;0,25;5;0,2
P000387;3,48;0,09;53;0,66;Sim/C/C07;3,17;0,23;5;0,4;Sim/B/B02 Sim/C/C04 Sim/C/C06 Sim/C/C07 Sim/C/C10 ;3,26 (0,79 | 5 | 0,8) 3,08 (0,29 | 10 | 0,5) 3,45 (0,25 | 5 | 0,2) 3,17 (0,23 | 5 | 0,4) 3,17 (0,22 | 3 | 0,33) 
P000388;0,67;0,1;65;0,65;Sim/A/A02;0,83;0,39;10;0,9
P000388;0,67;0,1;65;0,65;Sim/A/A04;0,23;0,23;7;0,71
P000388;0,67;0,1;65;0,65;Sim/B/B01;0,61;0,29;10;0,5
P000388;0,67;0,1;65;0,65;Sim/B/B02;0,81;0,27;10;0,5
P000388;0,67;0,1;65;0,65;Sim/B/B03;0,67;0,19;7;0,43
P000388;0,67;0,1;65;0,65;Sim/C/C02;0,89;0,3;10;0,7;Sim/A/A04 Sim/B/B01 Sim/C/C03 ;0,23 (0,23 | 7 | 0,71) 0,61 (0,29 | 10 | 0,5) 0,64 (0,21 | 4 | 0,5) 
P000389;-2,14;0,15;26;0,35;Sim/A/A02;-2,47;0,24;6;0,33
P000389;-2,14;0,15;26;0,35;Sim/A/A05;-1,83;0,27;10;0,6;Sim/A/A02 Sim/B/B01 ;-2,47 (0,24 | 6 | 0,33) -2,16 (0,81 | 5 | 0) 
P000390;4,79;0,14;47;0,83;Sim/C/C04;4,29;0,25;10;0,7
P000390;4,79;0,14;47;0,83;Sim/C/C09;4,82;0,25;5;0,6;Sim/B/B01 Sim/B/B02 Sim/C/C04 ;2,35 (0,78 | 5 | 0,8) 4,03 (1,72 | 5 | 0,8) 4,29 (0,25 | 10 | 0,7) 
P000391;-2,59;0,14;27;0,26;Sim/A/A02;-2,78;0,26;10;0,2
P000391;-2,59;0,14;27;0,26;Sim/A/A05;-2,62;0,18;7;0,57
P000391;-2,59;0,14;27;0,26;Sim/A/A06;-1,23;0,23;5;0,2;Sim/A/A02 Sim/A/A05 Sim/B/B01 ;-2,78 (0,26 | 10 | 0,2) -2,62 (0,18 | 7 | 0,57) -2,59 (1,39 | 5 | 0) 
P000392;0,31;0,1;69;0,62;Sim/A/A02;-0,07;0,31;10;0,7
P000392;0,31;0,1;69;0,62;Sim/B/B01;-0,18;0,25;5;0,4
P000392;0,31;0,1;69;0,62;Sim/B/B02;-0,37;0,23;5;0,2
P000392;0,31;0,1;69;0,62;Sim/B/B03;0,32;0,26;10;0,2
P000392;0,31;0,1;69;0,62;Sim/C/C02;0,97;0,31;10;0,7;Sim/A/A02 Sim/A/A06 Sim/B/B01 Sim/B/B02 ;-0,07 (0,31 | 10 | 0,7) 0,13 (0,7 | 5 | 0,8) -0,18 (0,25 | 5 | 0,4) -0,37 (0,23 | 5 | 0,2) 
P000393;0,36;0,1;62;0,63;Sim/A/A02;0,83;0,39;10;0,9
P000393;0,36;0,1;62;0,63;Sim/A/A04;0,51;0,3;10;0,7
P000393;0,36;0,1;62;0,63;Sim/B/B01;0,16;0,25;9;0,56
P000393;0,36;0,1;62;0,63;Sim/B/B03;0,6;0,24;5;0,2
P000393;0,36;0,1;62;0,63;Sim/C/C01;0,18;0,27;10;0,9
P000393;0,36;0,1;62;0,63;Sim/C/C02;0,12;0,25;10;0,5;Sim/B/B01 Sim/B/B02 Sim/C/C01 Sim/C/C02 Sim/C/C03 ;0,16 (0,25 | 9 | 0,56) 0,31 (0,23 | 4 | 0,5) 0,18 (0,27 | 10 | 0,9) 0,12 (0,25 | 10 | 0,5) 0,35 (0,22 | 4 | 0,25) 
P000394;2,9;0,11;58;0,45;Sim/B/B02;2,24;0,3;10;0,7
P000394;2,9;0,11;58;0,45;Sim/B/B04;3,1;0,21;5;0,6
P000394;2,9;0,11;58;0,45;Sim/C/C10;3,08;0,19;7;0,29;Sim/B/B02 Sim/C/C04 Sim/C/C05 ;2,24 (0,3 | 10 | 0,7) 2,05 (0,73 | 5 | 0,2) 2,12 (0,9 | 7 | 0) 
P000395;-2,37;0,16;25;0,2;Sim/A/A02;-2,52;0,22;9;0,22
P000395;-2,37;0,16;25;0,2;Sim/A/A05;-2,12;0,24;5;0,6;Sim/A/A02 Sim/A/A06 Sim/B/B01 Sim/B/B02 ;-2,52 (0,22 | 9 | 0,22) -2,37 (1,1 | 5 | 0) -2,37 (1,16 | 5 | 0) -2,37 (66,95 | 1 | 0) 
P000396;-2,98;0,18;33;0,24;Sim/A/A01;-3,51;0,24;7;0,57
P000396;-2,98;0,18;33;0,24;Sim/A/A02;-2,87;0,28;10;0,1;Sim/A/A01 Sim/B/B01 Sim/B/B02 ;-3,51 (0,24 | 7 | 0,57) -2,99 (2,3 | 5 | 0) -2,98 (417,19 | 1 | 0) 
P000397;1,92;0,22;29;0,66;Sim/B/B02;1,63;0,4;10;0,5;Sim/B/B02 Sim/B/B04 Sim/C/C04 Sim/C/C07 Sim/C/C10 ;1,63 (0,4 | 10 | 0,5) 1,91 (1,46 | 1 | 0) 1,92 (1,57 | 1 | 0) 1,91 (1,39 | 1 | 0) 1,92 (1,86 | 1 | 0) 
P000398;2,22;0,2;40;0,5;Sim/B/B02;2,1;0,29;10;0,5
P000398;2,22;0,2;40;0,5;Sim/B/B04;2,31;0,33;10;0,2;Sim/B/B02 Sim/C/C04 Sim/C/C07 Sim/C/C10 ;2,1 (0,29 | 10 | 0,5) 2,2 (1,09 | 1 | 0) 2,17 (0,71 | 5 | 0) 2,21 (1,22 | 1 | 0) 
P000399;0,15;0,09;74;0,59;Sim/A/A02;0,24;0,34;10;0,8
P000399;0,15;0,09;74;0,59;Sim/A/A04;0,27;0,22;10;0,6
P000399;0,15;0,09;74;0,59;Sim/B/B01;0,05;0,24;6;0,67
P000399;0,15;0,09;74;0,59;Sim/B/B02;0,32;0,22;5;0,6
P000399;0,15;0,09;74;0,59;Sim/B/B03;0,13;0,35;10;0
P000399;0,15;0,09;74;0,59;Sim/C/C02;-0,29;0,23;5;0,6
P000399;0,15;0,09;74;0,59;Sim/C/C03;-0,35;0,32;10;0,3;Sim/B/B01 Sim/B/B03 Sim/C/C02 Sim/C/C03 ;0,05 (0,24 | 6 | 0,67) 0,13 (0,35 | 10 | 0) -0,29 (0,23 | 5 | 0,6) -0,35 (0,32 | 10 | 0,3) 
P000400;3,35;0,09;54;0,57;Sim/B/B04;3,45;0,24;6;0,67
P000400;3,35;0,09;54;0,57;Sim/C/C04;3,39;0,25;9;0,44
P000400;3,35;0,09;54;0,57;Sim/C/C05;3,28;0,19;6;0,5
P000400;3,35;0,09;54;0,57;Sim/C/C07;3,78;0,2;6;0,67;Sim/B/B02 Sim/C/C05 Sim/C/C06 Sim/C/C10 ;2,98 (0,51 | 6 | 0,67) 3,28 (0,19 | 6 | 0,5) 2,9 (0,65 | 7 | 0,14) 2,99 (0,24 | 4 | 0,25) 
P000401;-1,24;0,1;54;0,26;Sim/A/A02;-0,9;0,24;6;0,5
P000401;-1,24;0,1;54;0,26;Sim/B/B01;-1,28;0,3;10;0,3
P000401;-1,24;0,1;54;0,26;Sim/C/C01;-1,32;0,26;10;0,3
P000401;-1,24;0,1;54;0,26;Sim/C/C02;-1,07;0,31;10;0,3;Sim/A/A06 Sim/A/A07 Sim/B/B01 Sim/B/B02 Sim/C/C01 ;-1,93 (0,65 | 8 | 0) -1,67 (1 | 5 | 0) -1,28 (0,3 | 10 | 0,3) -1,28 (2,7 | 1 | 0) -1,32 (0,26 | 10 | 0,3) 
P000402;2,54;0,14;61;0,33;Sim/C/C04;2,72;0,36;10;0,3
P000402;2,54;0,14;61;0,33;Sim/C/C07;2,94;0,24;8;0,38;Sim/B/B01 Sim/B/B03 Sim/B/B04 Sim/C/C05 Sim/C/C10 ;2,39 (0,78 | 5 | 0,8) 2,13 (0,64 | 7 | 0,86) 2 (0,73 | 6 | 0) 2,09 (0,9 | 8 | 0) 2,05 (1,01 | 7 | 0) 
P000403;0,98;0,1;61;0,7;Sim/A/A02;0,83;0,39;10;0,9
P000403;0,98;0,1;61;0,7;Sim/B/B01;1,12;0,25;7;0,57
P000403;0,98;0,1;61;0,7;Sim/B/B02;1,18;0,39;10;0,5
P000403;0,98;0,1;61;0,7;Sim/B/B03;0,56;0,2;8;0,38
P000403;0,98;0,1;61;0,7;Sim/C/C02;1,38;0,45;10;0,9
P000403;0,98;0,1;61;0,7;Sim/C/C03;1,27;0,29;10;0,8;Sim/A/A02 Sim/B/B03 Sim/C/C07 ;0,83 (0,39 | 10 | 0,9) 0,56 (0,2 | 8 | 0,38) 0,98 (3,61 | 1 | 0) 
P000404;-0,49;0,08;72;0,44;Sim/A/A02;-0,08;0,3;10;0,7
P000404;-0,49;0,08;72;0,44;Sim/B/B01;-0,55;0,25;10;0,5
P000404;-0,49;0,08;72;0,44;Sim/B/B02;-0,78;0,39;10;0
P000404;-0,49;0,08;72;0,44;Sim/C/C02;-0,92;0,26;10;0,3
P000404;-0,49;0,08;72;0,44;Sim/C/C03;-0,57;0,33;10;0,2;Sim/A/A07 Sim/B/B01 Sim/B/B02 Sim/C/C02 Sim/C/C03 ;-1,63 (0,98 | 6 | 0,17) -0,55 (0,25 | 10 | 0,5) -0,78 (0,39 | 10 | 0) -0,92 (0,26 | 10 | 0,3) -0,57 (0,33 | 10 | 0,2) 
P000405;0,4;0,1;66;0,61;Sim/A/A02;0,83;0,39;10;0,9
P000405;0,4;0,1;66;0,61;Sim/B/B01;0,41;0,31;10;0,5
P000405;0,4;0,1;66;0,61;Sim/B/B02;0,28;0,22;6;0,33
P000405;0,4;0,1;66;0,61;Sim/B/B03;1,44;0,24;6;0,67
P000405;0,4;0,1;66;0,61;Sim/C/C01;0,32;0,32;10;0,8
P000405;0,4;0,1;66;0,61;Sim/C/C02;-0,77;0,24;6;0,33
P000405;0,4;0,1;66;0,61;Sim/C/C03;-0,29;0,33;10;0,2;Sim/B/B02 Sim/C/C01 Sim/C/C02 Sim/C/C03 ;0,28 (0,22 | 6 | 0,33) 0,32 (0,32 | 10 | 0,8) -0,77 (0,24 | 6 | 0,33) -0,29 (0,33 | 10 | 0,2) 
P000406;1,27;0,13;43;0,67;Sim/B/B01;0,95;0,25;7;0,43
P000406;1,27;0,13;43;0,67;Sim/B/B02;1,67;0,39;10;0,5
P000406;1,27;0,13;43;0,67;Sim/C/C02;0,5;0,29;10;0,6
P000406;1,27;0,13;43;0,67;Sim/C/C03;1,44;0,35;10;0,9;Sim/B/B01 Sim/C/C02 ;0,95 (0,25 | 7 | 0,43) 0,5 (0,29 | 10 | 0,6) 
P000407;-3,75;0,16;33;0,24;Sim/A/A01;-3,72;0,2;8;0,5
P000407;-3,75;0,16;33;0,24;Sim/A/A02;-3,24;0,48;10;0,1;Sim/A/A03 Sim/A/A06 Sim/B/B02 ;-3,89 (0,24 | 4 | 0,5) -3,77 (2,66 | 5 | 0) -3,75 (4122,86 | 1 | 0) 
P000408;4,85;0,13;48;0,9;Sim/C/C09;4,7;0,2;5;0,6;Sim/C/C08 Sim/C/C09 ;4,76 (0,2 | 4 | 0,5) 4,7 (0,2 | 5 | 0,6) 
P000409;-1,2;0,1;54;0,22;Sim/A/A02;-1,09;0,22;6;0,33
P000409;-1,2;0,1;54;0,22;Sim/A/A06;-1,35;0,25;10;0,3
P000409;-1,2;0,1;54;0,22;Sim/A/A07;-1,02;0,25;6;0,17
P000409;-1,2;0,1;54;0,22;Sim/B/B01;-0,94;0,28;10;0,4;Sim/A/A06 Sim/B/B02 Sim/C/C01 Sim/C/C02 ;-1,35 (0,25 | 10 | 0,3) -1,2 (0,97 | 5 | 0) -2,14 (0,72 | 7 | 0) -1,76 (0,94 | 6 | 0) 
P000410;-0,55;0,08;62;0,44;Sim/A/A02;-0,08;0,3;10;0,7
P000410;-0,55;0,08;62;0,44;Sim/A/A04;-0,73;0,23;6;0,5
P000410;-0,55;0,08;62;0,44;Sim/A/A07;-1,01;0,25;6;0,17
P000410;-0,55;0,08;62;0,44;Sim/B/B01;-0,82;0,27;10;0,4
P000410;-0,55;0,08;62;0,44;Sim/B/B02;-0,53;0,25;9;0,11
P000410;-0,55;0,08;62;0,44;Sim/C/C01;-0,46;0,2;6;0,5
P000410;-0,55;0,08;62;0,44;Sim/C/C02;-0,04;0,24;7;0,57;Sim/A/A04 Sim/A/A07 Sim/B/B01 Sim/C/C03 ;-0,73 (0,23 | 6 | 0,5) -1,01 (0,25 | 6 | 0,17) -0,82 (0,27 | 10 | 0,4) -1,89 (1,27 | 5 | 0,2) 
P000411;-2,19;0,16;23;0,3;Sim/A/A02;-2,22;0,23;7;0,43
P000411;-2,19;0,16;23;0,3;Sim/A/A05;-2,09;0,25;5;0,8;Sim/A/A02 Sim/A/A06 Sim/B/B01 Sim/B/B02 ;-2,22 (0,23 | 7 | 0,43) -2,2 (0,97 | 5 | 0) -2,21 (0,92 | 5 | 0) -2,19 (40,35 | 1 | 0) 
P000412;-1,02;0,09;53;0,36;Sim/A/A02;-1,6;0,25;7;0,29
P000412;-1,02;0,09;53;0,36;Sim/A/A04;-1,01;0,18;6;0,5
P000412;-1,02;0,09;53;0,36;Sim/B/B01;-1,53;0,36;10;0,2
P000412;-1,02;0,09;53;0,36;Sim/C/C01;-1,64;0,39;10;0,1
P000412;-1,02;0,09;53;0,36;Sim/C/C02;-0,91;0,25;10;0,3;Sim/A/A02 Sim/B/B01 Sim/B/B02 Sim/C/C01 ;-1,6 (0,25 | 7 | 0,29) -1,53 (0,36 | 10 | 0,2) -1,53 (5,58 | 1 | 0) -1,64 (0,39 | 10 | 0,1) 
P000413;0,05;0,09;73;0,53;Sim/A/A02;0,24;0,34;10;0,8
P000413;0,05;0,09;73;0,53;Sim/A/A07;-0,27;0,21;7;0,57
P000413;0,05;0,09;73;0,53;Sim/B/B01;-0,02;0,23;9;0,44
P000413;0,05;0,09;73;0,53;Sim/B/B02;-0,32;0,22;7;0,29
P000413;0,05;0,09;73;0,53;Sim/B/B03;0,13;0,35;10;0,1
P000413;0,05;0,09;73;0,53;Sim/C/C01;-0,09;0,23;6;0,5
P000413;0,05;0,09;73;0,53;Sim/C/C02;0,81;0,3;10;0,8;Sim/A/A04 Sim/A/A07 Sim/B/B01 Sim/B/B02 Sim/C/C01 ;-0,13 (0,24 | 3 | 0,33) -0,27 (0,21 | 7 | 0,57) -0,02 (0,23 | 9 | 0,44) -0,32 (0,22 | 7 | 0,29) -0,09 (0,23 | 6 | 0,5) 
P000414;-0,8;0,08;64;0,39;Sim/A/A02;-0,09;0,3;10;0,7
P000414;-0,8;0,08;64;0,39;Sim/A/A04;-1,04;0,18;5;0,4
P000414;-0,8;0,08;64;0,39;Sim/A/A06;-0,84;0,18;5;0,6
P000414;-0,8;0,08;64;0,39;Sim/A/A07;-0,47;0,19;5;0,6
P000414;-0,8;0,08;64;0,39;Sim/B/B01;-0,94;0,28;10;0,4
P000414;-0,8;0,08;64;0,39;Sim/B/B02;-0,89;0,48;10;0,1
P000414;-0,8;0,08;64;0,39;Sim/C/C02;-1,3;0,45;10;0,3;Sim/A/A04 Sim/A/A06 Sim/B/B01 Sim/B/B02 Sim/C/C01 Sim/C/C02 Sim/C/C03 ;-1,04 (0,18 | 5 | 0,4) -0,84 (0,18 | 5 | 0,6) -0,94 (0,28 | 10 | 0,4) -0,89 (0,48 | 10 | 0,1) -1 (0,25 | 3 | 0,33) -1,3 (0,45 | 10 | 0,3) -1,03 (0,53 | 6 | 0,17) 
P000415;2,96;0,1;62;0,44;Sim/B/B04;3,97;0,39;10;0,8
P000415;2,96;0,1;62;0,44;Sim/C/C05;2,87;0,25;7;0,29
P000415;2,96;0,1;62;0,44;Sim/C/C07;2,57;0,35;10;0,2;Sim/B/B01 Sim/C/C04 Sim/C/C05 Sim/C/C06 Sim/C/C07 Sim/C/C10 ;2,02 (0,55 | 7 | 0,86) 2,05 (0,73 | 5 | 0) 2,87 (0,25 | 7 | 0,29) 2,48 (1,39 | 5 | 0) 2,57 (0,35 | 10 | 0,2) 1,98 (1,02 | 8 | 0) 
P000416;2,36;0,18;43;0,53;Sim/B/B02;2,33;0,31;10;0,7
P000416;2,36;0,18;43;0,53;Sim/C/C07;2,66;0,31;10;0,3;Sim/B/B02 Sim/B/B04 Sim/C/C04 ;2,33 (0,31 | 10 | 0,7) 1,86 (0,78 | 6 | 0) 2,05 (0,73 | 5 | 0,2) 
P000417;-5,27;0,69;21;0;;;;;;;
P000418;-2,41;0,16;28;0,39;Sim/A/A02;-2,09;0,22;8;0,5;Sim/A/A05 Sim/A/A06 Sim/B/B01 Sim/B/B02 ;-2,77 (0,22 | 4 | 0,5) -2,43 (1,15 | 5 | 0) -2,42 (1,23 | 5 | 0) -2,41 (76,8 | 1 | 0) 
P000419;-1,87;0,16;29;0,41;Sim/A/A02;-2,2;0,24;6;0,5
P000419;-1,87;0,16;29;0,41;Sim/B/B01;-1,42;0,33;10;0,3;Sim/A/A02 Sim/A/A06 ;-2,2 (0,24 | 6 | 0,5) -1,9 (0,71 | 5 | 0) 
P000420;-1,41;0,11;64;0,31;Sim/A/A02;-1,54;0,24;6;0,5
P000420;-1,41;0,11;64;0,31;Sim/A/A06;-1,39;0,27;10;0,2
P000420;-1,41;0,11;64;0,31;Sim/B/B01;-0,96;0,28;10;0,4
P000420;-1,41;0,11;64;0,31;Sim/C/C01;-1,48;0,32;10;0,2;Sim/A/A02 Sim/A/A04 Sim/A/A07 Sim/B/B02 Sim/C/C01 Sim/C/C02 ;-1,54 (0,24 | 6 | 0,5) -1,44 (0,25 | 4 | 0,25) -1,94 (1,26 | 7 | 0,14) -1,41 (1,36 | 5 | 0) -1,48 (0,32 | 10 | 0,2) -1,75 (0,95 | 5 | 0,2) 
P000421;3,81;0,09;73;0,56;Sim/B/B04;3,97;0,39;10;0,8
P000421;3,81;0,09;73;0,56;Sim/C/C04;3,58;0,24;7;0,43
P000421;3,81;0,09;73;0,56;Sim/C/C08;3,71;0,34;10;0
P000421;3,81;0,09;73;0,56;Sim/C/C10;3,34;0,18;6;0,33;Sim/B/B02 Sim/B/B03 Sim/C/C04 Sim/C/C08 Sim/C/C09 Sim/C/C10 ;3,3 (0,83 | 5 | 0,8) 2,55 (1,2 | 5 | 0,8) 3,58 (0,24 | 7 | 0,43) 3,71 (0,34 | 10 | 0) 3,3 (0,68 | 8 | 0,13) 3,34 (0,18 | 6 | 0,33) 
P000422;4,92;0,13;62;0,89;Sim/C/C08;4,71;0,18;6;0,5
P000422;4,92;0,13;62;0,89;Sim/C/C09;5,26;0,37;10;0,8
P000422;4,92;0,13;62;0,89;Sim/C/C10;4,59;0,41;10;0,9;Sim/C/C07 Sim/C/C08 Sim/C/C10 ;4,78 (0,67 | 5 | 0,8) 4,71 (0,18 | 6 | 0,5) 4,59 (0,41 | 10 | 0,9) 
P000423;-4,2;0,14;44;0,14;Sim/A/A01;-3,58;0,22;7;0,57
P000423;-4,2;0,14;44;0,14;Sim/A/A02;-2,87;0,28;10;0,1
P000423;-4,2;0,14;44;0,14;Sim/A/A03;-4,67;0,25;10;0;Sim/A/A03 Sim/A/A05 Sim/B/B01 Sim/B/B02 ;-4,67 (0,25 | 10 | 0) -4,21 (1,25 | 5 | 0) -4,21 (4,47 | 5 | 0) -4,2 (15743,34 | 1 | 0) 
P000424;1,41;0,14;49;0,67;Sim/B/B01;1,63;0,38;10;0,8
P000424;1,41;0,14;49;0,67;Sim/B/B02;1,51;0,43;10;0,5
P000424;1,41;0,14;49;0,67;Sim/B/B03;1,41;0,24;6;0,5
P000424;1,41;0,14;49;0,67;Sim/C/C02;1,38;0,45;10;0,9
P000424;1,41;0,14;49;0,67;Sim/C/C03;1,22;0,27;10;0,8;Sim/B/B03 Sim/C/C02 Sim/C/C03 Sim/C/C04 Sim/C/C07 ;1,41 (0,24 | 6 | 0,5) 1,38 (0,45 | 10 | 0,9) 1,22 (0,27 | 10 | 0,8) 1,4 (1,99 | 2 | 0) 1,41 (2,28 | 1 | 0) 
P000425;2,46;0,17;46;0,54;Sim/B/B02;2,18;0,3;10;0,6
P000425;2,46;0,17;46;0,54;Sim/B/B03;2,05;0,49;10;0,8
P000425;2,46;0,17;46;0,54;Sim/C/C07;2,46;0,4;10;0,2;Sim/B/B02 Sim/B/B03 Sim/C/C04 ;2,18 (0,3 | 10 | 0,6) 2,05 (0,49 | 10 | 0,8) 2,05 (0,73 | 5 | 0) 
P000426;-1,23;0,1;53;0,36;Sim/A/A02;-1,54;0,24;6;0,5
P000426;-1,23;0,1;53;0,36;Sim/A/A05;-1,75;0,31;10;0,7
P000426;-1,23;0,1;53;0,36;Sim/A/A06;-1,02;0,18;5;0,4
P000426;-1,23;0,1;53;0,36;Sim/B/B01;-1,73;0,43;10;0,1
P000426;-1,23;0,1;53;0,36;Sim/C/C01;-0,72;0,21;5;0,6;Sim/A/A02 Sim/A/A04 Sim/A/A05 Sim/B/B01 Sim/B/B02 Sim/C/C03 ;-1,54 (0,24 | 6 | 0,5) -2,01 (0,54 | 7 | 0) -1,75 (0,31 | 10 | 0,7) -1,73 (0,43 | 10 | 0,1) -1,73 (10,19 | 1 | 0) -1,3 (0,77 | 5 | 0,2) 
P000427;-2,11;0,14;44;0,25;Sim/A/A02;-2,33;0,22;8;0,38
P000427;-2,11;0,14;44;0,25;Sim/A/A04;-1,92;0,42;10;0,1
P000427;-2,11;0,14;44;0,25;Sim/A/A05;-1,93;0,24;8;0,63;Sim/A/A02 Sim/B/B01 Sim/C/C01 ;-2,33 (0,22 | 8 | 0,38) -2,12 (0,77 | 5 | 0) -2,12 (0,76 | 4 | 0) 
P000428;-4,67;0,18;33;0,09;Sim/A/A01;-4,44;0,23;5;0,4;Sim/A/A02 Sim/A/A03 Sim/A/A06 Sim/B/B02 ;-4,7 (4,34 | 5 | 0) -5,41 (0,87 | 10 | 0) -4,71 (3,69 | 5 | 0) -4,67 (62543,31 | 1 | 0) 
P000429;2,79;0,12;51;0,53;Sim/B/B02;2,12;0,29;10;0,6
P000429;2,79;0,12;51;0,53;Sim/B/B04;3,08;0,19;7;0,57
P000429;2,79;0,12;51;0,53;Sim/C/C04;2,7;0,36;10;0,4
P000429;2,79;0,12;51;0,53;Sim/C/C05;2,89;0,23;7;0,29;Sim/B/B02 Sim/B/B03 Sim/C/C04 Sim/C/C07 ;2,12 (0,29 | 10 | 0,6) 2,23 (0,89 | 5 | 0,8) 2,7 (0,36 | 10 | 0,4) 2,01 (0,82 | 6 | 0,17) 
P000430;5,33;0,23;55;0,93;Sim/B/B04;3,97;0,39;10;0,8
P000430;5,33;0,23;55;0,93;Sim/C/C08;5,43;0,35;10;0,9;Sim/B/B04 Sim/C/C10 ;3,97 (0,39 | 10 | 0,8) 4,8 (0,57 | 8 | 0,88) 
P000431;3,27;0,1;53;0,51;Sim/C/C04;2,88;0,33;10;0,3
P000431;3,27;0,1;53;0,51;Sim/C/C05;3,96;0,24;6;0,83
P000431;3,27;0,1;53;0,51;Sim/C/C06;3,23;0,31;10;0
P000431;3,27;0,1;53;0,51;Sim/C/C07;3,17;0,23;5;0,4;Sim/B/B04 Sim/C/C04 Sim/C/C06 Sim/C/C07 Sim/C/C10 ;3 (0,22 | 4 | 0,5) 2,88 (0,33 | 10 | 0,3) 3,23 (0,31 | 10 | 0) 3,17 (0,23 | 5 | 0,4) 3,17 (0,22 | 3 | 0,33) 
P000432;3,86;0,09;75;0,59;Sim/C/C04;3,78;0,25;6;0,5
P000432;3,86;0,09;75;0,59;Sim/C/C05;4;0,24;8;0,63
P000432;3,86;0,09;75;0,59;Sim/C/C07;3,77;0,2;5;0,6
P000432;3,86;0,09;75;0,59;Sim/C/C08;3,84;0,29;10;0,2
P000432;3,86;0,09;75;0,59;Sim/C/C09;3,99;0,24;10;0,2
P000432;3,86;0,09;75;0,59;Sim/C/C10;3,99;0,23;8;0,75;Sim/B/B02 Sim/B/B03 Sim/C/C04 Sim/C/C06 Sim/C/C07 Sim/C/C08 ;3,3 (0,83 | 5 | 0,8) 2,13 (0,64 | 7 | 0,86) 3,78 (0,25 | 6 | 0,5) 3,62 (0,24 | 3 | 0,33) 3,77 (0,2 | 5 | 0,6) 3,84 (0,29 | 10 | 0,2) 
P000433;5,97;0,77;41;1;;;;;;;
P000434;2,43;0,16;54;0,41;Sim/B/B02;2,24;0,3;10;0,6
P000434;2,43;0,16;54;0,41;Sim/B/B04;2,6;0,23;6;0,33
P000434;2,43;0,16;54;0,41;Sim/C/C04;2,65;0,38;10;0,3;Sim/B/B02 Sim/C/C05 Sim/C/C07 Sim/C/C10 ;2,24 (0,3 | 10 | 0,6) 2,21 (0,73 | 7 | 0) 1,92 (0,84 | 6 | 0,17) 2,2 (0,8 | 5 | 0) 
P000435;-5,27;0,69;21;0;;;;;;;
P000436;0,57;0,1;63;0,65;Sim/A/A02;0,24;0,34;10;0,8
P000436;0,57;0,1;63;0,65;Sim/A/A07;0,35;0,42;10;0,8
P000436;0,57;0,1;63;0,65;Sim/B/B01;0,19;0,25;10;0,5
P000436;0,57;0,1;63;0,65;Sim/B/B02;0,49;0,23;5;0,6
P000436;0,57;0,1;63;0,65;Sim/B/B03;0,86;0,2;5;0,6
P000436;0,57;0,1;63;0,65;Sim/C/C02;0,39;0,29;10;0,6
P000436;0,57;0,1;63;0,65;Sim/C/C03;0,7;0,18;8;0,5;Sim/A/A02 Sim/A/A07 Sim/B/B01 Sim/B/B02 Sim/C/C02 ;0,24 (0,34 | 10 | 0,8) 0,35 (0,42 | 10 | 0,8) 0,19 (0,25 | 10 | 0,5) 0,49 (0,23 | 5 | 0,6) 0,39 (0,29 | 10 | 0,6) 
P000437;2,41;0,19;36;0,56;Sim/B/B02;2,02;0,3;10;0,5
P000437;2,41;0,19;36;0,56;Sim/B/B04;2,68;0,19;10;0,3;Sim/B/B01 Sim/B/B02 Sim/C/C04 Sim/C/C07 Sim/C/C10 ;2,39 (0,78 | 5 | 0,8) 2,02 (0,3 | 10 | 0,5) 2,4 (0,89 | 1 | 0) 2,39 (0,99 | 1 | 0) 2,4 (0,94 | 1 | 0) 
P000438;-3,57;0,16;41;0,27;Sim/A/A01;-3,58;0,22;7;0,57
P000438;-3,57;0,16;41;0,27;Sim/A/A03;-3,68;0,24;8;0,63
P000438;-3,57;0,16;41;0,27;Sim/A/A05;-3,27;0,33;10;0,1;Sim/A/A01 Sim/A/A02 Sim/A/A03 Sim/A/A06 Sim/B/B02 ;-3,58 (0,22 | 7 | 0,57) -3,59 (1,08 | 5 | 0) -3,68 (0,24 | 8 | 0,63) -3,58 (2,44 | 5 | 0) -3,57 (2403,61 | 1 | 0) 
P000439;3,16;0,09;67;0,46;Sim/B/B04;2,6;0,24;7;0,29
P000439;3,16;0,09;67;0,46;Sim/C/C04;3,22;0,29;10;0,5
P000439;3,16;0,09;67;0,46;Sim/C/C05;2,81;0,25;10;0,2
P000439;3,16;0,09;67;0,46;Sim/C/C06;3,23;0,31;10;0
P000439;3,16;0,09;67;0,46;Sim/C/C07;4,33;0,33;10;0,7;Sim/B/B02 Sim/B/B03 Sim/B/B04 Sim/C/C05 ;3,01 (0,56 | 5 | 0,6) 2,13 (0,64 | 7 | 0,86) 2,6 (0,24 | 7 | 0,29) 2,81 (0,25 | 10 | 0,2) 
P000440;-5,27;0,69;21;0;;;;;;;
P000441;-3,88;0,16;43;0,23;Sim/A/A01;-3,47;0,24;10;0,5
P000441;-3,88;0,16;43;0,23;Sim/A/A03;-4,25;0,19;7;0,43
P000441;-3,88;0,16;43;0,23;Sim/A/A05;-3,27;0,33;10;0,2;Sim/A/A02 Sim/A/A03 Sim/A/A06 Sim/B/B01 Sim/B/B02 ;-3,88 (1,74 | 5 | 0) -4,25 (0,19 | 7 | 0,43) -3,89 (2,8 | 5 | 0) -3,89 (4,43 | 5 | 0) -3,88 (6080,33 | 1 | 0) 
P000442;3,15;0,1;49;0,57;Sim/B/B04;2,58;0,24;9;0,22
P000442;3,15;0,1;49;0,57;Sim/C/C04;3,12;0,29;10;0,5;Sim/B/B03 Sim/B/B04 Sim/C/C04 Sim/C/C07 ;2,31 (0,93 | 5 | 0,8) 2,58 (0,24 | 9 | 0,22) 3,12 (0,29 | 10 | 0,5) 3,08 (0,25 | 4 | 0,5) 
P000443;-5,27;0,69;21;0;;;;;;;
P000444;-2,04;0,15;36;0,22;Sim/A/A05;-2,06;0,21;10;0,6;Sim/A/A05 Sim/B/B01 Sim/C/C01 Sim/C/C02 ;-2,06 (0,21 | 10 | 0,6) -2,06 (0,71 | 5 | 0) -2,06 (0,7 | 4 | 0) -2,05 (1,83 | 1 | 0) 
P000445;3,18;0,09;61;0,49;Sim/B/B04;3,47;0,21;10;0,7
P000445;3,18;0,09;61;0,49;Sim/C/C04;3;0,31;10;0,4
P000445;3,18;0,09;61;0,49;Sim/C/C05;2,98;0,21;7;0,29
P000445;3,18;0,09;61;0,49;Sim/C/C06;3,49;0,22;6;0,17
P000445;3,18;0,09;61;0,49;Sim/C/C07;2,69;0,3;10;0,2;Sim/B/B01 Sim/B/B03 Sim/C/C04 Sim/C/C05 Sim/C/C07 ;2,39 (0,78 | 5 | 0,8) 2,55 (1,2 | 5 | 0,8) 3 (0,31 | 10 | 0,4) 2,98 (0,21 | 7 | 0,29) 2,69 (0,3 | 10 | 0,2) 
P000446;2,64;0,14;70;0,4;Sim/B/B01;1,79;0,43;10;0,8
P000446;2,64;0,14;70;0,4;Sim/B/B02;2,41;0,32;10;0,7
P000446;2,64;0,14;70;0,4;Sim/C/C04;2,75;0,36;10;0,3
P000446;2,64;0,14;70;0,4;Sim/C/C07;2,67;0,31;10;0,1;Sim/B/B01 Sim/B/B02 Sim/B/B03 Sim/B/B04 ;1,79 (0,43 | 10 | 0,8) 2,41 (0,32 | 10 | 0,7) 2,13 (0,64 | 7 | 0,86) 1,97 (0,74 | 5 | 0) 
P000447;-1,65;0,14;44;0,27;Sim/A/A02;-1,54;0,24;6;0,5
P000447;-1,65;0,14;44;0,27;Sim/A/A04;-1,92;0,42;10;0,1
P000447;-1,65;0,14;44;0,27;Sim/A/A06;-1,23;0,23;5;0,2;Sim/A/A04 Sim/B/B01 Sim/C/C01 Sim/C/C02 ;-1,92 (0,42 | 10 | 0,1) -2,51 (1,12 | 8 | 0,13) -2,14 (0,72 | 7 | 0) -1,66 (1,59 | 1 | 0) 
P000448;2,06;0,21;37;0,62;Sim/B/B01;1,8;0,43;10;0,9
P000448;2,06;0,21;37;0,62;Sim/B/B02;2,16;0,3;10;0,5;Sim/B/B01 Sim/B/B04 Sim/C/C04 Sim/C/C07 Sim/C/C10 ;1,8 (0,43 | 10 | 0,9) 1,9 (0,79 | 5 | 0) 2,05 (1,31 | 1 | 0) 2,05 (1,24 | 1 | 0) 2,05 (1,52 | 1 | 0) 
P000449;3,05;0,1;58;0,5;Sim/B/B02;2,63;0,36;10;0,7
P000449;3,05;0,1;58;0,5;Sim/C/C04;3,28;0,26;10;0,5
P000449;3,05;0,1;58;0,5;Sim/C/C05;3,03;0,21;6;0,33
P000449;3,05;0,1;58;0,5;Sim/C/C07;3;0,23;8;0,38;Sim/B/B02 Sim/B/B03 Sim/C/C05 Sim/C/C06 Sim/C/C07 Sim/C/C10 ;2,63 (0,36 | 10 | 0,7) 2,23 (0,89 | 5 | 0,8) 3,03 (0,21 | 6 | 0,33) 2,91 (0,66 | 6 | 0) 3 (0,23 | 8 | 0,38) 2,99 (0,24 | 4 | 0,25) 
P000450;0,07;0,09;72;0,6;Sim/A/A02;0,24;0,34;10;0,8
P000450;0,07;0,09;72;0,6;Sim/A/A07;0,21;0,36;10;0,8
P000450;0,07;0,09;72;0,6;Sim/B/B01;-0,04;0,24;5;0,6
P000450;0,07;0,09;72;0,6;Sim/B/B02;0,32;0,22;5;0,6
P000450;0,07;0,09;72;0,6;Sim/B/B03;0,32;0,26;10;0,2
P000450;0,07;0,09;72;0,6;Sim/C/C02;-0,04;0,24;8;0,5
P000450;0,07;0,09;72;0,6;Sim/C/C03;0,14;0,24;8;0,5;Sim/A/A04 Sim/B/B01 Sim/C/C01 Sim/C/C02 ;-0,13 (0,24 | 3 | 0,33) -0,04 (0,24 | 5 | 0,6) -0,2 (0,22 | 4 | 0,5) -0,04 (0,24 | 8 | 0,5) 
P000451;-2,22;0,15;35;0,37;Sim/A/A02;-1,98;0,22;6;0,5
P000451;-2,22;0,15;35;0,37;Sim/A/A05;-2,53;0,19;6;0,5
P000451;-2,22;0,15;35;0,37;Sim/B/B01;-1,79;0,46;10;0,1;Sim/A/A05 ;-2,53 (0,19 | 6 | 0,5) 
P000452;-1,01;0,09;54;0,33;Sim/A/A02;0,23;0,35;10;0,8
P000452;-1,01;0,09;54;0,33;Sim/A/A06;-0,96;0,18;5;0,4
P000452;-1,01;0,09;54;0,33;Sim/A/A07;-0,49;0,19;5;0,6
P000452;-1,01;0,09;54;0,33;Sim/B/B01;-0,96;0,29;10;0,4;Sim/A/A04 Sim/B/B02 Sim/C/C01 Sim/C/C02 ;-2,01 (0,54 | 7 | 0) -1,02 (0,69 | 5 | 0) -2,14 (0,72 | 7 | 0) -1,68 (0,94 | 5 | 0,2) 
P000453;3,75;0,08;72;0,56;Sim/C/C04;4,08;0,25;9;0,56
P000453;3,75;0,08;72;0,56;Sim/C/C05;3,91;0,22;6;0,67
P000453;3,75;0,08;72;0,56;Sim/C/C06;3,42;0,23;9;0
P000453;3,75;0,08;72;0,56;Sim/C/C08;4,14;0,21;10;0,4
P000453;3,75;0,08;72;0,56;Sim/C/C09;4,32;0,2;5;0,4
P000453;3,75;0,08;72;0,56;Sim/C/C10;3,41;0,19;5;0,4;Sim/B/B02 Sim/C/C06 Sim/C/C07 Sim/C/C10 ;3,26 (0,79 | 5 | 0,8) 3,42 (0,23 | 9 | 0) 3,6 (0,21 | 4 | 0,5) 3,41 (0,19 | 5 | 0,4) 
P000454;-1,88;0,14;46;0,22;Sim/A/A02;-1,86;0,22;6;0,33
P000454;-1,88;0,14;46;0,22;Sim/A/A04;-1,86;0,38;10;0;Sim/B/B01 Sim/C/C01 Sim/C/C02 ;-1,91 (0,56 | 6 | 0) -2,13 (0,72 | 6 | 0) -1,89 (1,72 | 1 | 0) 
P000455;0,88;0,1;60;0,63;Sim/B/B01;0,94;0,24;9;0,56
P000455;0,88;0,1;60;0,63;Sim/B/B02;1,28;0,43;10;0,5
P000455;0,88;0,1;60;0,63;Sim/B/B03;0,56;0,2;8;0,38
P000455;0,88;0,1;60;0,63;Sim/C/C02;0,88;0,3;10;0,7
P000455;0,88;0,1;60;0,63;Sim/C/C03;0,91;0,2;10;0,7;Sim/B/B03 Sim/C/C02 Sim/C/C07 ;0,56 (0,2 | 8 | 0,38) 0,88 (0,3 | 10 | 0,7) 0,88 (4,02 | 1 | 0) 
P000456;3,79;0,09;66;0,58;Sim/C/C04;4,21;0,25;10;0,6
P000456;3,79;0,09;66;0,58;Sim/C/C08;3,77;0,32;10;0,2
P000456;3,79;0,09;66;0,58;Sim/C/C09;3,84;0,29;10;0,2;Sim/B/B02 Sim/C/C05 Sim/C/C06 Sim/C/C08 Sim/C/C10 ;3,3 (0,83 | 5 | 0,8) 3,54 (0,24 | 3 | 0,67) 3,6 (0,24 | 3 | 0) 3,77 (0,32 | 10 | 0,2) 3,51 (0,23 | 4 | 0,5) 
P000457;3,8;0,09;62;0,58;Sim/C/C04;3,59;0,25;6;0,5
P000457;3,8;0,09;62;0,58;Sim/C/C06;3,88;0,18;5;0,4
P000457;3,8;0,09;62;0,58;Sim/C/C08;3,91;0,26;10;0,2
P000457;3,8;0,09;62;0,58;Sim/C/C10;4,03;0,25;6;0,67;Sim/B/B02 Sim/B/B03 Sim/C/C04 Sim/C/C05 Sim/C/C07 ;2,98 (0,51 | 6 | 0,67) 2,55 (1,2 | 5 | 0,8) 3,59 (0,25 | 6 | 0,5) 3,51 (0,22 | 4 | 0,5) 3,41 (0,24 | 4 | 0,5) 
P000458;-0,76;0,08;48;0,4;Sim/A/A02;-0,46;0,25;10;0,6
P000458;-0,76;0,08;48;0,4;Sim/A/A04;-0,71;0,24;5;0,6
P000458;-0,76;0,08;48;0,4;Sim/B/B01;-1,27;0,3;10;0,2
P000458;-0,76;0,08;48;0,4;Sim/C/C02;-0,29;0,23;5;0,6;Sim/A/A07 Sim/B/B01 Sim/B/B02 Sim/C/C01 Sim/C/C03 ;-0,88 (0,24 | 4 | 0,25) -1,27 (0,3 | 10 | 0,2) -1,27 (2,62 | 1 | 0) -0,92 (0,22 | 4 | 0,5) -1,89 (1,27 | 5 | 0) 
P000459;-0,19;0,08;71;0,55;Sim/A/A02;-0,08;0,3;10;0,7
P000459;-0,19;0,08;71;0,55;Sim/A/A04;-0,41;0,25;7;0,57
P000459;-0,19;0,08;71;0,55;Sim/A/A06;-0,06;0,42;10;0,8
P000459;-0,19;0,08;71;0,55;Sim/A/A07;-0,39;0,21;5;0,6
P000459;-0,19;0,08;71;0,55;Sim/B/B01;-0,15;0,24;5;0,6
P000459;-0,19;0,08;71;0,55;Sim/B/B02;-0,37;0,24;5;0,2
P000459;-0,19;0,08;71;0,55;Sim/C/C01;0,61;0,46;10;0,9
P000459;-0,19;0,08;71;0,55;Sim/C/C03;-0,31;0,32;10;0,2;Sim/A/A04 Sim/A/A07 Sim/B/B02 Sim/B/B03 Sim/C/C02 Sim/C/C03 ;-0,41 (0,25 | 7 | 0,57) -0,39 (0,21 | 5 | 0,6) -0,37 (0,24 | 5 | 0,2) -0,19 (0,67 | 5 | 0) -0,23 (0,25 | 4 | 0,5) -0,31 (0,32 | 10 | 0,2) 
P000460;-3,49;0,22;27;0,33;Sim/A/A01;-3,79;0,24;5;0,6;Sim/A/A01 Sim/A/A02 Sim/B/B01 Sim/B/B02 ;-3,79 (0,24 | 5 | 0,6) -3,51 (0,92 | 5 | 0) -3,5 (3,91 | 5 | 0) -3,49 (1912,4 | 1 | 0) 
P000461;1,15;0,11;58;0,72;Sim/A/A02;1,18;0,39;10;1
P000461;1,15;0,11;58;0,72;Sim/B/B01;1,43;0,31;10;0,7
P000461;1,15;0,11;58;0,72;Sim/B/B02;1,32;0,43;10;0,5
P000461;1,15;0,11;58;0,72;Sim/B/B03;1,23;0,21;5;0,6
P000461;1,15;0,11;58;0,72;Sim/C/C02;0,73;0,29;10;0,7
P000461;1,15;0,11;58;0,72;Sim/C/C03;0,87;0,19;10;0,7;Sim/C/C02 Sim/C/C03 ;0,73 (0,29 | 10 | 0,7) 0,87 (0,19 | 10 | 0,7) 
P000462;-2,09;0,16;24;0,29;Sim/A/A02;-1,98;0,22;6;0,5
P000462;-2,09;0,16;24;0,29;Sim/A/A05;-2,18;0,23;5;0,6;Sim/A/A05 Sim/B/B01 ;-2,18 (0,23 | 5 | 0,6) -2,11 (0,76 | 5 | 0) 
P000463;1,41;0,14;57;0,81;Sim/A/A02;0,83;0,39;10;0,9
P000463;1,41;0,14;57;0,81;Sim/B/B01;1,17;0,25;9;0,67
P000463;1,41;0,14;57;0,81;Sim/B/B02;0,81;0,27;10;0,5
P000463;1,41;0,14;57;0,81;Sim/C/C03;1,47;0,36;10;1;Sim/A/A02 Sim/B/B01 Sim/B/B02 Sim/C/C04 Sim/C/C07 ;0,83 (0,39 | 10 | 0,9) 1,17 (0,25 | 9 | 0,67) 0,81 (0,27 | 10 | 0,5) 1,41 (3,18 | 1 | 0) 1,41 (2,27 | 1 | 0) 
P000464;1,48;0,14;55;0,73;Sim/B/B02;0,81;0,26;10;0,5
P000464;1,48;0,14;55;0,73;Sim/B/B03;1,49;0,24;9;0,56
P000464;1,48;0,14;55;0,73;Sim/C/C03;1,41;0,33;10;0,9;Sim/A/A04 Sim/B/B02 Sim/C/C03 ;1 (0,63 | 6 | 0,83) 0,81 (0,26 | 10 | 0,5) 1,41 (0,33 | 10 | 0,9) 
P000465;-5,27;0,69;21;0;;;;;;;
P000466;-1,23;0,1;48;0,23;Sim/A/A02;-0,63;0,24;10;0,5
P000466;-1,23;0,1;48;0,23;Sim/A/A04;-1,04;0,18;5;0,4
P000466;-1,23;0,1;48;0,23;Sim/C/C01;-1,76;0,45;10;0,1;Sim/A/A06 Sim/A/A07 Sim/B/B01 Sim/C/C01 Sim/C/C02 ;-1,26 (0,28 | 4 | 0) -1,67 (1 | 5 | 0,2) -2,51 (1,12 | 8 | 0,13) -1,76 (0,45 | 10 | 0,1) -1,44 (0,6 | 6 | 0,17) 
P000467;-0,47;0,08;67;0,48;Sim/A/A02;-0,81;0,23;8;0,5
P000467;-0,47;0,08;67;0,48;Sim/A/A07;-0,05;0,27;10;0,7
P000467;-0,47;0,08;67;0,48;Sim/B/B01;-0,93;0,28;10;0,4
P000467;-0,47;0,08;67;0,48;Sim/C/C01;-0,51;0,2;5;0,6
P000467;-0,47;0,08;67;0,48;Sim/C/C02;-0,63;0,22;5;0,4
P000467;-0,47;0,08;67;0,48;Sim/C/C03;-0,16;0,3;10;0,3;Sim/A/A02 Sim/B/B01 Sim/B/B02 Sim/C/C01 Sim/C/C02 ;-0,81 (0,23 | 8 | 0,5) -0,93 (0,28 | 10 | 0,4) -1,04 (0,69 | 7 | 0) -0,51 (0,2 | 5 | 0,6) -0,63 (0,22 | 5 | 0,4) 
P000468;-2,23;0,14;29;0,34;Sim/A/A02;-2,48;0,22;8;0,38
P000468;-2,23;0,14;29;0,34;Sim/A/A05;-1,93;0,24;10;0,7;Sim/A/A02 Sim/A/A06 Sim/B/B01 Sim/B/B02 ;-2,48 (0,22 | 8 | 0,38) -2,23 (0,99 | 5 | 0) -2,23 (0,96 | 5 | 0) -2,23 (44,2 | 1 | 0) 
P000469;5,97;0,77;41;1;;;;;;;
P000470;-5,27;0,69;21;0;;;;;;;
P000471;-0,23;0,08;61;0,51;Sim/A/A02;-0,35;0,25;10;0,6
P000471;-0,23;0,08;61;0,51;Sim/B/B01;-0,09;0,24;6;0,5
P000471;-0,23;0,08;61;0,51;Sim/B/B02;-0,31;0,2;9;0,22
P000471;-0,23;0,08;61;0,51;Sim/C/C01;-0,77;0,21;5;0,4
P000471;-0,23;0,08;61;0,51;Sim/C/C02;-0,04;0,24;7;0,57
P000471;-0,23;0,08;61;0,51;Sim/C/C03;0,11;0,25;9;0,44;Sim/A/A02 Sim/A/A07 Sim/B/B02 Sim/C/C01 ;-0,35 (0,25 | 10 | 0,6) -0,37 (0,23 | 4 | 0,5) -0,31 (0,2 | 9 | 0,22) -0,77 (0,21 | 5 | 0,4) 
P000472;0,86;0,1;59;0,64;Sim/A/A02;0,83;0,39;10;0,9
P000472;0,86;0,1;59;0,64;Sim/B/B01;0,79;0,26;10;0,5
P000472;0,86;0,1;59;0,64;Sim/B/B02;1,51;0,43;10;0,5
P000472;0,86;0,1;59;0,64;Sim/B/B03;0,77;0,22;5;0,4
P000472;0,86;0,1;59;0,64;Sim/C/C02;0,39;0,29;10;0,6
P000472;0,86;0,1;59;0,64;Sim/C/C03;0,99;0,23;8;0,63;Sim/A/A02 Sim/B/B01 Sim/B/B03 Sim/C/C02 ;0,83 (0,39 | 10 | 0,9) 0,79 (0,26 | 10 | 0,5) 0,77 (0,22 | 5 | 0,4) 0,39 (0,29 | 10 | 0,6) 
P000473;-2,06;0,2;32;0,13;Sim/A/A02;-2,19;0,24;6;0,5
P000473;-2,06;0,2;32;0,13;Sim/A/A06;-1,19;0,23;6;0,17;Sim/A/A02 Sim/B/B01 Sim/C/C01 ;-2,19 (0,24 | 6 | 0,5) -2,09 (0,74 | 5 | 0) -2,09 (0,73 | 5 | 0) 
P000474;0,35;0,1;61;0,57;Sim/A/A02;0,83;0,39;10;0,9
P000474;0,35;0,1;61;0,57;Sim/B/B01;0,43;0,3;10;0,5
P000474;0,35;0,1;61;0,57;Sim/B/B02;0,29;0,22;5;0,4
P000474;0,35;0,1;61;0,57;Sim/B/B03;0,6;0,24;5;0,2
P000474;0,35;0,1;61;0,57;Sim/C/C01;-0,09;0,23;6;0,5
P000474;0,35;0,1;61;0,57;Sim/C/C02;0,69;0,3;10;0,7
P000474;0,35;0,1;61;0,57;Sim/C/C03;-0,05;0,28;10;0,4;Sim/B/B02 Sim/C/C01 Sim/C/C03 ;0,29 (0,22 | 5 | 0,4) -0,09 (0,23 | 6 | 0,5) -0,05 (0,28 | 10 | 0,4) 
P000475;-0,12;0,09;78;0,54;Sim/A/A02;-0,08;0,3;10;0,7
P000475;-0,12;0,09;78;0,54;Sim/A/A04;-1,06;0,18;7;0,29
P000475;-0,12;0,09;78;0,54;Sim/A/A06;-0,24;0,31;10;0,8
P000475;-0,12;0,09;78;0,54;Sim/A/A07;-0,24;0,23;6;0,67
P000475;-0,12;0,09;78;0,54;Sim/B/B01;-0,32;0,25;6;0,5
P000475;-0,12;0,09;78;0,54;Sim/B/B02;1,54;0,44;10;0,6
P000475;-0,12;0,09;78;0,54;Sim/C/C02;-0,29;0,23;5;0,6
P000475;-0,12;0,09;78;0,54;Sim/C/C03;-0,14;0,3;10;0,3;Sim/A/A04 Sim/A/A06 Sim/A/A07 Sim/B/B01 Sim/B/B03 Sim/C/C02 Sim/C/C03 ;-1,06 (0,18 | 7 | 0,29) -0,24 (0,31 | 10 | 0,8) -0,24 (0,23 | 6 | 0,67) -0,32 (0,25 | 6 | 0,5) -0,13 (0,54 | 8 | 0) -0,29 (0,23 | 5 | 0,6) -0,14 (0,3 | 10 | 0,3) 
P000476;-1,93;0,16;28;0,39;Sim/A/A02;-2,2;0,24;6;0,5
P000476;-1,93;0,16;28;0,39;Sim/A/A06;-1,61;0,37;10;0,2;Sim/A/A02 Sim/B/B01 ;-2,2 (0,24 | 6 | 0,5) -1,95 (0,62 | 5 | 0) 
P000477;-1,01;0,09;52;0,31;Sim/A/A02;-0,34;0,26;10;0,6
P000477;-1,01;0,09;52;0,31;Sim/A/A04;-0,59;0,25;7;0,57
P000477;-1,01;0,09;52;0,31;Sim/B/B01;-1,45;0,33;10;0,2
P000477;-1,01;0,09;52;0,31;Sim/C/C01;-1,59;0,37;10;0,1
P000477;-1,01;0,09;52;0,31;Sim/C/C02;-0,77;0,24;5;0,4;Sim/A/A06 Sim/A/A07 Sim/B/B01 Sim/B/B02 Sim/C/C01 ;-1,14 (0,23 | 4 | 0) -1,87 (1,3 | 5 | 0,2) -1,45 (0,33 | 10 | 0,2) -1,01 (1,23 | 1 | 0) -1,59 (0,37 | 10 | 0,1) 
P000478;0,57;0,09;68;0,6;Sim/A/A02;0,24;0,34;10;0,8
P000478;0,57;0,09;68;0,6;Sim/A/A07;0,49;0,48;10;0,8
P000478;0,57;0,09;68;0,6;Sim/B/B01;0,15;0,25;9;0,44
P000478;0,57;0,09;68;0,6;Sim/B/B03;0,24;0,29;10;0,1
P000478;0,57;0,09;68;0,6;Sim/C/C02;0,58;0,3;10;0,7
P000478;0,57;0,09;68;0,6;Sim/C/C03;1,06;0,23;10;0,7;Sim/A/A02 Sim/A/A07 Sim/B/B01 Sim/B/B02 Sim/B/B03 ;0,24 (0,34 | 10 | 0,8) 0,49 (0,48 | 10 | 0,8) 0,15 (0,25 | 9 | 0,44) 0,51 (0,25 | 4 | 0,5) 0,24 (0,29 | 10 | 0,1) 
P000479;-3,93;0,15;30;0,3;Sim/A/A01;-4,08;0,24;6;0,33
P000479;-3,93;0,15;30;0,3;Sim/A/A03;-3,84;0,21;8;0,63;Sim/A/A01 Sim/A/A02 ;-4,08 (0,24 | 6 | 0,33) -3,93 (1,87 | 5 | 0) 
P000480;-2,45;0,14;31;0,39;Sim/A/A02;-2,6;0,23;8;0,25
P000480;-2,45;0,14;31;0,39;Sim/A/A05;-2,36;0,2;6;0,67;Sim/A/A02 Sim/A/A06 Sim/B/B01 Sim/B/B02 ;-2,6 (0,23 | 8 | 0,25) -2,46 (1,18 | 5 | 0) -2,46 (1,3 | 5 | 0) -2,45 (86,63 | 1 | 0) 
P000481;-1,98;0,16;23;0,39;Sim/A/A02;-2,2;0,24;6;0,5;Sim/A/A02 Sim/B/B01 ;-2,2 (0,24 | 6 | 0,5) -2 (0,66 | 5 | 0) 
P000482;-0,9;0,08;55;0,36;Sim/A/A04;-0,97;0,19;5;0,6
P000482;-0,9;0,08;55;0,36;Sim/A/A06;-0,84;0,18;5;0,6
P000482;-0,9;0,08;55;0,36;Sim/A/A07;-1,02;0,25;6;0,17
P000482;-0,9;0,08;55;0,36;Sim/B/B01;-0,68;0,26;10;0,5
P000482;-0,9;0,08;55;0,36;Sim/B/B02;-0,89;0,48;10;0,1
P000482;-0,9;0,08;55;0,36;Sim/C/C01;-0,36;0,22;5;0,6;Sim/A/A02 Sim/A/A04 Sim/A/A07 Sim/C/C02 Sim/C/C03 ;-1,24 (0,24 | 4 | 0,5) -0,97 (0,19 | 5 | 0,6) -1,02 (0,25 | 6 | 0,17) -1,68 (0,94 | 5 | 0,2) -1,89 (1,27 | 5 | 0,2) 
P000483;-0,74;0,08;60;0,42;Sim/A/A02;-0,31;0,26;10;0,6
P000483;-0,74;0,08;60;0,42;Sim/A/A04;-1,04;0,18;5;0,4
P000483;-0,74;0,08;60;0,42;Sim/A/A06;-0,06;0,42;10;0,8
P000483;-0,74;0,08;60;0,42;Sim/B/B01;-1,2;0,3;10;0,4
P000483;-0,74;0,08;60;0,42;Sim/B/B02;-0,76;0,39;7;0
P000483;-0,74;0,08;60;0,42;Sim/C/C01;-0,95;0,22;5;0,4;Sim/A/A04 Sim/A/A07 Sim/B/B01 Sim/B/B02 Sim/C/C01 Sim/C/C03 ;-1,04 (0,18 | 5 | 0,4) -0,85 (0,23 | 4 | 0,25) -1,2 (0,3 | 10 | 0,4) -0,76 (0,39 | 7 | 0) -0,95 (0,22 | 5 | 0,4) -1,89 (1,27 | 5 | 0) 
P000484;-5,27;0,69;21;0;;;;;;;
P000485;-0,74;0,08;61;0,41;Sim/A/A02;-0,9;0,24;6;0,5
P000485;-0,74;0,08;61;0,41;Sim/A/A04;-0,58;0,25;7;0,57
P000485;-0,74;0,08;61;0,41;Sim/A/A06;-0,84;0,18;5;0,6
P000485;-0,74;0,08;61;0,41;Sim/B/B01;-0,83;0,27;10;0,4
P000485;-0,74;0,08;61;0,41;Sim/B/B02;-0,34;0,22;7;0,29
P000485;-0,74;0,08;61;0,41;Sim/C/C01;-1,08;0,2;10;0,3
P000485;-0,74;0,08;61;0,41;Sim/C/C02;-0,08;0,25;6;0,67;Sim/A/A02 Sim/A/A06 Sim/A/A07 Sim/B/B01 Sim/C/C01 Sim/C/C03 ;-0,9 (0,24 | 6 | 0,5) -0,84 (0,18 | 5 | 0,6) -0,91 (0,25 | 4 | 0,25) -0,83 (0,27 | 10 | 0,4) -1,08 (0,2 | 10 | 0,3) -1,03 (0,53 | 6 | 0,17) 
P000486;1,01;0,12;49;0,69;Sim/A/A02;1,06;0,38;10;1
P000486;1,01;0,12;49;0,69;Sim/B/B01;0,68;0,29;10;0,5
P000486;1,01;0,12;49;0,69;Sim/B/B02;1,51;0,43;10;0,5
P000486;1,01;0,12;49;0,69;Sim/C/C03;0,77;0,21;6;0,5;Sim/B/B01 Sim/B/B03 Sim/C/C03 ;0,68 (0,29 | 10 | 0,5) 0,9 (0,23 | 4 | 0,5) 0,77 (0,21 | 6 | 0,5) 
P000487;1,57;0,17;49;0,53;Sim/B/B01;1,8;0,43;10;0,9
P000487;1,57;0,17;49;0,53;Sim/B/B02;1,51;0,43;10;0,5
P000487;1,57;0,17;49;0,53;Sim/B/B03;1,3;0,22;5;0,6
P000487;1,57;0,17;49;0,53;Sim/C/C03;1,62;0,45;8;1
P000487;1,57;0,17;49;0,53;Sim/C/C07;2,31;0,47;10;0,1;Sim/B/B02 Sim/B/B03 Sim/B/B04 Sim/C/C04 ;1,51 (0,43 | 10 | 0,5) 1,3 (0,22 | 5 | 0,6) 1,45 (2,81 | 1 | 0) 1,55 (1,18 | 5 | 0) 
P000488;5,97;0,77;41;1;;;;;;;
P000489;5,41;0,28;43;0,98;Sim/C/C08;5,52;0,41;10;1;Sim/C/C09 ;4,71 (0,25 | 3 | 0,67) 
P000490;-0,78;0,08;68;0,41;Sim/A/A02;-0,65;0,24;7;0,57
P000490;-0,78;0,08;68;0,41;Sim/A/A06;0,01;0,48;10;0,9
P000490;-0,78;0,08;68;0,41;Sim/A/A07;-0,71;0,19;5;0,4
P000490;-0,78;0,08;68;0,41;Sim/B/B01;-0,83;0,27;10;0,4
P000490;-0,78;0,08;68;0,41;Sim/B/B02;-0,79;0,4;8;0
P000490;-0,78;0,08;68;0,41;Sim/C/C01;-1,27;0,25;10;0,3
P000490;-0,78;0,08;68;0,41;Sim/C/C03;-0,88;0,43;10;0,2;Sim/A/A04 Sim/B/B01 Sim/B/B02 Sim/C/C01 Sim/C/C03 ;-1,17 (0,21 | 4 | 0,5) -0,83 (0,27 | 10 | 0,4) -0,79 (0,4 | 8 | 0) -1,27 (0,25 | 10 | 0,3) -0,88 (0,43 | 10 | 0,2) 
P000491;2;0,21;33;0,64;Sim/B/B02;1,87;0,32;10;0,5
P000491;2;0,21;33;0,64;Sim/B/B03;2,05;0,49;10;0,8;Sim/B/B02 Sim/B/B04 Sim/C/C04 Sim/C/C07 Sim/C/C10 ;1,87 (0,32 | 10 | 0,5) 1,99 (0,9 | 2 | 0) 1,99 (1,41 | 1 | 0) 1,99 (1,3 | 1 | 0) 2 (1,65 | 1 | 0) 
P000492;-2,15;0,16;23;0,26;Sim/A/A02;-2,2;0,24;6;0,5;Sim/A/A02 Sim/B/B01 ;-2,2 (0,24 | 6 | 0,5) -2,16 (0,82 | 5 | 0) 
P000493;-3,23;0,22;34;0,21;Sim/A/A01;-3,69;0,23;6;0,5
P000493;-3,23;0,22;34;0,21;Sim/A/A02;-2,87;0,28;10;0,1
P000493;-3,23;0,22;34;0,21;Sim/A/A05;-3;0,24;6;0,33;Sim/A/A01 Sim/B/B01 Sim/B/B02 ;-3,69 (0,23 | 6 | 0,5) -3,23 (2,78 | 5 | 0) -3,23 (864,77 | 1 | 0) 
P000494;3,47;0,1;63;0,51;Sim/B/B03;2,05;0,49;10;0,8
P000494;3,47;0,1;63;0,51;Sim/C/C04;3,5;0,25;7;0,57
P000494;3,47;0,1;63;0,51;Sim/C/C07;3,68;0,22;5;0,6;Sim/B/B02 Sim/B/B03 Sim/B/B04 Sim/C/C08 Sim/C/C09 Sim/C/C10 ;3,3 (0,83 | 5 | 0,8) 2,05 (0,49 | 10 | 0,8) 3,2 (0,25 | 4 | 0,5) 3,22 (0,64 | 10 | 0) 3,3 (0,68 | 7 | 0,14) 3,17 (0,22 | 3 | 0,33) 
P000495;-2,73;0,15;32;0,25;Sim/A/A02;-3,1;0,39;10;0
P000495;-2,73;0,15;32;0,25;Sim/A/A05;-2,51;0,2;5;0,6;Sim/A/A02 Sim/A/A06 Sim/B/B01 Sim/B/B02 ;-3,1 (0,39 | 10 | 0) -2,73 (1,42 | 5 | 0) -2,73 (1,87 | 5 | 0) -2,73 (197,11 | 1 | 0) 
P000496;0,44;0,1;63;0,6;Sim/A/A02;0,83;0,39;10;0,9
P000496;0,44;0,1;63;0,6;Sim/A/A04;0,59;0,34;10;0,8
P000496;0,44;0,1;63;0,6;Sim/B/B01;0,68;0,29;10;0,5
P000496;0,44;0,1;63;0,6;Sim/B/B03;0,13;0,35;10;0,1
P000496;0,44;0,1;63;0,6;Sim/C/C02;0,52;0,29;10;0,6;Sim/B/B02 Sim/B/B03 Sim/C/C03 ;0,12 (0,25 | 4 | 0,5) 0,13 (0,35 | 10 | 0,1) 0,38 (0,24 | 3 | 0,33) 
P000497;-4,25;0,14;34;0,21;Sim/A/A01;-4,86;0,31;10;0,2
P000497;-4,25;0,14;34;0,21;Sim/A/A03;-3,76;0,24;8;0,63;Sim/A/A01 Sim/A/A06 Sim/B/B01 Sim/B/B02 ;-4,86 (0,31 | 10 | 0,2) -4,26 (3,26 | 5 | 0) -4,26 (4,93 | 5 | 0) -4,25 (18281,09 | 1 | 0) 
P000498;-0,14;0,09;67;0,55;Sim/A/A02;-0,09;0,3;10;0,7
P000498;-0,14;0,09;67;0,55;Sim/A/A04;-0,59;0,25;7;0,43
P000498;-0,14;0,09;67;0,55;Sim/B/B01;0,07;0,23;10;0,5
P000498;-0,14;0,09;67;0,55;Sim/B/B03;0,55;0,24;5;0,4
P000498;-0,14;0,09;67;0,55;Sim/C/C02;-0,13;0,24;6;0,5
P000498;-0,14;0,09;67;0,55;Sim/C/C03;-0,25;0,31;10;0,4;Sim/A/A04 Sim/A/A06 Sim/B/B02 Sim/C/C01 Sim/C/C03 ;-0,59 (0,25 | 7 | 0,43) -0,49 (0,25 | 4 | 0,75) -0,32 (0,25 | 4 | 0,25) -0,2 (0,22 | 4 | 0,5) -0,25 (0,31 | 10 | 0,4) 
P000499;1,25;0,13;54;0,74;Sim/A/A02;0,83;0,39;10;0,9
P000499;1,25;0,13;54;0,74;Sim/B/B01;1,24;0,26;10;0,6
P000499;1,25;0,13;54;0,74;Sim/B/B02;0,81;0,26;10;0,5
P000499;1,25;0,13;54;0,74;Sim/C/C03;0,95;0,23;7;0,57;Sim/A/A02 Sim/B/B01 Sim/B/B02 Sim/C/C03 ;0,83 (0,39 | 10 | 0,9) 1,24 (0,26 | 10 | 0,6) 0,81 (0,26 | 10 | 0,5) 0,95 (0,23 | 7 | 0,57) 
P000500;-1,52;0,13;56;0,25;Sim/A/A02;-1,81;0,22;6;0,33
P000500;-1,52;0,13;56;0,25;Sim/A/A06;-1,23;0,23;5;0,2
P000500;-1,52;0,13;56;0,25;Sim/B/B01;-1,59;0,37;10;0,1
P000500;-1,52;0,13;56;0,25;Sim/B/B02;-0,55;0,25;10;0,1;Sim/A/A02 Sim/A/A07 Sim/B/B01 Sim/C/C01 Sim/C/C02 ;-1,81 (0,22 | 6 | 0,33) -1,54 (0,69 | 5 | 0) -1,59 (0,37 | 10 | 0,1) -2,14 (0,72 | 7 | 0) -1,53 (1,53 | 1 | 0) 
P000501;-3,01;0,16;51;0,39;Sim/A/A01;-2,9;0,39;10;0,8
P000501;-3,01;0,16;51;0,39;Sim/A/A02;-3,01;0,34;10;0,1
P000501;-3,01;0,16;51;0,39;Sim/A/A03;-3,21;0,4;10;0,8
P000501;-3,01;0,16;51;0,39;Sim/A/A05;-2,98;0,22;10;0,3;Sim/A/A02 Sim/A/A03 Sim/A/A06 Sim/B/B01 Sim/B/B02 ;-3,01 (0,34 | 10 | 0,1) -3,21 (0,4 | 10 | 0,8) -3,01 (1,71 | 5 | 0) -3,01 (2,64 | 5 | 0) -3,01 (451,95 | 1 | 0) 
P000502;-1,84;0,16;45;0,11;Sim/A/A02;-1,86;0,22;6;0,33;Sim/A/A02 Sim/A/A06 Sim/A/A07 Sim/B/B01 Sim/C/C01 Sim/C/C03 ;-1,86 (0,22 | 6 | 0,33) -1,87 (0,61 | 7 | 0) -1,85 (1 | 5 | 0) -2,51 (1,12 | 8 | 0) -2,14 (0,72 | 7 | 0,14) -1,84 (1,59 | 1 | 0) 
P000503;-1,71;0,13;56;0,25;Sim/A/A02;-1,54;0,24;6;0,5
P000503;-1,71;0,13;56;0,25;Sim/A/A05;-1,8;0,28;10;0,7
P000503;-1,71;0,13;56;0,25;Sim/B/B01;-1,78;0,46;10;0,1
P000503;-1,71;0,13;56;0,25;Sim/C/C01;-1,35;0,27;10;0,2;Sim/A/A04 Sim/A/A05 Sim/A/A06 Sim/B/B01 ;-2,01 (0,54 | 7 | 0) -1,8 (0,28 | 10 | 0,7) -2,05 (0,74 | 7 | 0) -1,78 (0,46 | 10 | 0,1) 
P000504;-4,04;0,16;26;0,23;Sim/A/A01;-4,27;0,23;5;0,4;Sim/A/A01 Sim/A/A02 ;-4,27 (0,23 | 5 | 0,4) -4,05 (2,19 | 5 | 0) 
P000505;-2,33;0,16;22;0,32;Sim/A/A02;-1,84;0,23;5;0,6
P000505;-2,33;0,16;22;0,32;Sim/A/A05;-2,62;0,18;7;0,43;Sim/A/A05 Sim/B/B01 ;-2,62 (0,18 | 7 | 0,43) -2,34 (1,03 | 5 | 0) 
P000506;3,37;0,09;51;0,61;Sim/C/C04;3,2;0,27;10;0,4;Sim/C/C04 Sim/C/C05 Sim/C/C10 ;3,2 (0,27 | 10 | 0,4) 2,18 (0,88 | 7 | 0) 3,35 (0,18 | 4 | 0,5) 
P000507;-2,55;0,14;43;0,37;Sim/A/A01;-2,59;0,5;10;0,8
P000507;-2,55;0,14;43;0,37;Sim/A/A02;-2,38;0,22;8;0,38
P000507;-2,55;0,14;43;0,37;Sim/A/A05;-2,82;0,19;10;0,3
P000507;-2,55;0,14;43;0,37;Sim/A/A06;-1,36;0,26;10;0,2;Sim/A/A01 Sim/A/A05 Sim/B/B01 ;-2,59 (0,5 | 10 | 0,8) -2,82 (0,19 | 10 | 0,3) -2,55 (1,33 | 5 | 0) 
P000508;-3,74;0,21;33;0,15;Sim/A/A01;-3,94;0,21;7;0,43
P000508;-3,74;0,21;33;0,15;Sim/A/A02;-2,81;0,27;10;0,1;Sim/A/A01 Sim/A/A05 Sim/A/A06 Sim/B/B02 ;-3,94 (0,21 | 7 | 0,43) -3,78 (0,93 | 5 | 0) -3,77 (2,36 | 5 | 0) -3,74 (4010,99 | 1 | 0) 
P000509;0,14;0,09;74;0,55;Sim/A/A02;0,24;0,34;10;0,8
P000509;0,14;0,09;74;0,55;Sim/B/B01;0,43;0,3;10;0,5
P000509;0,14;0,09;74;0,55;Sim/B/B03;0,16;0,33;10;0
P000509;0,14;0,09;74;0,55;Sim/C/C01;0,42;0,36;10;0,8
P000509;0,14;0,09;74;0,55;Sim/C/C02;-0,06;0,25;6;0,5
P000509;0,14;0,09;74;0,55;Sim/C/C03;-0,25;0,31;10;0,3;Sim/A/A04 Sim/C/C02 Sim/C/C03 ;-0,13 (0,24 | 3 | 0,33) -0,06 (0,25 | 6 | 0,5) -0,25 (0,31 | 10 | 0,3) 
P000510;1,39;0,14;43;0,67;Sim/B/B01;1,53;0,34;10;0,8
P000510;1,39;0,14;43;0,67;Sim/B/B02;1,37;0,44;10;0,6
P000510;1,39;0,14;43;0,67;Sim/B/B03;1,49;0,24;9;0,56
P000510;1,39;0,14;43;0,67;Sim/C/C03;0,98;0,25;6;0,67;Sim/B/B02 Sim/C/C03 Sim/C/C07 ;1,37 (0,44 | 10 | 0,6) 0,98 (0,25 | 6 | 0,67) 1,39 (2,32 | 1 | 0) 
P000511;-1,69;0,14;58;0,26;Sim/A/A02;-1,84;0,23;5;0,6
P000511;-1,69;0,14;58;0,26;Sim/A/A04;-1,86;0,38;10;0
P000511;-1,69;0,14;58;0,26;Sim/B/B01;-1,53;0,36;10;0,2
P000511;-1,69;0,14;58;0,26;Sim/C/C01;-1,2;0,24;7;0,29;Sim/A/A02 Sim/A/A04 Sim/A/A06 Sim/B/B02 Sim/C/C02 ;-1,84 (0,23 | 5 | 0,6) -1,86 (0,38 | 10 | 0) -2,06 (0,72 | 8 | 0,13) -1,69 (1,91 | 5 | 0) -1,76 (0,94 | 6 | 0) 
P000512;-2,45;0,15;29;0,28;Sim/A/A02;-2,62;0,23;8;0,25
P000512;-2,45;0,15;29;0,28;Sim/A/A05;-2,29;0,2;10;0,6;Sim/A/A02 Sim/A/A06 Sim/B/B01 Sim/B/B02 ;-2,62 (0,23 | 8 | 0,25) -2,46 (1,17 | 5 | 0) -2,46 (1,3 | 5 | 0) -2,45 (86,15 | 1 | 0) 
P000513;0,57;0,1;64;0,66;Sim/A/A02;-0,08;0,3;10;0,7
P000513;0,57;0,1;64;0,66;Sim/A/A04;0,35;0,24;9;0,67
P000513;0,57;0,1;64;0,66;Sim/B/B01;1,43;0,31;10;0,7
P000513;0,57;0,1;64;0,66;Sim/B/B03;0,58;0,23;5;0,4
P000513;0,57;0,1;64;0,66;Sim/C/C02;0,59;0,29;10;0,6;Sim/A/A02 Sim/A/A04 Sim/B/B02 Sim/C/C03 ;-0,08 (0,3 | 10 | 0,7) 0,35 (0,24 | 9 | 0,67) 0,51 (0,25 | 4 | 0,5) 0,35 (0,22 | 4 | 0,25) 
P000514;-1,32;0,1;57;0,19;Sim/A/A02;-0,93;0,22;8;0,5
P000514;-1,32;0,1;57;0,19;Sim/A/A07;-0,83;0,19;6;0,33
P000514;-1,32;0,1;57;0,19;Sim/B/B01;-1,48;0,34;10;0,1
P000514;-1,32;0,1;57;0,19;Sim/C/C01;-1,15;0,23;7;0,43;Sim/A/A04 Sim/A/A06 Sim/B/B01 Sim/B/B02 Sim/C/C02 ;-2,01 (0,54 | 7 | 0,14) -1,93 (0,65 | 8 | 0) -1,48 (0,34 | 10 | 0,1) -1,54 (1,61 | 5 | 0) -1,76 (0,94 | 6 | 0) 
P000515;1,63;0,18;43;0,7;Sim/B/B01;1,66;0,38;10;0,8
P000515;1,63;0,18;43;0,7;Sim/B/B02;1,51;0,43;10;0,5
P000515;1,63;0,18;43;0,7;Sim/B/B03;1,54;0,25;10;0,7
P000515;1,63;0,18;43;0,7;Sim/C/C03;1,68;0,47;10;1;Sim/B/B02 Sim/B/B03 Sim/C/C04 Sim/C/C07 Sim/C/C10 ;1,51 (0,43 | 10 | 0,5) 1,54 (0,25 | 10 | 0,7) 1,62 (2,34 | 1 | 0) 1,62 (1,83 | 1 | 0) 1,63 (2,94 | 1 | 0) 
P000516;-2,58;0,15;37;0,3;Sim/A/A02;-3,24;0,48;10;0,1
P000516;-2,58;0,15;37;0,3;Sim/A/A05;-2,34;0,22;5;0,6
P000516;-2,58;0,15;37;0,3;Sim/B/B01;-1,79;0,46;10;0,1;Sim/A/A02 Sim/A/A06 Sim/B/B02 ;-3,24 (0,48 | 10 | 0,1) -2,62 (1,32 | 5 | 0) -2,58 (124,87 | 1 | 0) 
P000517;4,91;0,14;51;0,9;Sim/C/C04;4,8;0,34;10;0,9
P000517;4,91;0,14;51;0,9;Sim/C/C10;4,59;0,41;10;0,9;Sim/C/C04 Sim/C/C08 Sim/C/C10 ;4,8 (0,34 | 10 | 0,9) 4,76 (0,2 | 4 | 0,5) 4,59 (0,41 | 10 | 0,9) 
P000518;-1,09;0,09;56;0,34;Sim/A/A02;-1,54;0,24;6;0,5
P000518;-1,09;0,09;56;0,34;Sim/A/A06;-1,11;0,2;6;0,33
P000518;-1,09;0,09;56;0,34;Sim/A/A07;-0,92;0,23;5;0,2
P000518;-1,09;0,09;56;0,34;Sim/B/B01;-0,82;0,27;10;0,4
P000518;-1,09;0,09;56;0,34;Sim/C/C01;-1,01;0,19;10;0,4
P000518;-1,09;0,09;56;0,34;Sim/C/C02;-0,89;0,25;10;0,3;Sim/A/A02 Sim/A/A04 Sim/A/A06 Sim/B/B02 ;-1,54 (0,24 | 6 | 0,5) -1,15 (0,2 | 4 | 0,5) -1,11 (0,2 | 6 | 0,33) -1,09 (0,8 | 5 | 0) 
P000519;3,45;0,09;66;0,44;Sim/C/C04;3,24;0,27;10;0,5
P000519;3,45;0,09;66;0,44;Sim/C/C08;3,51;0,44;10;0
P000519;3,45;0,09;66;0,44;Sim/C/C09;3,84;0,29;10;0,2
P000519;3,45;0,09;66;0,44;Sim/C/C10;3,58;0,18;6;0,5;Sim/B/B02 Sim/B/B03 Sim/B/B04 Sim/C/C04 ;3,26 (0,79 | 5 | 0,8) 2,23 (0,89 | 5 | 0,8) 3 (0,22 | 4 | 0,5) 3,24 (0,27 | 10 | 0,5) 
P000520;-3,26;0,18;46;0,33;Sim/A/A01;-2,86;0,4;10;0,9
P000520;-3,26;0,18;46;0,33;Sim/A/A02;-2,84;0,27;10;0,1
P000520;-3,26;0,18;46;0,33;Sim/A/A03;-3,83;0,23;5;0,6
P000520;-3,26;0,18;46;0,33;Sim/A/A05;-3,4;0,41;10;0,2;Sim/A/A03 Sim/A/A05 Sim/A/A06 Sim/B/B01 Sim/B/B02 ;-3,83 (0,23 | 5 | 0,6) -3,4 (0,41 | 10 | 0,2) -3,26 (2,01 | 5 | 0) -3,26 (3,26 | 5 | 0) -3,26 (954,87 | 1 | 0) 
P000521;1,25;0,12;53;0,74;Sim/A/A02;1,27;0,41;7;1
P000521;1,25;0,12;53;0,74;Sim/B/B01;0,95;0,25;7;0,43
P000521;1,25;0,12;53;0,74;Sim/B/B02;1,93;0,31;10;0,6
P000521;1,25;0,12;53;0,74;Sim/B/B03;1,34;0,21;6;0,67
P000521;1,25;0,12;53;0,74;Sim/C/C02;1,33;0,43;10;0,9
P000521;1,25;0,12;53;0,74;Sim/C/C03;0,98;0,25;6;0,67;Sim/A/A04 Sim/B/B01 Sim/C/C03 ;0,92 (0,55 | 7 | 0,86) 0,95 (0,25 | 7 | 0,43) 0,98 (0,25 | 6 | 0,67) 
P000522;2,92;0,1;62;0,44;Sim/B/B02;2,18;0,3;10;0,5
P000522;2,92;0,1;62;0,44;Sim/B/B04;3,02;0,18;7;0,57
P000522;2,92;0,1;62;0,44;Sim/C/C04;3,45;0,25;8;0,5
P000522;2,92;0,1;62;0,44;Sim/C/C10;2,77;0,3;10;0,2;Sim/B/B02 Sim/C/C05 Sim/C/C10 ;2,18 (0,3 | 10 | 0,5) 2,12 (0,9 | 7 | 0) 2,77 (0,3 | 10 | 0,2) 
P000523;0,32;0,09;77;0,58;Sim/A/A02;-0,09;0,3;10;0,7
P000523;0,32;0,09;77;0,58;Sim/A/A06;-0,17;0,35;10;0,8
P000523;0,32;0,09;77;0,58;Sim/B/B01;-0,18;0,25;5;0,4
P000523;0,32;0,09;77;0,58;Sim/B/B02;0,16;0,2;6;0,5
P000523;0,32;0,09;77;0,58;Sim/B/B03;0,25;0,29;10;0,1
P000523;0,32;0,09;77;0,58;Sim/C/C01;-0,09;0,23;6;0,5
P000523;0,32;0,09;77;0,58;Sim/C/C02;0,49;0,3;10;0,6
P000523;0,32;0,09;77;0,58;Sim/C/C03;1,02;0,22;10;0,7;Sim/A/A02 Sim/A/A04 Sim/A/A06 Sim/B/B01 Sim/B/B02 Sim/B/B03 Sim/C/C01 ;-0,09 (0,3 | 10 | 0,7) 0,24 (0,24 | 4 | 0,75) -0,17 (0,35 | 10 | 0,8) -0,18 (0,25 | 5 | 0,4) 0,16 (0,2 | 6 | 0,5) 0,25 (0,29 | 10 | 0,1) -0,09 (0,23 | 6 | 0,5) 
P000524;0,68;0,1;63;0,67;Sim/A/A02;0,83;0,39;10;0,9
P000524;0,68;0,1;63;0,67;Sim/B/B01;1,32;0,28;10;0,7
P000524;0,68;0,1;63;0,67;Sim/B/B02;-0,43;0,24;7;0,29
P000524;0,68;0,1;63;0,67;Sim/B/B03;0,37;0,25;9;0,22
P000524;0,68;0,1;63;0,67;Sim/C/C02;0,72;0,29;10;0,7
P000524;0,68;0,1;63;0,67;Sim/C/C03;1,53;0,39;10;0,9;Sim/B/B02 Sim/B/B03 ;-0,43 (0,24 | 7 | 0,29) 0,37 (0,25 | 9 | 0,22) 
P000525;-0,76;0,08;53;0,4;Sim/A/A02;-0,83;0,24;7;0,43
P000525;-0,76;0,08;53;0,4;Sim/A/A04;-0,11;0,23;5;0,6
P000525;-0,76;0,08;53;0,4;Sim/A/A06;0,01;0,48;10;0,9
P000525;-0,76;0,08;53;0,4;Sim/B/B01;-1,38;0,32;10;0,3
P000525;-0,76;0,08;53;0,4;Sim/C/C01;-0,83;0,19;6;0,33;Sim/A/A02 Sim/A/A07 Sim/B/B01 Sim/B/B02 Sim/C/C01 Sim/C/C02 Sim/C/C03 ;-0,83 (0,24 | 7 | 0,43) -0,85 (0,23 | 4 | 0,25) -1,38 (0,32 | 10 | 0,3) -1,39 (3,67 | 1 | 0) -0,83 (0,19 | 6 | 0,33) -1,68 (0,94 | 5 | 0) -1,89 (1,27 | 5 | 0) 
P000526;-0,28;0,08;66;0,44;Sim/A/A02;-0,46;0,25;9;0,56
P000526;-0,28;0,08;66;0,44;Sim/A/A04;-0,59;0,25;7;0,43
P000526;-0,28;0,08;66;0,44;Sim/A/A06;-0,54;0,23;5;0,6
P000526;-0,28;0,08;66;0,44;Sim/B/B01;-0,04;0,24;5;0,6
P000526;-0,28;0,08;66;0,44;Sim/B/B02;0,04;0,21;6;0,5
P000526;-0,28;0,08;66;0,44;Sim/C/C02;0,36;0,29;10;0,6
P000526;-0,28;0,08;66;0,44;Sim/C/C03;-0,49;0,33;10;0,2;Sim/A/A02 Sim/A/A04 Sim/A/A06 Sim/A/A07 Sim/B/B03 Sim/C/C03 ;-0,46 (0,25 | 9 | 0,56) -0,59 (0,25 | 7 | 0,43) -0,54 (0,23 | 5 | 0,6) -0,65 (0,2 | 4 | 0,5) -0,28 (0,72 | 6 | 0) -0,49 (0,33 | 10 | 0,2) 
P000527;-4,78;0,21;32;0,09;Sim/A/A01;-4,63;0,23;6;0,17;Sim/A/A02 Sim/A/A03 Sim/A/A06 Sim/B/B02 ;-4,8 (4,7 | 5 | 0) -5,41 (0,87 | 10 | 0,1) -4,81 (3,8 | 5 | 0) -4,78 (88360,69 | 1 | 0) 
P000528;-1,11;0,09;53;0,3;Sim/A/A02;-0,78;0,24;7;0,57
P000528;-1,11;0,09;53;0,3;Sim/A/A06;-0,95;0,17;6;0,5
P000528;-1,11;0,09;53;0,3;Sim/B/B01;-0,82;0,27;10;0,4
P000528;-1,11;0,09;53;0,3;Sim/C/C01;-1,35;0,27;10;0,2;Sim/A/A04 Sim/A/A07 Sim/B/B02 Sim/C/C01 Sim/C/C02 ;-1,44 (0,25 | 4 | 0,25) -1,67 (1 | 5 | 0,2) -1,11 (0,83 | 5 | 0) -1,35 (0,27 | 10 | 0,2) -1,44 (0,6 | 6 | 0,17) 
P000529;-0,22;0,09;69;0,52;Sim/A/A02;-0,87;0,25;6;0,5
P000529;-0,22;0,09;69;0,52;Sim/A/A04;-0,01;0,2;7;0,71
P000529;-0,22;0,09;69;0,52;Sim/A/A06;0,05;0,5;10;0,8
P000529;-0,22;0,09;69;0,52;Sim/B/B01;0,16;0,25;9;0,56
P000529;-0,22;0,09;69;0,52;Sim/B/B02;0,48;0,23;5;0,6
P000529;-0,22;0,09;69;0,52;Sim/C/C01;-0,97;0,22;6;0,33
P000529;-0,22;0,09;69;0,52;Sim/C/C03;-0,41;0,33;10;0,2;Sim/A/A02 Sim/B/B03 Sim/C/C01 Sim/C/C02 Sim/C/C03 ;-0,87 (0,25 | 6 | 0,5) -0,22 (0,7 | 5 | 0) -0,97 (0,22 | 6 | 0,33) -0,41 (0,24 | 4 | 0,5) -0,41 (0,33 | 10 | 0,2) 
P000530;2,4;0,17;54;0,46;Sim/B/B02;2,51;0,34;10;0,7
P000530;2,4;0,17;54;0,46;Sim/C/C10;2,81;0,28;10;0,3;Sim/B/B04 Sim/C/C04 Sim/C/C05 Sim/C/C07 ;1,97 (0,74 | 5 | 0,2) 2,15 (0,66 | 5 | 0,2) 2,37 (0,61 | 5 | 0) 1,92 (0,84 | 6 | 0) 
P000531;-1,83;0,14;50;0,22;Sim/A/A04;-1,88;0,39;10;0
P000531;-1,83;0,14;50;0,22;Sim/B/B01;-1,59;0,37;10;0,1;Sim/A/A02 Sim/A/A04 Sim/A/A06 Sim/B/B02 Sim/C/C01 Sim/C/C02 ;-1,83 (0,23 | 4 | 0,5) -1,88 (0,39 | 10 | 0) -2,05 (0,74 | 7 | 0) -1,83 (2,2 | 5 | 0) -2,13 (0,72 | 6 | 0,17) -1,83 (1,68 | 1 | 0) 
P000532;-0,99;0,09;60;0,32;Sim/A/A02;-0,46;0,25;10;0,6
P000532;-0,99;0,09;60;0,32;Sim/A/A04;-0,97;0,19;5;0,6
P000532;-0,99;0,09;60;0,32;Sim/B/B01;-1,23;0,3;10;0,3
P000532;-0,99;0,09;60;0,32;Sim/B/B02;-0,55;0,25;10;0,1
P000532;-0,99;0,09;60;0,32;Sim/C/C01;-1,59;0,37;10;0,1
P000532;-0,99;0,09;60;0,32;Sim/C/C02;-0,63;0,22;6;0,5;Sim/A/A06 Sim/A/A07 Sim/B/B01 Sim/C/C01 ;-1,14 (0,23 | 4 | 0,25) -1,87 (1,3 | 5 | 0,2) -1,23 (0,3 | 10 | 0,3) -1,59 (0,37 | 10 | 0,1) 
P000533;1,91;0,21;31;0,68;Sim/B/B02;1,51;0,43;10;0,5;Sim/B/B02 Sim/B/B04 Sim/C/C04 Sim/C/C07 Sim/C/C10 ;1,51 (0,43 | 10 | 0,5) 1,89 (1,49 | 1 | 0) 1,9 (1,6 | 1 | 0) 1,9 (1,41 | 1 | 0) 1,9 (1,9 | 1 | 0) 
P000534;-2,74;0,14;37;0,41;Sim/A/A02;-2,75;0,25;10;0,2
P000534;-2,74;0,14;37;0,41;Sim/A/A05;-2,88;0,21;6;0,33;Sim/A/A02 Sim/A/A05 Sim/B/B01 Sim/B/B02 ;-2,75 (0,25 | 10 | 0,2) -2,88 (0,21 | 6 | 0,33) -2,74 (1,89 | 5 | 0) -2,74 (201,45 | 1 | 0) 
P000535;-1,23;0,11;46;0,22;Sim/A/A02;-1,08;0,23;6;0,33
P000535;-1,23;0,11;46;0,22;Sim/C/C01;-1,35;0,27;10;0,2
P000535;-1,23;0,11;46;0,22;Sim/C/C02;-0,99;0,27;10;0,4;Sim/A/A04 Sim/A/A07 Sim/B/B01 Sim/C/C01 ;-1,27 (0,24 | 3 | 0) -1,67 (1 | 5 | 0) -2,51 (1,12 | 8 | 0) -1,35 (0,27 | 10 | 0,2) 
P000536;-0,42;0,08;72;0,47;Sim/A/A02;-0,08;0,3;10;0,7
P000536;-0,42;0,08;72;0,47;Sim/A/A04;-0,68;0,25;6;0,5
P000536;-0,42;0,08;72;0,47;Sim/B/B01;-1,06;0,29;10;0,4
P000536;-0,42;0,08;72;0,47;Sim/B/B02;-0,53;0,25;9;0,11
P000536;-0,42;0,08;72;0,47;Sim/C/C01;-0,17;0,2;9;0,56
P000536;-0,42;0,08;72;0,47;Sim/C/C02;-0,29;0,23;5;0,6
P000536;-0,42;0,08;72;0,47;Sim/C/C03;-0,89;0,43;10;0,1;Sim/A/A04 Sim/B/B01 Sim/B/B02 Sim/C/C03 ;-0,68 (0,25 | 6 | 0,5) -1,06 (0,29 | 10 | 0,4) -0,53 (0,25 | 9 | 0,11) -0,89 (0,43 | 10 | 0,1) 
P000537;1,19;0,12;55;0,75;Sim/A/A02;1,22;0,4;10;1
P000537;1,19;0,12;55;0,75;Sim/B/B01;0,99;0,24;7;0,57
P000537;1,19;0,12;55;0,75;Sim/B/B02;1,67;0,39;10;0,5
P000537;1,19;0,12;55;0,75;Sim/B/B03;1,23;0,21;5;0,6
P000537;1,19;0,12;55;0,75;Sim/C/C02;0,6;0,29;10;0,7
P000537;1,19;0,12;55;0,75;Sim/C/C03;1,41;0,33;10;0,9;Sim/B/B01 Sim/C/C02 ;0,99 (0,24 | 7 | 0,57) 0,6 (0,29 | 10 | 0,7) 
P000538;-0,77;0,08;71;0,35;Sim/A/A02;-0,93;0,22;8;0,5
P000538;-0,77;0,08;71;0,35;Sim/A/A04;-0,89;0,19;5;0,6
P000538;-0,77;0,08;71;0,35;Sim/A/A07;-0,21;0,21;10;0,6
P000538;-0,77;0,08;71;0,35;Sim/B/B01;-0,51;0,25;10;0,5
P000538;-0,77;0,08;71;0,35;Sim/B/B02;-0,78;0,39;10;0
P000538;-0,77;0,08;71;0,35;Sim/C/C03;-0,46;0,32;10;0,3;Sim/A/A02 Sim/A/A04 Sim/A/A06 Sim/B/B02 Sim/C/C02 ;-0,93 (0,22 | 8 | 0,5) -0,89 (0,19 | 5 | 0,6) -1,14 (0,23 | 4 | 0) -0,78 (0,39 | 10 | 0) -1,38 (0,5 | 10 | 0,2) 
P000539;-3,21;0,17;51;0,35;Sim/A/A01;-3,21;0,3;10;0,7
P000539;-3,21;0,17;51;0,35;Sim/A/A02;-3,24;0,49;10;0
P000539;-3,21;0,17;51;0,35;Sim/A/A03;-3,43;0,32;10;0,7
P000539;-3,21;0,17;51;0,35;Sim/A/A05;-2,98;0,22;10;0,4;Sim/A/A01 Sim/A/A02 Sim/A/A03 Sim/A/A06 Sim/B/B01 Sim/B/B02 ;-3,21 (0,3 | 10 | 0,7) -3,24 (0,49 | 10 | 0) -3,43 (0,32 | 10 | 0,7) -3,21 (1,94 | 5 | 0) -3,21 (3,12 | 5 | 0) -3,21 (813,43 | 1 | 0) 
P000540;3,05;0,1;68;0,44;Sim/C/C04;2,9;0,32;10;0,4
P000540;3,05;0,1;68;0,44;Sim/C/C07;3,17;0,23;5;0,4
P000540;3,05;0,1;68;0,44;Sim/C/C10;3,34;0,18;5;0,4;Sim/B/B01 Sim/B/B03 Sim/C/C04 Sim/C/C05 Sim/C/C06 Sim/C/C08 Sim/C/C09 ;2,01 (0,51 | 10 | 0,9) 2,23 (0,89 | 5 | 0,8) 2,9 (0,32 | 10 | 0,4) 2,18 (0,88 | 7 | 0,14) 2,86 (0,67 | 7 | 0,14) 3,04 (0,86 | 5 | 0) 3,05 (1 | 5 | 0) 
P000541;-4,38;0,15;26;0,12;Sim/A/A01;-4,27;0,23;5;0,4
P000541;-4,38;0,15;26;0,12;Sim/A/A03;-4,46;0,23;5;0,2;Sim/A/A02 Sim/A/A03 Sim/A/A06 Sim/B/B01 Sim/B/B02 ;-4,38 (3,25 | 5 | 0) -4,46 (0,23 | 5 | 0,2) -4,38 (3,37 | 5 | 0) -4,38 (5,1 | 5 | 0) -4,38 (26336,98 | 1 | 0) 
P000542;1,04;0,11;57;0,72;Sim/A/A02;0,83;0,39;10;0,9
P000542;1,04;0,11;57;0,72;Sim/B/B01;1,53;0,34;10;0,8
P000542;1,04;0,11;57;0,72;Sim/B/B02;1,18;0,39;10;0,5
P000542;1,04;0,11;57;0,72;Sim/B/B03;0,86;0,19;6;0,33
P000542;1,04;0,11;57;0,72;Sim/C/C02;0,83;0,3;10;0,8
P000542;1,04;0,11;57;0,72;Sim/C/C03;0,99;0,25;6;0,67;Sim/A/A02 Sim/B/B03 Sim/C/C02 Sim/C/C03 ;0,83 (0,39 | 10 | 0,9) 0,86 (0,19 | 6 | 0,33) 0,83 (0,3 | 10 | 0,8) 0,99 (0,25 | 6 | 0,67) 
P000543;0,33;0,09;69;0,54;Sim/A/A02;0,83;0,39;10;0,9
P000543;0,33;0,09;69;0,54;Sim/A/A04;0,43;0,27;10;0,7
P000543;0,33;0,09;69;0,54;Sim/B/B01;0,61;0,29;10;0,5
P000543;0,33;0,09;69;0,54;Sim/B/B03;0,29;0,27;10;0
P000543;0,33;0,09;69;0,54;Sim/C/C01;-0,08;0,23;6;0,5
P000543;0,33;0,09;69;0,54;Sim/C/C02;0,69;0,3;10;0,7
P000543;0,33;0,09;69;0,54;Sim/C/C03;0,27;0,2;9;0,44;Sim/B/B02 Sim/B/B03 Sim/C/C01 Sim/C/C03 ;0,29 (0,23 | 4 | 0,5) 0,29 (0,27 | 10 | 0) -0,08 (0,23 | 6 | 0,5) 0,27 (0,2 | 9 | 0,44) 
P000544;-3,07;0,19;35;0,29;Sim/A/A02;-3,24;0,48;10;0,1
P000544;-3,07;0,19;35;0,29;Sim/A/A03;-3,83;0,23;5;0,6;Sim/A/A02 Sim/A/A03 Sim/A/A06 Sim/B/B01 Sim/B/B02 ;-3,24 (0,48 | 10 | 0,1) -3,83 (0,23 | 5 | 0,6) -3,08 (1,78 | 5 | 0) -3,07 (2,79 | 5 | 0) -3,07 (545,02 | 1 | 0) 
P000545;0,7;0,09;76;0,66;Sim/A/A02;0,41;0,35;10;0,8
P000545;0,7;0,09;76;0,66;Sim/A/A04;0,82;0,46;10;0,9
P000545;0,7;0,09;76;0,66;Sim/A/A07;0,16;0,34;10;0,7
P000545;0,7;0,09;76;0,66;Sim/B/B01;1,23;0,26;10;0,8
P000545;0,7;0,09;76;0,66;Sim/B/B02;0,82;0,28;10;0,5
P000545;0,7;0,09;76;0,66;Sim/B/B03;0,32;0,26;10;0,2
P000545;0,7;0,09;76;0,66;Sim/C/C02;0,83;0,3;10;0,8
P000545;0,7;0,09;76;0,66;Sim/C/C03;0,77;0,21;6;0,5;Sim/A/A02 Sim/A/A07 Sim/B/B03 ;0,41 (0,35 | 10 | 0,8) 0,16 (0,34 | 10 | 0,7) 0,32 (0,26 | 10 | 0,2) 
P000546;-4,48;0,17;25;0,16;Sim/A/A03;-4,49;0,23;5;0,4;Sim/A/A02 Sim/A/A03 Sim/A/A06 Sim/B/B01 Sim/B/B02 ;-4,48 (3,59 | 5 | 0) -4,49 (0,23 | 5 | 0,4) -4,49 (3,48 | 5 | 0) -4,48 (5,25 | 5 | 0) -4,48 (35937,49 | 1 | 0) 
P000547;-2,56;0,15;42;0,31;Sim/A/A02;-2,49;0,24;6;0,33
P000547;-2,56;0,15;42;0,31;Sim/A/A05;-2,8;0,2;5;0,4
P000547;-2,56;0,15;42;0,31;Sim/A/A06;-1,7;0,41;10;0,2
P000547;-2,56;0,15;42;0,31;Sim/B/B01;-1,79;0,46;10;0,1;Sim/A/A05 ;-2,8 (0,2 | 5 | 0,4) 
P000548;-0,05;0,08;71;0,54;Sim/A/A02;-0,44;0,25;8;0,63
P000548;-0,05;0,08;71;0,54;Sim/B/B01;-0,09;0,24;6;0,5
P000548;-0,05;0,08;71;0,54;Sim/B/B02;-0,09;0,19;7;0,43
P000548;-0,05;0,08;71;0,54;Sim/B/B03;-0,06;0,48;8;0
P000548;-0,05;0,08;71;0,54;Sim/C/C01;0,23;0,29;10;0,8
P000548;-0,05;0,08;71;0,54;Sim/C/C02;0,28;0,28;10;0,5
P000548;-0,05;0,08;71;0,54;Sim/C/C03;0,14;0,24;8;0,5;Sim/A/A02 Sim/A/A04 Sim/A/A07 Sim/B/B01 Sim/B/B02 Sim/B/B03 ;-0,44 (0,25 | 8 | 0,63) -0,13 (0,24 | 3 | 0,33) -0,37 (0,23 | 4 | 0,5) -0,09 (0,24 | 6 | 0,5) -0,09 (0,19 | 7 | 0,43) -0,06 (0,48 | 8 | 0) 
P000549;-0,3;0,08;61;0,56;Sim/A/A02;-0,08;0,3;10;0,7
P000549;-0,3;0,08;61;0,56;Sim/A/A04;-0,33;0,25;6;0,5
P000549;-0,3;0,08;61;0,56;Sim/B/B01;-0,79;0,27;10;0,5
P000549;-0,3;0,08;61;0,56;Sim/B/B02;-0,01;0,23;5;0,4
P000549;-0,3;0,08;61;0,56;Sim/C/C02;0,42;0,3;10;0,6;Sim/A/A04 Sim/A/A07 Sim/B/B01 Sim/C/C01 Sim/C/C03 ;-0,33 (0,25 | 6 | 0,5) -0,63 (0,2 | 4 | 0,5) -0,79 (0,27 | 10 | 0,5) -0,3 (0,22 | 4 | 0,5) -1,89 (1,27 | 5 | 0) 
P000550;-0,71;0,08;56;0,36;Sim/A/A02;-0,93;0,22;8;0,5
P000550;-0,71;0,08;56;0,36;Sim/A/A04;-0,49;0,25;7;0,43
P000550;-0,71;0,08;56;0,36;Sim/B/B01;-0,33;0,25;8;0,5
P000550;-0,71;0,08;56;0,36;Sim/B/B02;-0,58;0,27;10;0,1;Sim/A/A02 Sim/A/A07 Sim/C/C02 Sim/C/C03 ;-0,93 (0,22 | 8 | 0,5) -1,62 (0,98 | 5 | 0,2) -0,78 (0,25 | 4 | 0,25) -1,03 (0,53 | 6 | 0,17) 
P000551;-0,91;0,09;43;0,33;Sim/A/A02;-0,89;0,24;6;0,5
P000551;-0,91;0,09;43;0,33;Sim/A/A04;-1,15;0,2;5;0,4
P000551;-0,91;0,09;43;0,33;Sim/A/A06;-0,71;0,18;5;0,6
P000551;-0,91;0,09;43;0,33;Sim/A/A07;-0,66;0,19;5;0,4
P000551;-0,91;0,09;43;0,33;Sim/C/C01;-0,75;0,21;5;0,4;Sim/A/A04 Sim/B/B01 Sim/C/C03 ;-1,15 (0,2 | 5 | 0,4) -2,51 (1,12 | 8 | 0,13) -1,89 (1,27 | 5 | 0) 
P000552;1,78;0,2;38;0,71;Sim/B/B01;1,53;0,34;10;0,8
P000552;1,78;0,2;38;0,71;Sim/B/B02;1,97;0,3;10;0,6
P000552;1,78;0,2;38;0,71;Sim/B/B03;1,71;0,31;10;0,8;Sim/B/B01 Sim/B/B03 Sim/C/C04 Sim/C/C07 Sim/C/C10 ;1,53 (0,34 | 10 | 0,8) 1,71 (0,31 | 10 | 0,8) 1,78 (1,89 | 1 | 0) 1,78 (1,58 | 1 | 0) 1,78 (2,3 | 1 | 0) 
P000553;0,15;0,08;89;0,6;Sim/A/A02;-0,08;0,3;10;0,7
P000553;0,15;0,08;89;0,6;Sim/A/A04;0,4;0,26;10;0,7
P000553;0,15;0,08;89;0,6;Sim/A/A07;0,28;0,39;10;0,8
P000553;0,15;0,08;89;0,6;Sim/B/B01;-0,04;0,24;5;0,6
P000553;0,15;0,08;89;0,6;Sim/B/B02;0,34;0,2;8;0,63
P000553;0,15;0,08;89;0,6;Sim/B/B03;0,06;0,39;10;0,1
P000553;0,15;0,08;89;0,6;Sim/C/C01;0,23;0,29;10;0,8
P000553;0,15;0,08;89;0,6;Sim/C/C02;0,12;0,25;10;0,5
P000553;0,15;0,08;89;0,6;Sim/C/C03;-0,27;0,31;10;0,4;Sim/A/A02 Sim/A/A06 Sim/B/B01 Sim/B/B03 Sim/C/C02 Sim/C/C03 ;-0,08 (0,3 | 10 | 0,7) 0,09 (0,6 | 6 | 0,83) -0,04 (0,24 | 5 | 0,6) 0,06 (0,39 | 10 | 0,1) 0,12 (0,25 | 10 | 0,5) -0,27 (0,31 | 10 | 0,4) 
P000554;-4,05;0,14;30;0,23;Sim/A/A01;-3,85;0,24;5;0,4
P000554;-4,05;0,14;30;0,23;Sim/A/A03;-4,15;0,16;9;0,44;Sim/A/A02 Sim/A/A03 Sim/A/A06 Sim/B/B02 ;-4,06 (2,25 | 5 | 0) -4,15 (0,16 | 9 | 0,44) -4,06 (3,02 | 5 | 0) -4,05 (10116,69 | 1 | 0) 
P000555;4,63;0,11;69;0,86;Sim/C/C04;4,33;0,25;10;0,7
P000555;4,63;0,11;69;0,86;Sim/C/C07;4,45;0,36;10;0,9
P000555;4,63;0,11;69;0,86;Sim/C/C08;4,9;0,18;6;0,67
P000555;4,63;0,11;69;0,86;Sim/C/C09;4,24;0,22;5;0,4
P000555;4,63;0,11;69;0,86;Sim/C/C10;4,65;0,45;10;1;Sim/B/B02 Sim/C/C04 Sim/C/C07 Sim/C/C09 ;4,03 (1,72 | 5 | 0,8) 4,33 (0,25 | 10 | 0,7) 4,45 (0,36 | 10 | 0,9) 4,24 (0,22 | 5 | 0,4) 
P000556;-0,23;0,08;87;0,51;Sim/A/A02;0,41;0,35;10;0,8
P000556;-0,23;0,08;87;0,51;Sim/A/A04;-0,41;0,25;7;0,57
P000556;-0,23;0,08;87;0,51;Sim/A/A07;0,18;0,35;10;0,7
P000556;-0,23;0,08;87;0,51;Sim/B/B01;0,43;0,3;10;0,5
P000556;-0,23;0,08;87;0,51;Sim/B/B02;-0,5;0,24;9;0
P000556;-0,23;0,08;87;0,51;Sim/C/C01;-1,07;0,23;7;0,29
P000556;-0,23;0,08;87;0,51;Sim/C/C02;0,25;0,29;10;0,6
P000556;-0,23;0,08;87;0,51;Sim/C/C03;-0,06;0,29;10;0,4;Sim/A/A04 Sim/B/B02 Sim/B/B03 Sim/C/C01 ;-0,41 (0,25 | 7 | 0,57) -0,5 (0,24 | 9 | 0) -0,26 (0,75 | 5 | 0) -1,07 (0,23 | 7 | 0,29) 
P000557;-5,27;0,69;21;0;;;;;;;
P000558;3,19;0,1;45;0,6;Sim/B/B03;2,05;0,49;10;0,8
P000558;3,19;0,1;45;0,6;Sim/C/C10;2,94;0,24;5;0,4;Sim/B/B03 Sim/B/B04 Sim/C/C04 Sim/C/C10 ;2,05 (0,49 | 10 | 0,8) 3,06 (0,21 | 4 | 0,5) 2,05 (0,73 | 5 | 0) 2,94 (0,24 | 5 | 0,4) 
P000559;0,77;0,1;60;0,7;Sim/A/A02;0,83;0,39;10;0,9
P000559;0,77;0,1;60;0,7;Sim/A/A04;0,42;0,26;10;0,7
P000559;0,77;0,1;60;0,7;Sim/B/B01;0,84;0,25;10;0,5
P000559;0,77;0,1;60;0,7;Sim/B/B03;0,77;0,22;5;0,4
P000559;0,77;0,1;60;0,7;Sim/C/C02;1,11;0,34;10;0,8
P000559;0,77;0,1;60;0,7;Sim/C/C03;0,98;0,25;6;0,67;Sim/A/A04 Sim/B/B02 ;0,42 (0,26 | 10 | 0,7) 0,31 (0,23 | 4 | 0,5) 
P000560;-4,68;0,18;30;0,1;;;;;;Sim/A/A03 Sim/A/A06 Sim/B/B01 Sim/B/B02 ;-5,13 (0,55 | 10 | 0,1) -4,68 (3,67 | 5 | 0) -4,68 (5,53 | 5 | 0) -4,68 (64223,69 | 1 | 0) 
P000561;4,08;0,09;57;0,68;Sim/C/C04;3,99;0,25;8;0,5
P000561;4,08;0,09;57;0,68;Sim/C/C05;3,53;0,23;5;0,4
P000561;4,08;0,09;57;0,68;Sim/C/C06;4,09;0,17;5;0,6
P000561;4,08;0,09;57;0,68;Sim/C/C09;4,32;0,2;5;0,4
P000561;4,08;0,09;57;0,68;Sim/C/C10;4,19;0,26;10;0,8;Sim/B/B01 Sim/C/C04 Sim/C/C05 Sim/C/C07 ;2,01 (0,56 | 6 | 0,83) 3,99 (0,25 | 8 | 0,5) 3,53 (0,23 | 5 | 0,4) 4,04 (0,25 | 4 | 0,75) 
P000562;5,56;0,34;52;0,94;Sim/C/C09;5,37;0,43;10;0,9;Sim/B/B03 Sim/C/C06 Sim/C/C09 ;2,81 (1,97 | 5 | 0,8) 4,89 (0,55 | 9 | 0,89) 5,37 (0,43 | 10 | 0,9) 
P000563;5,91;0,73;40;0,98;;;;;;Sim/B/B02 ;3,3 (0,83 | 5 | 0,8) 
P000564;5,97;0,77;41;1;;;;;;;
P000565;-2,93;0,16;40;0,35;Sim/A/A02;-3,24;0,48;10;0,1
P000565;-2,93;0,16;40;0,35;Sim/A/A05;-3;0,24;9;0,33;Sim/A/A02 Sim/A/A05 Sim/A/A06 Sim/B/B01 Sim/B/B02 ;-3,24 (0,48 | 10 | 0,1) -3 (0,24 | 9 | 0,33) -2,93 (1,62 | 5 | 0) -2,93 (2,41 | 5 | 0) -2,93 (354,77 | 1 | 0) 
P000566;-3,22;0,18;48;0,38;Sim/A/A01;-2,7;0,46;10;0,9
P000566;-3,22;0,18;48;0,38;Sim/A/A03;-3,25;0,39;10;0,8
P000566;-3,22;0,18;48;0,38;Sim/A/A05;-3,51;0,48;10;0,1;Sim/A/A02 Sim/A/A03 Sim/A/A05 Sim/A/A06 Sim/B/B01 Sim/B/B02 ;-3,25 (0,52 | 7 | 0) -3,25 (0,39 | 10 | 0,8) -3,51 (0,48 | 10 | 0,1) -3,22 (1,96 | 5 | 0) -3,22 (3,15 | 5 | 0) -3,22 (847,12 | 1 | 0) 
P000567;4;0,09;63;0,65;Sim/C/C04;3,51;0,24;8;0,5
P000567;4;0,09;63;0,65;Sim/C/C06;4,24;0,2;5;0,8
P000567;4;0,09;63;0,65;Sim/C/C08;3,95;0,26;10;0,2
P000567;4;0,09;63;0,65;Sim/C/C09;4,24;0,22;5;0,4
P000567;4;0,09;63;0,65;Sim/C/C10;3,57;0,22;5;0,4;Sim/B/B02 Sim/C/C04 Sim/C/C07 Sim/C/C08 Sim/C/C10 ;3,26 (0,79 | 5 | 0,8) 3,51 (0,24 | 8 | 0,5) 3,98 (0,25 | 3 | 0,67) 3,95 (0,26 | 10 | 0,2) 3,57 (0,22 | 5 | 0,4) 
P000568;-3,69;0,18;39;0,23;Sim/A/A01;-3,76;0,22;6;0,5
P000568;-3,69;0,18;39;0,23;Sim/A/A02;-3,24;0,48;10;0,1
P000568;-3,69;0,18;39;0,23;Sim/A/A03;-4,46;0,24;5;0,2
P000568;-3,69;0,18;39;0,23;Sim/A/A05;-2,65;0,19;7;0,43;Sim/A/A01 Sim/A/A03 Sim/A/A06 Sim/B/B02 ;-3,76 (0,22 | 6 | 0,5) -4,46 (0,24 | 5 | 0,2) -3,7 (2,58 | 5 | 0) -3,69 (3382,9 | 1 | 0) 
P000569;-3,83;0,16;36;0,31;Sim/A/A01;-4,27;0,23;5;0,4
P000569;-3,83;0,16;36;0,31;Sim/A/A03;-3,43;0,32;10;0,7
P000569;-3,83;0,16;36;0,31;Sim/A/A06;-1,72;0,44;10;0,2;Sim/A/A01 Sim/A/A02 Sim/B/B01 Sim/B/B02 ;-4,27 (0,23 | 5 | 0,4) -3,83 (1,59 | 5 | 0) -3,83 (4,35 | 5 | 0) -3,83 (5133,29 | 1 | 0) 
P000570;4,67;0,11;64;0,83;Sim/C/C04;4,29;0,25;10;0,7
P000570;4,67;0,11;64;0,83;Sim/C/C08;4,3;0,23;6;0,33
P000570;4,67;0,11;64;0,83;Sim/C/C09;5,07;0,28;10;0,8
P000570;4,67;0,11;64;0,83;Sim/C/C10;4,69;0,47;10;1;Sim/B/B01 Sim/C/C04 Sim/C/C08 ;2,86 (1,28 | 5 | 0,8) 4,29 (0,25 | 10 | 0,7) 4,3 (0,23 | 6 | 0,33) 
P000571;5,97;0,77;41;1;;;;;;;
P000572;3,34;0,09;49;0,55;Sim/C/C04;3,63;0,24;6;0,5
P000572;3,34;0,09;49;0,55;Sim/C/C10;3,49;0,19;6;0,67;Sim/B/B02 Sim/B/B03 Sim/B/B04 Sim/C/C05 Sim/C/C06 Sim/C/C07 ;3,26 (0,79 | 5 | 0,8) 2,23 (0,89 | 5 | 0,8) 3,2 (0,25 | 4 | 0,5) 3,32 (0,22 | 4 | 0,5) 2,97 (0,51 | 10 | 0,1) 3,19 (0,23 | 4 | 0,5) 
P000573;0,42;0,09;75;0,57;Sim/A/A02;0,83;0,39;10;0,9
P000573;0,42;0,09;75;0,57;Sim/B/B01;0,26;0,27;10;0,5
P000573;0,42;0,09;75;0,57;Sim/B/B02;0,82;0,27;10;0,5
P000573;0,42;0,09;75;0,57;Sim/B/B03;0,13;0,35;10;0,1
P000573;0,42;0,09;75;0,57;Sim/C/C01;0,32;0,32;10;0,8
P000573;0,42;0,09;75;0,57;Sim/C/C02;0,65;0,29;10;0,7
P000573;0,42;0,09;75;0,57;Sim/C/C03;-0,12;0,3;10;0,4;Sim/B/B01 Sim/B/B03 Sim/C/C01 Sim/C/C03 ;0,26 (0,27 | 10 | 0,5) 0,13 (0,35 | 10 | 0,1) 0,32 (0,32 | 10 | 0,8) -0,12 (0,3 | 10 | 0,4) 
P000574;1,38;0,13;55;0,75;Sim/B/B02;1,18;0,39;10;0,5
P000574;1,38;0,13;55;0,75;Sim/B/B03;1,16;0,2;5;0,6
P000574;1,38;0,13;55;0,75;Sim/C/C03;1,67;0,46;10;0,9;Sim/A/A04 Sim/B/B02 Sim/B/B03 Sim/C/C04 Sim/C/C07 ;0,92 (0,55 | 7 | 0,86) 1,18 (0,39 | 10 | 0,5) 1,16 (0,2 | 5 | 0,6) 1,38 (2,04 | 2 | 0) 1,38 (2,35 | 1 | 0) 
P000575;-3,84;0,17;29;0,24;Sim/A/A01;-3,66;0,22;7;0,57;Sim/A/A02 Sim/A/A03 Sim/A/A06 ;-3,85 (1,64 | 5 | 0) -4,09 (0,22 | 4 | 0,5) -3,85 (2,75 | 5 | 0) 
P000576;-2;0,16;25;0,32;Sim/A/A02;-1,84;0,23;5;0,6
P000576;-2;0,16;25;0,32;Sim/A/A05;-2,18;0,23;5;0,6
P000576;-2;0,16;25;0,32;Sim/A/A06;-1,7;0,41;10;0,2;Sim/A/A05 Sim/B/B01 ;-2,18 (0,23 | 5 | 0,6) -2,02 (0,67 | 5 | 0) 
P000577;5,55;0,39;46;0,98;Sim/B/B04;4,05;0,44;10;0,9;Sim/B/B04 ;4,05 (0,44 | 10 | 0,9) 
P000578;-2,01;0,16;33;0,36;Sim/A/A02;-2,49;0,24;6;0,33
P000578;-2,01;0,16;33;0,36;Sim/B/B01;-1,59;0,37;10;0,1;Sim/A/A02 ;-2,49 (0,24 | 6 | 0,33) 
P000579;-0,6;0,08;54;0,44;Sim/A/A02;-0,64;0,24;7;0,57
P000579;-0,6;0,08;54;0,44;Sim/A/A04;-0,84;0,21;6;0,5
P000579;-0,6;0,08;54;0,44;Sim/A/A07;-0,9;0,22;6;0,17
P000579;-0,6;0,08;54;0,44;Sim/B/B01;-0,67;0,26;10;0,5
P000579;-0,6;0,08;54;0,44;Sim/B/B02;0,16;0,2;6;0,5
P000579;-0,6;0,08;54;0,44;Sim/C/C02;-0,29;0,23;5;0,6;Sim/A/A02 Sim/A/A04 Sim/A/A06 Sim/A/A07 Sim/B/B01 Sim/C/C03 ;-0,64 (0,24 | 7 | 0,57) -0,84 (0,21 | 6 | 0,5) -0,84 (0,18 | 4 | 0,5) -0,9 (0,22 | 6 | 0,17) -0,67 (0,26 | 10 | 0,5) -1,03 (0,53 | 6 | 0,17) 
P000580;0,93;0,11;53;0,68;Sim/A/A02;0,83;0,39;10;0,9
P000580;0,93;0,11;53;0,68;Sim/B/B01;0,84;0,25;10;0,5
P000580;0,93;0,11;53;0,68;Sim/B/B02;0,5;0,25;6;0,33
P000580;0,93;0,11;53;0,68;Sim/B/B03;1,41;0,24;6;0,5
P000580;0,93;0,11;53;0,68;Sim/C/C02;1,05;0,33;10;0,9
P000580;0,93;0,11;53;0,68;Sim/C/C03;0,77;0,21;6;0,5;Sim/A/A02 Sim/B/B01 Sim/B/B02 Sim/C/C03 ;0,83 (0,39 | 10 | 0,9) 0,84 (0,25 | 10 | 0,5) 0,5 (0,25 | 6 | 0,33) 0,77 (0,21 | 6 | 0,5) 
P000581;5,97;0,77;41;1;;;;;;;
P000582;0,98;0,11;62;0,69;Sim/A/A02;1,21;0,39;10;1
P000582;0,98;0,11;62;0,69;Sim/A/A04;0,44;0,27;10;0,7
P000582;0,98;0,11;62;0,69;Sim/B/B01;0,95;0,25;7;0,43
P000582;0,98;0,11;62;0,69;Sim/B/B02;1,18;0,39;10;0,5
P000582;0,98;0,11;62;0,69;Sim/B/B03;0,6;0,24;5;0,2
P000582;0,98;0,11;62;0,69;Sim/C/C02;0,7;0,29;10;0,7
P000582;0,98;0,11;62;0,69;Sim/C/C03;1,41;0,33;10;1;Sim/A/A04 Sim/B/B01 Sim/B/B03 Sim/C/C02 ;0,44 (0,27 | 10 | 0,7) 0,95 (0,25 | 7 | 0,43) 0,6 (0,24 | 5 | 0,2) 0,7 (0,29 | 10 | 0,7) 
P000583;4,14;0,1;75;0,73;Sim/B/B02;2,72;0,38;10;0,7
P000583;4,14;0,1;75;0,73;Sim/C/C04;3,06;0,31;10;0,4
P000583;4,14;0,1;75;0,73;Sim/C/C06;4,28;0,21;5;1
P000583;4,14;0,1;75;0,73;Sim/C/C09;4,02;0,24;9;0,33
P000583;4,14;0,1;75;0,73;Sim/C/C10;3,78;0,22;6;0,67;Sim/B/B02 Sim/C/C04 Sim/C/C09 Sim/C/C10 ;2,72 (0,38 | 10 | 0,7) 3,06 (0,31 | 10 | 0,4) 4,02 (0,24 | 9 | 0,33) 3,78 (0,22 | 6 | 0,67) 
P000584;-3,08;0,18;42;0,29;Sim/A/A02;-3,13;0,41;10;0
P000584;-3,08;0,18;42;0,29;Sim/A/A03;-3,68;0,24;8;0,63
P000584;-3,08;0,18;42;0,29;Sim/A/A05;-2,85;0,2;8;0,25;Sim/A/A02 Sim/A/A03 Sim/A/A06 Sim/B/B01 Sim/B/B02 ;-3,13 (0,41 | 10 | 0) -3,68 (0,24 | 8 | 0,63) -3,08 (1,78 | 5 | 0) -3,08 (2,8 | 5 | 0) -3,08 (553,29 | 1 | 0) 
P000585;3,15;0,1;54;0,5;Sim/C/C04;2,9;0,33;10;0,3
P000585;3,15;0,1;54;0,5;Sim/C/C06;3,49;0,22;6;0,17
P000585;3,15;0,1;54;0,5;Sim/C/C10;3,26;0,17;6;0,5;Sim/B/B03 Sim/C/C04 Sim/C/C05 ;2,13 (0,64 | 7 | 0,86) 2,9 (0,33 | 10 | 0,3) 2,12 (0,9 | 7 | 0) 
P000586;4,63;0,11;56;0,86;Sim/C/C04;4,79;0,33;10;1
P000586;4,63;0,11;56;0,86;Sim/C/C08;4,43;0,22;5;0,4
P000586;4,63;0,11;56;0,86;Sim/C/C09;4,7;0,2;5;0,6
P000586;4,63;0,11;56;0,86;Sim/C/C10;3,98;0,22;8;0,63;Sim/C/C08 Sim/C/C10 ;4,43 (0,22 | 5 | 0,4) 3,98 (0,22 | 8 | 0,63) 
P000587;3;0,11;56;0,48;Sim/B/B02;2,41;0,32;10;0,7
P000587;3;0,11;56;0,48;Sim/C/C05;3,58;0,2;6;0,67;Sim/B/B01 Sim/B/B02 Sim/B/B03 Sim/B/B04 Sim/C/C04 Sim/C/C06 Sim/C/C07 ;2,02 (0,55 | 7 | 0,86) 2,41 (0,32 | 10 | 0,7) 2,13 (0,64 | 7 | 0,86) 2,84 (0,23 | 3 | 0,33) 2,29 (0,54 | 7 | 0,14) 2,9 (0,65 | 7 | 0) 2,1 (0,83 | 5 | 0) 
P000588;3,8;0,09;63;0,73;Sim/B/B04;3,98;0,39;10;0,7
P000588;3,8;0,09;63;0,73;Sim/C/C04;4,18;0,25;10;0,7
P000588;3,8;0,09;63;0,73;Sim/C/C05;3,51;0,19;6;0,5
P000588;3,8;0,09;63;0,73;Sim/C/C06;4,21;0,21;5;0,8
P000588;3,8;0,09;63;0,73;Sim/C/C07;4,43;0,39;10;0,9;Sim/C/C05 Sim/C/C10 ;3,51 (0,19 | 6 | 0,5) 2,05 (1,01 | 7 | 0,14) 
P000589;-0,99;0,09;46;0,33;Sim/A/A04;-0,73;0,24;5;0,6
P000589;-0,99;0,09;46;0,33;Sim/A/A06;-0,97;0,18;5;0,4
P000589;-0,99;0,09;46;0,33;Sim/B/B01;-1,1;0,29;10;0,4
P000589;-0,99;0,09;46;0,33;Sim/C/C01;-0,95;0,22;5;0,4;Sim/A/A02 Sim/A/A07 Sim/B/B01 Sim/B/B02 Sim/C/C03 ;-1,24 (0,24 | 4 | 0,5) -1,63 (0,97 | 6 | 0) -1,1 (0,29 | 10 | 0,4) -1,11 (1,64 | 1 | 0) -1,03 (0,53 | 6 | 0,17) 
P000590;-4,06;0,16;29;0,24;Sim/A/A03;-3,86;0,2;9;0,56;Sim/A/A01 Sim/A/A02 Sim/A/A06 Sim/B/B01 Sim/B/B02 ;-4,46 (0,24 | 4 | 0,5) -4,07 (2,25 | 5 | 0) -4,07 (3,03 | 5 | 0) -4,07 (4,67 | 5 | 0) -4,06 (10371,36 | 1 | 0) 
P000591;4,32;0,1;63;0,78;Sim/C/C04;4,43;0,26;10;0,7
P000591;4,32;0,1;63;0,78;Sim/C/C06;4,33;0,22;6;0,83
P000591;4,32;0,1;63;0,78;Sim/C/C07;4,15;0,23;10;0,8
P000591;4,32;0,1;63;0,78;Sim/C/C09;4,29;0,2;5;0,4
P000591;4,32;0,1;63;0,78;Sim/C/C10;4,05;0,24;7;0,71;Sim/B/B01 Sim/C/C07 Sim/C/C09 Sim/C/C10 ;2,86 (1,28 | 5 | 0,8) 4,15 (0,23 | 10 | 0,8) 4,29 (0,2 | 5 | 0,4) 4,05 (0,24 | 7 | 0,71) 
P000592;0,02;0,09;82;0,59;Sim/A/A02;0,24;0,34;10;0,8
P000592;0,02;0,09;82;0,59;Sim/A/A04;-0,89;0,19;7;0,43
P000592;0,02;0,09;82;0,59;Sim/B/B01;0,61;0,29;10;0,5
P000592;0,02;0,09;82;0,59;Sim/B/B02;-0,58;0,27;10;0
P000592;0,02;0,09;82;0,59;Sim/B/B03;0,6;0,24;5;0,2
P000592;0,02;0,09;82;0,59;Sim/C/C02;0,9;0,31;10;0,8
P000592;0,02;0,09;82;0,59;Sim/C/C03;-0,34;0,33;10;0,3;Sim/A/A04 Sim/B/B02 Sim/C/C03 ;-0,89 (0,19 | 7 | 0,43) -0,58 (0,27 | 10 | 0) -0,34 (0,33 | 10 | 0,3) 
P000593;0,99;0,1;52;0,75;Sim/A/A02;0,83;0,39;10;0,9
P000593;0,99;0,1;52;0,75;Sim/B/B01;1,07;0,24;7;0,57
P000593;0,99;0,1;52;0,75;Sim/B/B03;1;0,19;6;0,5
P000593;0,99;0,1;52;0,75;Sim/C/C02;1,05;0,33;10;0,9
P000593;0,99;0,1;52;0,75;Sim/C/C03;1,27;0,29;10;0,8;Sim/A/A02 Sim/A/A04 Sim/B/B02 ;0,83 (0,39 | 10 | 0,9) 0,92 (0,63 | 5 | 0,8) 0,51 (0,25 | 4 | 0,5) 
P000594;3,46;0,09;47;0,68;Sim/C/C04;3,63;0,24;6;0,5
P000594;3,46;0,09;47;0,68;Sim/C/C05;3,37;0,2;5;0,6
P000594;3,46;0,09;47;0,68;Sim/C/C06;3,62;0,19;6;0,33
P000594;3,46;0,09;47;0,68;Sim/C/C10;3,1;0,19;5;0,4;Sim/B/B02 Sim/C/C05 Sim/C/C07 Sim/C/C10 ;3,26 (0,79 | 5 | 0,8) 3,37 (0,2 | 5 | 0,6) 3,4 (0,23 | 4 | 0,5) 3,1 (0,19 | 5 | 0,4) 
P000595;-4,88;0,24;36;0,11;Sim/A/A01;-4,75;0,26;10;0,3;Sim/A/A03 Sim/A/A06 Sim/B/B01 Sim/B/B02 ;-5,13 (0,55 | 10 | 0,1) -4,88 (3,87 | 5 | 0) -4,88 (5,82 | 5 | 0) -4,88 (115619,11 | 1 | 0) 
P000596;5,25;0,2;42;0,93;Sim/C/C08;5,48;0,38;10;0,9
P000596;5,25;0,2;42;0,93;Sim/C/C09;4,91;0,24;7;0,71;Sim/C/C09 ;4,91 (0,24 | 7 | 0,71) 
P000597;0,91;0,1;58;0,67;Sim/A/A02;0,83;0,39;10;0,9
P000597;0,91;0,1;58;0,67;Sim/B/B01;1,03;0,24;8;0,5
P000597;0,91;0,1;58;0,67;Sim/B/B02;1,76;0,36;10;0,5
P000597;0,91;0,1;58;0,67;Sim/B/B03;0,65;0,21;5;0,4
P000597;0,91;0,1;58;0,67;Sim/C/C02;0,83;0,3;10;0,8
P000597;0,91;0,1;58;0,67;Sim/C/C03;0,88;0,2;10;0,6;Sim/A/A02 Sim/B/B03 Sim/C/C02 Sim/C/C03 ;0,83 (0,39 | 10 | 0,9) 0,65 (0,21 | 5 | 0,4) 0,83 (0,3 | 10 | 0,8) 0,88 (0,2 | 10 | 0,6) 
P000598;-2,78;0,15;34;0,32;Sim/A/A01;-3,01;0,36;10;0,7
P000598;-2,78;0,15;34;0,32;Sim/A/A02;-2,61;0,23;8;0,25
P000598;-2,78;0,15;34;0,32;Sim/A/A05;-2,81;0,2;6;0,33;Sim/A/A01 Sim/A/A05 Sim/A/A06 Sim/B/B01 ;-3,01 (0,36 | 10 | 0,7) -2,81 (0,2 | 6 | 0,33) -2,79 (1,31 | 5 | 0) -2,79 (1,71 | 5 | 0) 
P000599;-5,27;0,69;21;0;;;;;;;
P000600;-1,28;0,1;68;0,4;Sim/A/A02;-1,54;0,24;6;0,5
P000600;-1,28;0,1;68;0,4;Sim/A/A05;-1,56;0,42;10;0,8
P000600;-1,28;0,1;68;0,4;Sim/A/A06;-1,53;0,33;10;0,3
P000600;-1,28;0,1;68;0,4;Sim/B/B01;-0,49;0,24;10;0,5
P000600;-1,28;0,1;68;0,4;Sim/C/C01;-1,08;0,23;6;0,5
P000600;-1,28;0,1;68;0,4;Sim/C/C02;-1,27;0,42;10;0,3;Sim/A/A02 Sim/A/A04 Sim/A/A05 Sim/A/A06 Sim/A/A07 Sim/B/B02 ;-1,54 (0,24 | 6 | 0,5) -1,44 (0,25 | 4 | 0,25) -1,56 (0,42 | 10 | 0,8) -1,53 (0,33 | 10 | 0,3) -1,94 (1,26 | 7 | 0,14) -1,29 (1,12 | 5 | 0) 
P000601;2,63;0,13;58;0,41;Sim/B/B01;1,66;0,38;10;0,8
P000601;2,63;0,13;58;0,41;Sim/C/C10;3,01;0,2;10;0,3;Sim/B/B01 Sim/B/B04 Sim/C/C04 Sim/C/C05 Sim/C/C06 ;1,66 (0,38 | 10 | 0,8) 2 (0,73 | 6 | 0) 2,05 (0,73 | 5 | 0,2) 2,09 (0,9 | 8 | 0,13) 2,62 (1,02 | 5 | 0) 
P000602;-0,29;0,09;63;0,44;Sim/A/A02;-0,08;0,3;10;0,7
P000602;-0,29;0,09;63;0,44;Sim/A/A04;-0,84;0,25;5;0,4
P000602;-0,29;0,09;63;0,44;Sim/B/B01;0,01;0,23;9;0,44
P000602;-0,29;0,09;63;0,44;Sim/B/B03;0,19;0,32;10;0,1
P000602;-0,29;0,09;63;0,44;Sim/C/C02;0,17;0,27;10;0,5;Sim/A/A04 Sim/A/A06 Sim/A/A07 Sim/C/C01 Sim/C/C03 ;-0,84 (0,25 | 5 | 0,4) -0,66 (0,22 | 3 | 0,67) -0,47 (0,22 | 3 | 0,67) -0,42 (0,22 | 4 | 0,5) -1,89 (1,27 | 5 | 0,2) 
P000603;0,28;0,09;84;0,62;Sim/A/A02;0,83;0,39;10;0,9
P000603;0,28;0,09;84;0,62;Sim/A/A04;-0,27;0,23;6;0,5
P000603;0,28;0,09;84;0,62;Sim/A/A07;-0,03;0,27;10;0,8
P000603;0,28;0,09;84;0,62;Sim/B/B01;1,26;0,26;10;0,7
P000603;0,28;0,09;84;0,62;Sim/B/B02;0,29;0,22;5;0,4
P000603;0,28;0,09;84;0,62;Sim/B/B03;0,25;0,29;10;0
P000603;0,28;0,09;84;0,62;Sim/C/C01;0;0,22;10;0,7
P000603;0,28;0,09;84;0,62;Sim/C/C02;0,22;0,27;10;0,5;Sim/A/A04 Sim/A/A07 Sim/B/B03 Sim/C/C01 Sim/C/C02 ;-0,27 (0,23 | 6 | 0,5) -0,03 (0,27 | 10 | 0,8) 0,25 (0,29 | 10 | 0) 0 (0,22 | 10 | 0,7) 0,22 (0,27 | 10 | 0,5) 
P000604;-2,95;0,16;54;0,41;Sim/A/A01;-2,7;0,46;10;0,9
P000604;-2,95;0,16;54;0,41;Sim/A/A02;-3,1;0,39;10;0
P000604;-2,95;0,16;54;0,41;Sim/A/A05;-3,02;0,25;8;0,25
P000604;-2,95;0,16;54;0,41;Sim/B/B01;-1,71;0,42;10;0,2;Sim/A/A02 Sim/A/A05 Sim/B/B02 ;-3,1 (0,39 | 10 | 0) -3,02 (0,25 | 8 | 0,25) -2,95 (377,96 | 1 | 0) 
P000605;-0,94;0,08;52;0,33;Sim/A/A02;-0,78;0,24;7;0,57
P000605;-0,94;0,08;52;0,33;Sim/B/B01;-1,63;0,39;10;0,2
P000605;-0,94;0,08;52;0,33;Sim/C/C01;-0,8;0,18;7;0,43
P000605;-0,94;0,08;52;0,33;Sim/C/C03;-0,42;0,32;10;0,2;Sim/A/A04 Sim/A/A07 Sim/B/B01 Sim/B/B02 ;-1,15 (0,2 | 4 | 0,5) -1,67 (1 | 5 | 0,2) -1,63 (0,39 | 10 | 0,2) -1,63 (7,65 | 1 | 0) 
P000606;-1,9;0,14;46;0,35;Sim/A/A02;-1,98;0,22;6;0,5
P000606;-1,9;0,14;46;0,35;Sim/A/A04;-1,78;0,33;10;0,2
P000606;-1,9;0,14;46;0,35;Sim/A/A05;-1,78;0,29;10;0,9
P000606;-1,9;0,14;46;0,35;Sim/A/A06;-1,58;0,34;10;0,2;Sim/A/A02 Sim/B/B01 Sim/C/C01 Sim/C/C02 ;-1,98 (0,22 | 6 | 0,5) -1,92 (0,6 | 5 | 0) -1,92 (0,61 | 4 | 0) -1,91 (1,73 | 1 | 0) 
P000607;4,56;0,1;64;0,8;Sim/C/C04;5,05;0,45;10;0,9
P000607;4,56;0,1;64;0,8;Sim/C/C08;5,11;0,22;7;1
P000607;4,56;0,1;64;0,8;Sim/C/C09;4,08;0,22;10;0,3
P000607;4,56;0,1;64;0,8;Sim/C/C10;3,73;0,18;7;0,57;Sim/C/C06 Sim/C/C09 Sim/C/C10 ;4,24 (0,22 | 4 | 0,75) 4,08 (0,22 | 10 | 0,3) 3,73 (0,18 | 7 | 0,57) 
P000608;-3,26;0,19;41;0,39;Sim/A/A01;-3,01;0,36;10;0,8
P000608;-3,26;0,19;41;0,39;Sim/A/A03;-3,13;0,44;10;0,8;Sim/A/A02 Sim/A/A05 Sim/A/A06 Sim/B/B01 Sim/B/B02 ;-3,28 (0,59 | 5 | 0) -3,91 (1,06 | 5 | 0) -3,26 (2,01 | 5 | 0) -3,26 (3,26 | 5 | 0) -3,26 (955,51 | 1 | 0) 
P000609;-2,27;0,16;21;0,33;Sim/A/A02;-2,2;0,24;6;0,5
P000609;-2,27;0,16;21;0,33;Sim/A/A05;-2,32;0,21;5;0,6;Sim/A/A05 Sim/B/B01 ;-2,32 (0,21 | 5 | 0,6) -2,28 (0,95 | 5 | 0) 
P000610;3,64;0,08;68;0,53;Sim/B/B04;3,72;0,28;10;0,7
P000610;3,64;0,08;68;0,53;Sim/C/C04;3,63;0,24;6;0,5
P000610;3,64;0,08;68;0,53;Sim/C/C05;3,34;0,19;6;0,5
P000610;3,64;0,08;68;0,53;Sim/C/C06;3,86;0,16;6;0,5;Sim/C/C04 Sim/C/C05 Sim/C/C08 Sim/C/C09 Sim/C/C10 ;3,63 (0,24 | 6 | 0,5) 3,34 (0,19 | 6 | 0,5) 3,39 (0,52 | 9 | 0,11) 3,28 (0,68 | 8 | 0) 3,58 (0,22 | 4 | 0,5) 
P000611;2,69;0,13;50;0,48;Sim/B/B02;2,61;0,36;10;0,9
P000611;2,69;0,13;50;0,48;Sim/C/C07;3,04;0,22;7;0,43;Sim/B/B01 Sim/B/B02 Sim/C/C04 Sim/C/C05 Sim/C/C10 ;2,39 (0,78 | 5 | 0,8) 2,61 (0,36 | 10 | 0,9) 2,29 (0,58 | 5 | 0,2) 2,12 (0,9 | 7 | 0) 2,05 (1,01 | 7 | 0) 
P000612;-1,9;0,14;46;0,26;Sim/A/A02;-1,98;0,22;6;0,5
P000612;-1,9;0,14;46;0,26;Sim/A/A04;-1,92;0,42;10;0,1
P000612;-1,9;0,14;46;0,26;Sim/A/A06;-1,7;0,41;10;0,2;Sim/A/A02 Sim/A/A04 Sim/B/B01 Sim/C/C01 Sim/C/C02 Sim/C/C03 ;-1,98 (0,22 | 6 | 0,5) -1,92 (0,42 | 10 | 0,1) -1,92 (0,6 | 5 | 0) -2,13 (0,72 | 6 | 0) -1,9 (1,72 | 1 | 0) -1,9 (1,65 | 1 | 0) 
P000613;0,06;0,09;74;0,51;Sim/A/A02;-0,24;0,27;10;0,7
P000613;0,06;0,09;74;0,51;Sim/A/A07;0,03;0,29;10;0,8
P000613;0,06;0,09;74;0,51;Sim/B/B01;0,43;0,3;10;0,5
P000613;0,06;0,09;74;0,51;Sim/B/B02;-0,09;0,23;5;0,4
P000613;0,06;0,09;74;0,51;Sim/B/B03;0,13;0,35;10;0,1
P000613;0,06;0,09;74;0,51;Sim/C/C01;-0,07;0,23;6;0,67
P000613;0,06;0,09;74;0,51;Sim/C/C02;0,45;0,3;10;0,6
P000613;0,06;0,09;74;0,51;Sim/C/C03;-0,35;0,32;10;0,3;Sim/A/A02 Sim/A/A07 Sim/B/B02 Sim/C/C01 Sim/C/C03 ;-0,24 (0,27 | 10 | 0,7) 0,03 (0,29 | 10 | 0,8) -0,09 (0,23 | 5 | 0,4) -0,07 (0,23 | 6 | 0,67) -0,35 (0,32 | 10 | 0,3) 
P000614;4,55;0,12;51;0,8;Sim/C/C04;4,18;0,25;10;0,6
P000614;4,55;0,12;51;0,8;Sim/C/C09;4,35;0,2;5;0,4
P000614;4,55;0,12;51;0,8;Sim/C/C10;4,57;0,4;10;0,9;Sim/B/B02 Sim/C/C04 Sim/C/C09 ;4,03 (1,72 | 5 | 0,8) 4,18 (0,25 | 10 | 0,6) 4,35 (0,2 | 5 | 0,4) 
P000615;-4,18;0,16;25;0,16;Sim/A/A01;-4,27;0,23;5;0,4;Sim/A/A01 Sim/A/A02 Sim/A/A06 Sim/B/B01 Sim/B/B02 ;-4,27 (0,23 | 5 | 0,4) -4,18 (2,62 | 5 | 0) -4,18 (3,18 | 5 | 0) -4,18 (4,83 | 5 | 0) -4,18 (14723,97 | 1 | 0) 
P000616;-2,4;0,17;23;0,26;Sim/A/A02;-2,65;0,24;7;0,29
P000616;-2,4;0,17;23;0,26;Sim/A/A05;-2,09;0,25;5;0,8;Sim/A/A02 Sim/A/A06 Sim/B/B01 Sim/B/B02 ;-2,65 (0,24 | 7 | 0,29) -2,41 (1,13 | 5 | 0) -2,41 (1,22 | 5 | 0) -2,4 (74,49 | 1 | 0) 
P000617;-3,75;0,17;27;0,26;Sim/A/A01;-3,66;0,22;7;0,57;Sim/A/A02 Sim/A/A03 Sim/B/B01 Sim/B/B02 ;-3,76 (1,43 | 5 | 0) -3,89 (0,24 | 4 | 0,5) -3,76 (4,26 | 5 | 0) -3,75 (4148,92 | 1 | 0) 
P000618;-5,27;0,69;21;0;;;;;;;
P000619;5,97;0,77;41;1;;;;;;;
P000620;4,39;0,1;60;0,77;Sim/C/C04;4,66;0,29;10;0,8
P000620;4,39;0,1;60;0,77;Sim/C/C06;4,19;0,18;6;0,67
P000620;4,39;0,1;60;0,77;Sim/C/C07;4,63;0,48;10;0,9
P000620;4,39;0,1;60;0,77;Sim/C/C09;4,63;0,18;5;0,6
P000620;4,39;0,1;60;0,77;Sim/C/C10;4,12;0,24;10;0,7;Sim/C/C06 Sim/C/C08 Sim/C/C10 ;4,19 (0,18 | 6 | 0,67) 4,34 (0,25 | 4 | 0) 4,12 (0,24 | 10 | 0,7) 
P000621;-5,27;0,69;21;0;;;;;;;
P000622;-1,31;0,11;46;0,22;Sim/A/A02;-1,03;0,22;8;0,38
P000622;-1,31;0,11;46;0,22;Sim/A/A06;-1,23;0,23;5;0,2
P000622;-1,31;0,11;46;0,22;Sim/B/B01;-1,79;0,46;10;0,1
P000622;-1,31;0,11;46;0,22;Sim/C/C01;-1,08;0,23;6;0,5;Sim/A/A04 Sim/B/B01 Sim/C/C02 ;-2,01 (0,54 | 7 | 0) -1,79 (0,46 | 10 | 0,1) -1,76 (0,94 | 6 | 0,17) 
P000623;-0,19;0,08;69;0,54;Sim/A/A02;-0,31;0,26;10;0,6
P000623;-0,19;0,08;69;0,54;Sim/A/A07;-0,12;0,25;9;0,56
P000623;-0,19;0,08;69;0,54;Sim/B/B01;-0,62;0,25;10;0,6
P000623;-0,19;0,08;69;0,54;Sim/B/B02;0,3;0,23;5;0,6
P000623;-0,19;0,08;69;0,54;Sim/C/C01;-0,08;0,21;9;0,67
P000623;-0,19;0,08;69;0,54;Sim/C/C02;-0,13;0,24;6;0,5;Sim/A/A02 Sim/B/B01 Sim/B/B03 Sim/C/C03 ;-0,31 (0,26 | 10 | 0,6) -0,62 (0,25 | 10 | 0,6) -0,2 (0,68 | 5 | 0) -1,29 (0,77 | 5 | 0,2) 
P000624;-2,7;0,16;37;0,27;Sim/A/A01;-2,9;0,39;10;0,6
P000624;-2,7;0,16;37;0,27;Sim/A/A02;-3,1;0,39;10;0
P000624;-2,7;0,16;37;0,27;Sim/A/A05;-2,22;0,24;5;0,6;Sim/A/A01 Sim/A/A02 Sim/A/A06 Sim/B/B01 Sim/B/B02 ;-2,9 (0,39 | 10 | 0,6) -3,1 (0,39 | 10 | 0) -2,71 (1,4 | 5 | 0) -2,71 (1,81 | 5 | 0) -2,7 (182,97 | 1 | 0) 
P000625;-1,36;0,11;58;0,34;Sim/A/A02;-1,84;0,23;5;0,4
P000625;-1,36;0,11;58;0,34;Sim/A/A06;-1,23;0,23;5;0,2
P000625;-1,36;0,11;58;0,34;Sim/A/A07;-1,33;0,41;10;0,2
P000625;-1,36;0,11;58;0,34;Sim/B/B01;-1,07;0,29;10;0,3
P000625;-1,36;0,11;58;0,34;Sim/C/C01;-1,59;0,36;10;0,2
P000625;-1,36;0,11;58;0,34;Sim/C/C02;-0,77;0,24;5;0,4;Sim/A/A02 Sim/A/A04 Sim/B/B02 Sim/C/C01 ;-1,84 (0,23 | 5 | 0,4) -1,44 (0,25 | 4 | 0,25) -1,36 (3,41 | 1 | 0) -1,59 (0,36 | 10 | 0,2) 
P000626;1,42;0,14;49;0,73;Sim/B/B01;1,49;0,33;10;0,8
P000626;1,42;0,14;49;0,73;Sim/B/B02;1,34;0,44;10;0,5
P000626;1,42;0,14;49;0,73;Sim/B/B03;1,23;0,21;5;0,6
P000626;1,42;0,14;49;0,73;Sim/C/C03;1,48;0,37;9;1;Sim/A/A04 Sim/B/B02 Sim/B/B03 Sim/C/C04 Sim/C/C07 Sim/C/C10 ;0,99 (0,65 | 5 | 0,8) 1,34 (0,44 | 10 | 0,5) 1,23 (0,21 | 5 | 0,6) 1,42 (3,15 | 1 | 0) 1,42 (2,26 | 1 | 0) 1,42 (4,09 | 1 | 0) 
P000627;-1,79;0,14;54;0,28;Sim/A/A02;-1,81;0,22;6;0,33
P000627;-1,79;0,14;54;0,28;Sim/A/A05;-1,97;0,23;9;0,78
P000627;-1,79;0,14;54;0,28;Sim/A/A06;-1,59;0,36;10;0,2
P000627;-1,79;0,14;54;0,28;Sim/B/B01;-1,13;0,29;10;0,3;Sim/A/A02 Sim/A/A04 Sim/A/A05 Sim/C/C01 Sim/C/C02 ;-1,81 (0,22 | 6 | 0,33) -2,01 (0,54 | 7 | 0) -1,97 (0,23 | 9 | 0,78) -2,13 (0,72 | 6 | 0,17) -1,8 (1,66 | 1 | 0) 
P000628;3,78;0,09;66;0,58;Sim/C/C04;3,6;0,24;6;0,5
P000628;3,78;0,09;66;0,58;Sim/C/C08;3,86;0,28;10;0,2
P000628;3,78;0,09;66;0,58;Sim/C/C09;3,71;0,35;10;0,2
P000628;3,78;0,09;66;0,58;Sim/C/C10;3,77;0,24;5;0,6;Sim/B/B01 Sim/C/C04 Sim/C/C06 Sim/C/C07 Sim/C/C09 Sim/C/C10 ;2,86 (1,28 | 5 | 0,8) 3,6 (0,24 | 6 | 0,5) 3,6 (0,24 | 3 | 0,33) 3,4 (0,23 | 4 | 0,5) 3,71 (0,35 | 10 | 0,2) 3,77 (0,24 | 5 | 0,6) 
P000629;-0,41;0,08;63;0,52;Sim/A/A02;-0,64;0,24;9;0,56
P000629;-0,41;0,08;63;0,52;Sim/A/A04;-0,57;0,24;7;0,57
P000629;-0,41;0,08;63;0,52;Sim/A/A07;-0,01;0,28;10;0,7
P000629;-0,41;0,08;63;0,52;Sim/B/B01;-1,1;0,29;10;0,4
P000629;-0,41;0,08;63;0,52;Sim/B/B02;0,15;0,23;5;0,6
P000629;-0,41;0,08;63;0,52;Sim/C/C03;-0,07;0,28;10;0,4;Sim/A/A02 Sim/A/A04 Sim/A/A06 Sim/B/B01 Sim/C/C02 ;-0,64 (0,24 | 9 | 0,56) -0,57 (0,24 | 7 | 0,57) -0,74 (0,19 | 4 | 0,5) -1,1 (0,29 | 10 | 0,4) -0,46 (0,24 | 4 | 0,5) 
P000630;1,07;0,11;59;0,78;Sim/A/A02;0,83;0,39;10;0,9
P000630;1,07;0,11;59;0,78;Sim/B/B01;1,66;0,38;10;0,8
P000630;1,07;0,11;59;0,78;Sim/B/B02;0,87;0,29;10;0,6
P000630;1,07;0,11;59;0,78;Sim/C/C02;0,71;0,3;10;0,8
P000630;1,07;0,11;59;0,78;Sim/C/C03;1,22;0,27;10;0,8;Sim/A/A02 Sim/B/B02 Sim/B/B03 Sim/C/C02 ;0,83 (0,39 | 10 | 0,9) 0,87 (0,29 | 10 | 0,6) 0,9 (0,23 | 4 | 0,5) 0,71 (0,3 | 10 | 0,8) 
P000631;4,19;0,09;67;0,7;Sim/C/C04;4,08;0,24;10;0,6
P000631;4,19;0,09;67;0,7;Sim/C/C05;3,63;0,2;5;0,4
P000631;4,19;0,09;67;0,7;Sim/C/C06;4,4;0,23;8;0,88
P000631;4,19;0,09;67;0,7;Sim/C/C08;3,8;0,3;10;0,2
P000631;4,19;0,09;67;0,7;Sim/C/C10;4,38;0,32;10;0,9;Sim/C/C04 Sim/C/C05 Sim/C/C08 ;4,08 (0,24 | 10 | 0,6) 3,63 (0,2 | 5 | 0,4) 3,8 (0,3 | 10 | 0,2) 
P000632;-2,4;0,15;28;0,25;Sim/A/A02;-2,78;0,26;10;0,2
P000632;-2,4;0,15;28;0,25;Sim/A/A05;-1,99;0,25;7;0,71;Sim/A/A02 Sim/A/A06 Sim/B/B01 Sim/B/B02 ;-2,78 (0,26 | 10 | 0,2) -2,4 (1,13 | 5 | 0) -2,4 (1,21 | 5 | 0) -2,4 (73,48 | 1 | 0) 
P000633;-1,62;0,13;62;0,27;Sim/A/A02;-1,54;0,24;6;0,5
P000633;-1,62;0,13;62;0,27;Sim/A/A06;-1,63;0,38;10;0,2
P000633;-1,62;0,13;62;0,27;Sim/B/B01;-1,53;0,36;10;0,2
P000633;-1,62;0,13;62;0,27;Sim/B/B02;-0,89;0,48;10;0,1
P000633;-1,62;0,13;62;0,27;Sim/C/C01;-1,68;0,41;10;0,2;Sim/A/A04 Sim/A/A06 Sim/C/C01 Sim/C/C02 Sim/C/C03 ;-2,01 (0,54 | 7 | 0) -1,63 (0,38 | 10 | 0,2) -1,68 (0,41 | 10 | 0,2) -1,63 (1,57 | 1 | 0) -1,63 (1,42 | 1 | 0) 
P000634;-2,71;0,15;26;0,15;Sim/A/A02;-2,62;0,23;8;0,25
P000634;-2,71;0,15;26;0,15;Sim/A/A05;-2,75;0,19;7;0,29;Sim/A/A05 Sim/A/A06 Sim/B/B01 Sim/B/B02 ;-2,75 (0,19 | 7 | 0,29) -2,72 (1,41 | 5 | 0) -2,72 (1,74 | 5 | 0) -2,71 (188,22 | 1 | 0) 
P000635;0,7;0,11;56;0,75;Sim/A/A02;0,83;0,39;10;0,9
P000635;0,7;0,11;56;0,75;Sim/A/A04;0,68;0,38;10;0,8
P000635;0,7;0,11;56;0,75;Sim/B/B01;1,32;0,28;10;0,7
P000635;0,7;0,11;56;0,75;Sim/C/C02;0,81;0,3;10;0,8;Sim/A/A04 Sim/B/B02 Sim/B/B03 Sim/C/C03 ;0,68 (0,38 | 10 | 0,8) 0,29 (0,23 | 4 | 0,5) 0,66 (0,24 | 4 | 0,5) 0,38 (0,24 | 3 | 0,33) 
P000636;4,21;0,09;66;0,67;Sim/C/C04;4,39;0,26;10;0,7
P000636;4,21;0,09;66;0,67;Sim/C/C05;4,48;0,47;10;0,8
P000636;4,21;0,09;66;0,67;Sim/C/C06;4,28;0,21;5;1
P000636;4,21;0,09;66;0,67;Sim/C/C08;3,91;0,28;10;0,2
P000636;4,21;0,09;66;0,67;Sim/C/C09;4,2;0,23;5;0,2
P000636;4,21;0,09;66;0,67;Sim/C/C10;4,05;0,24;7;0,71;Sim/B/B02 Sim/C/C07 Sim/C/C08 Sim/C/C09 Sim/C/C10 ;4,03 (1,72 | 5 | 0,8) 3,87 (0,23 | 4 | 0,5) 3,91 (0,28 | 10 | 0,2) 4,2 (0,23 | 5 | 0,2) 4,05 (0,24 | 7 | 0,71) 
P000637;3,69;0,09;67;0,54;Sim/B/B04;3,91;0,36;10;0,9
P000637;3,69;0,09;67;0,54;Sim/C/C04;3,76;0,25;6;0,5
P000637;3,69;0,09;67;0,54;Sim/C/C08;3,65;0,37;10;0
P000637;3,69;0,09;67;0,54;Sim/C/C09;3,84;0,29;10;0,2
P000637;3,69;0,09;67;0,54;Sim/C/C10;3,76;0,24;5;0,6;Sim/B/B02 Sim/C/C05 Sim/C/C06 Sim/C/C08 ;3,3 (0,83 | 5 | 0,8) 3,54 (0,22 | 4 | 0,5) 3,6 (0,24 | 3 | 0) 3,65 (0,37 | 10 | 0) 
P000638;3,48;0,09;59;0,56;Sim/C/C04;3,78;0,25;6;0,5
P000638;3,48;0,09;59;0,56;Sim/C/C06;3,23;0,31;10;0
P000638;3,48;0,09;59;0,56;Sim/C/C07;4,36;0,35;10;0,8;Sim/B/B02 Sim/C/C05 Sim/C/C06 Sim/C/C10 ;3,26 (0,79 | 5 | 0,8) 3,32 (0,22 | 4 | 0,5) 3,23 (0,31 | 10 | 0) 2,05 (1,01 | 7 | 0) 
P000639;-4,66;0,18;31;0,1;Sim/A/A01;-4,44;0,23;5;0,4;Sim/A/A03 Sim/A/A06 Sim/B/B01 Sim/B/B02 ;-5,14 (0,56 | 10 | 0,1) -4,66 (3,65 | 5 | 0) -4,66 (5,5 | 5 | 0) -4,66 (60798,27 | 1 | 0) 
P000640;3,87;0,09;65;0,55;Sim/C/C04;3,76;0,25;6;0,5
P000640;3,87;0,09;65;0,55;Sim/C/C05;3,82;0,22;6;0,67
P000640;3,87;0,09;65;0,55;Sim/C/C06;4,07;0,17;5;0,6
P000640;3,87;0,09;65;0,55;Sim/C/C08;4,05;0,23;9;0,22
P000640;3,87;0,09;65;0,55;Sim/C/C09;4,01;0,23;10;0,2
P000640;3,87;0,09;65;0,55;Sim/C/C10;3,8;0,23;5;0,6;Sim/B/B01 Sim/B/B02 Sim/B/B04 Sim/C/C04 Sim/C/C05 Sim/C/C10 ;2,02 (0,55 | 7 | 0,86) 3,26 (0,79 | 5 | 0,8) 3 (0,23 | 4 | 0,5) 3,76 (0,25 | 6 | 0,5) 3,82 (0,22 | 6 | 0,67) 3,8 (0,23 | 5 | 0,6) 
P000641;-2,41;0,14;31;0,26;Sim/A/A02;-2,87;0,28;10;0,1
P000641;-2,41;0,14;31;0,26;Sim/A/A05;-2,02;0,22;10;0,7;Sim/A/A02 Sim/A/A06 Sim/B/B01 Sim/B/B02 ;-2,87 (0,28 | 10 | 0,1) -2,41 (1,14 | 5 | 0) -2,41 (1,22 | 5 | 0) -2,41 (75,63 | 1 | 0) 
P000642;3,35;0,1;61;0,48;Sim/B/B01;1,53;0,34;10;0,8
P000642;3,35;0,1;61;0,48;Sim/C/C04;3,6;0,24;6;0,5
P000642;3,35;0,1;61;0,48;Sim/C/C05;3;0,21;7;0,29
P000642;3,35;0,1;61;0,48;Sim/C/C07;3,85;0,19;5;0,6;Sim/B/B01 Sim/B/B02 Sim/B/B03 Sim/C/C05 Sim/C/C06 Sim/C/C08 Sim/C/C09 ;1,53 (0,34 | 10 | 0,8) 2,98 (0,51 | 6 | 0,67) 2,23 (0,89 | 5 | 0,8) 3 (0,21 | 7 | 0,29) 3,34 (0,36 | 3 | 0) 3,32 (0,61 | 6 | 0,17) 3,35 (0,7 | 5 | 0) 
P000643;-5,27;0,69;21;0;;;;;;;
P000644;-0,46;0,08;66;0,5;Sim/A/A02;-0,64;0,24;7;0,57
P000644;-0,46;0,08;66;0,5;Sim/A/A04;-0,33;0,25;6;0,5
P000644;-0,46;0,08;66;0,5;Sim/A/A06;-0,23;0,32;10;0,9
P000644;-0,46;0,08;66;0,5;Sim/A/A07;-0,71;0,19;5;0,4
P000644;-0,46;0,08;66;0,5;Sim/B/B01;-0,65;0,26;10;0,5
P000644;-0,46;0,08;66;0,5;Sim/B/B02;-0,36;0,21;9;0,22
P000644;-0,46;0,08;66;0,5;Sim/C/C02;-0,27;0,23;5;0,4
P000644;-0,46;0,08;66;0,5;Sim/C/C03;-0,04;0,27;10;0,4;Sim/A/A02 Sim/A/A07 Sim/B/B01 Sim/C/C01 ;-0,64 (0,24 | 7 | 0,57) -0,71 (0,19 | 5 | 0,4) -0,65 (0,26 | 10 | 0,5) -0,57 (0,22 | 4 | 0,5) 
P000645;3,61;0,09;76;0,54;Sim/B/B04;3,91;0,36;10;0,9
P000645;3,61;0,09;76;0,54;Sim/C/C04;3,83;0,25;7;0,57
P000645;3,61;0,09;76;0,54;Sim/C/C05;4,28;0,34;10;0,7
P000645;3,61;0,09;76;0,54;Sim/C/C06;3,57;0,22;5;0,2
P000645;3,61;0,09;76;0,54;Sim/C/C07;3,07;0,24;5;0,4
P000645;3,61;0,09;76;0,54;Sim/C/C09;3,96;0,25;10;0,3
P000645;3,61;0,09;76;0,54;Sim/C/C10;3,04;0,23;5;0,2;Sim/B/B01 Sim/B/B02 Sim/C/C06 Sim/C/C07 Sim/C/C08 Sim/C/C10 ;2,86 (1,28 | 5 | 0,8) 3,3 (0,83 | 5 | 0,8) 3,57 (0,22 | 5 | 0,2) 3,07 (0,24 | 5 | 0,4) 3,39 (0,52 | 9 | 0,11) 3,04 (0,23 | 5 | 0,2) 
P000646;-2,94;0,16;42;0,38;Sim/A/A01;-2,91;0,39;10;0,8
P000646;-2,94;0,16;42;0,38;Sim/A/A02;-3,1;0,39;10;0
P000646;-2,94;0,16;42;0,38;Sim/A/A05;-2,9;0,23;5;0,4;Sim/A/A02 Sim/B/B01 Sim/B/B02 ;-3,1 (0,39 | 10 | 0) -2,95 (2,47 | 5 | 0) -2,94 (373,6 | 1 | 0) 
P000647;0,67;0,1;58;0,62;Sim/A/A02;1,09;0,38;10;1
P000647;0,67;0,1;58;0,62;Sim/A/A04;0,24;0,24;6;0,67
P000647;0,67;0,1;58;0,62;Sim/B/B01;0,46;0,3;10;0,5
P000647;0,67;0,1;58;0,62;Sim/B/B02;0,8;0,26;10;0,5
P000647;0,67;0,1;58;0,62;Sim/B/B03;0,7;0,2;6;0,5
P000647;0,67;0,1;58;0,62;Sim/C/C02;0,33;0,28;10;0,6
P000647;0,67;0,1;58;0,62;Sim/C/C03;0,77;0,21;6;0,5;Sim/A/A04 Sim/B/B01 Sim/C/C02 ;0,24 (0,24 | 6 | 0,67) 0,46 (0,3 | 10 | 0,5) 0,33 (0,28 | 10 | 0,6) 
P000648;-2,34;0,15;27;0,3;Sim/A/A02;-2,61;0,23;8;0,25
P000648;-2,34;0,15;27;0,3;Sim/A/A05;-2,08;0,21;9;0,67;Sim/A/A02 Sim/A/A06 Sim/B/B01 ;-2,61 (0,23 | 8 | 0,25) -2,35 (1,02 | 5 | 0) -2,35 (1,05 | 5 | 0) 
P000649;-3,84;0,15;28;0,29;Sim/A/A01;-3,79;0,24;5;0,6
P000649;-3,84;0,15;28;0,29;Sim/A/A03;-3,87;0,2;7;0,57;Sim/A/A02 Sim/A/A03 Sim/A/A06 Sim/B/B02 ;-3,85 (1,64 | 5 | 0) -3,87 (0,2 | 7 | 0,57) -3,85 (2,75 | 5 | 0) -3,84 (5277,33 | 1 | 0) 
P000650;-0,6;0,08;64;0,33;Sim/A/A02;-0,09;0,3;10;0,7
P000650;-0,6;0,08;64;0,33;Sim/A/A07;-0,98;0,24;6;0
P000650;-0,6;0,08;64;0,33;Sim/B/B01;0,5;0,3;10;0,5
P000650;-0,6;0,08;64;0,33;Sim/B/B02;-0,58;0,27;10;0
P000650;-0,6;0,08;64;0,33;Sim/B/B03;0,6;0,24;5;0,2
P000650;-0,6;0,08;64;0,33;Sim/C/C01;-0,66;0,22;5;0,4;Sim/A/A04 Sim/A/A06 Sim/A/A07 Sim/C/C01 Sim/C/C03 ;-1,1 (0,24 | 4 | 0,25) -0,69 (0,23 | 3 | 0,67) -0,98 (0,24 | 6 | 0) -0,66 (0,22 | 5 | 0,4) -1,02 (0,53 | 7 | 0,14) 
P000651;-0,66;0,08;61;0,41;Sim/A/A02;-0,89;0,24;6;0,5
P000651;-0,66;0,08;61;0,41;Sim/A/A04;-0,71;0,24;5;0,6
P000651;-0,66;0,08;61;0,41;Sim/A/A06;-0,54;0,23;5;0,6
P000651;-0,66;0,08;61;0,41;Sim/A/A07;-0,71;0,19;5;0,4
P000651;-0,66;0,08;61;0,41;Sim/B/B01;-0,79;0,27;10;0,4
P000651;-0,66;0,08;61;0,41;Sim/B/B02;-0,55;0,25;10;0,1
P000651;-0,66;0,08;61;0,41;Sim/C/C01;-0,66;0,18;6;0,5
P000651;-0,66;0,08;61;0,41;Sim/C/C03;-0,33;0,32;10;0,4;Sim/A/A02 Sim/A/A04 Sim/A/A07 Sim/B/B01 Sim/C/C01 ;-0,89 (0,24 | 6 | 0,5) -0,71 (0,24 | 5 | 0,6) -0,71 (0,19 | 5 | 0,4) -0,79 (0,27 | 10 | 0,4) -0,66 (0,18 | 6 | 0,5) 
P000652;-5,27;0,69;21;0;;;;;;;
P000653;-2,53;0,14;43;0,42;Sim/A/A02;-3,01;0,34;10;0,1
P000653;-2,53;0,14;43;0,42;Sim/A/A05;-2,54;0,19;7;0,57
P000653;-2,53;0,14;43;0,42;Sim/B/B01;-1,28;0,3;10;0,3;Sim/A/A02 Sim/A/A05 Sim/A/A06 Sim/B/B02 ;-3,01 (0,34 | 10 | 0,1) -2,54 (0,19 | 7 | 0,57) -2,65 (1,34 | 5 | 0) -2,53 (110,36 | 1 | 0) 
P000654;0,6;0,1;61;0,72;Sim/A/A02;0,83;0,39;10;0,9
P000654;0,6;0,1;61;0,72;Sim/A/A07;0,37;0,43;10;0,9
P000654;0,6;0,1;61;0,72;Sim/B/B01;0,61;0,29;10;0,5
P000654;0,6;0,1;61;0,72;Sim/B/B03;0,55;0,24;5;0,4
P000654;0,6;0,1;61;0,72;Sim/C/C02;0,85;0,3;10;0,8;Sim/A/A04 Sim/A/A07 Sim/B/B02 Sim/B/B03 ;0,24 (0,24 | 4 | 0,75) 0,37 (0,43 | 10 | 0,9) 0,51 (0,25 | 4 | 0,5) 0,55 (0,24 | 5 | 0,4) 
P000655;1,69;0,2;42;0,45;Sim/B/B01;1,07;0,24;7;0,57
P000655;1,69;0,2;42;0,45;Sim/B/B03;1,23;0,21;5;0,6
P000655;1,69;0,2;42;0,45;Sim/C/C07;2,46;0,4;10;0,2;Sim/B/B01 Sim/B/B03 ;1,07 (0,24 | 7 | 0,57) 1,23 (0,21 | 5 | 0,6) 
P000656;-0,5;0,08;60;0,45;Sim/A/A02;-0,46;0,25;8;0,63
P000656;-0,5;0,08;60;0,45;Sim/A/A06;-0,47;0,25;5;1
P000656;-0,5;0,08;60;0,45;Sim/B/B01;-0,68;0,26;10;0,5
P000656;-0,5;0,08;60;0,45;Sim/B/B02;-0,89;0,48;10;0,1
P000656;-0,5;0,08;60;0,45;Sim/C/C01;-0,36;0,22;5;0,6
P000656;-0,5;0,08;60;0,45;Sim/C/C03;-0,36;0,32;10;0,3;Sim/A/A07 Sim/B/B01 Sim/B/B02 ;-0,85 (0,23 | 4 | 0,25) -0,68 (0,26 | 10 | 0,5) -0,89 (0,48 | 10 | 0,1) 
P000657;2;0,2;41;0,51;Sim/B/B02;2,13;0,29;10;0,5
P000657;2;0,2;41;0,51;Sim/B/B03;1,57;0,26;10;0,6
P000657;2;0,2;41;0,51;Sim/B/B04;2,18;0,41;10;0,2;Sim/B/B03 Sim/C/C04 Sim/C/C07 Sim/C/C10 ;1,57 (0,26 | 10 | 0,6) 2 (1,41 | 1 | 0) 1,99 (1,3 | 1 | 0) 2 (1,65 | 1 | 0) 
P000658;3,38;0,09;45;0,64;Sim/B/B04;3,32;0,2;8;0,5
P000658;3,38;0,09;45;0,64;Sim/C/C04;3,5;0,25;7;0,57;Sim/B/B01 Sim/B/B04 Sim/C/C05 Sim/C/C07 ;2,39 (0,78 | 5 | 0,8) 3,32 (0,2 | 8 | 0,5) 3,32 (0,22 | 4 | 0,5) 3,14 (0,24 | 4 | 0,5) 
P000659;1,07;0,11;56;0,68;Sim/A/A02;1,09;0,38;10;0,9
P000659;1,07;0,11;56;0,68;Sim/B/B01;1,12;0,25;7;0,57
P000659;1,07;0,11;56;0,68;Sim/B/B02;1,75;0,36;10;0,5
P000659;1,07;0,11;56;0,68;Sim/C/C02;1,1;0,34;10;0,8
P000659;1,07;0,11;56;0,68;Sim/C/C03;1,17;0,26;10;0,8;Sim/B/B03 Sim/C/C04 Sim/C/C07 ;0,67 (0,24 | 4 | 0,25) 1,07 (3,22 | 1 | 0) 1,07 (3,29 | 1 | 0) 
P000660;-1,28;0,1;63;0,35;Sim/A/A02;-1,54;0,24;6;0,5
P000660;-1,28;0,1;63;0,35;Sim/A/A04;-1,24;0,19;5;0,4
P000660;-1,28;0,1;63;0,35;Sim/A/A07;-1,33;0,41;10;0,2
P000660;-1,28;0,1;63;0,35;Sim/B/B01;-0,6;0,26;10;0,5
P000660;-1,28;0,1;63;0,35;Sim/C/C01;-1,08;0,23;6;0,5;Sim/A/A02 Sim/A/A05 Sim/A/A06 Sim/A/A07 Sim/B/B02 Sim/C/C02 ;-1,54 (0,24 | 6 | 0,5) -1,38 (0,58 | 7 | 0,86) -1,92 (0,65 | 7 | 0) -1,33 (0,41 | 10 | 0,2) -1,28 (1,08 | 6 | 0) -1,76 (0,94 | 6 | 0,17) 
P000661;-3,28;0,19;42;0,38;Sim/A/A01;-3,09;0,33;10;0,7
P000661;-3,28;0,19;42;0,38;Sim/A/A03;-3,06;0,47;10;0,9;Sim/A/A02 Sim/A/A05 Sim/A/A06 Sim/B/B01 Sim/B/B02 ;-3,3 (0,61 | 5 | 0) -3,92 (1,05 | 6 | 0) -3,28 (2,03 | 5 | 0) -3,28 (3,31 | 5 | 0) -3,28 (1009,08 | 1 | 0) 
P000662;-0,69;0,08;61;0,39;Sim/A/A02;-0,34;0,25;10;0,6
P000662;-0,69;0,08;61;0,39;Sim/A/A04;-0,73;0,23;6;0,5
P000662;-0,69;0,08;61;0,39;Sim/A/A06;-0,53;0,22;8;0,75
P000662;-0,69;0,08;61;0,39;Sim/B/B01;-0,17;0,24;6;0,67
P000662;-0,69;0,08;61;0,39;Sim/B/B02;-0,89;0,48;10;0,1
P000662;-0,69;0,08;61;0,39;Sim/C/C01;-0,75;0,2;7;0,29;Sim/A/A04 Sim/A/A07 Sim/B/B02 Sim/C/C01 Sim/C/C02 Sim/C/C03 ;-0,73 (0,23 | 6 | 0,5) -1,62 (0,98 | 5 | 0) -0,89 (0,48 | 10 | 0,1) -0,75 (0,2 | 7 | 0,29) -0,78 (0,25 | 4 | 0,25) -1,89 (1,27 | 5 | 0,2) 
P000663;2,17;0,21;32;0,53;Sim/B/B02;2,25;0,3;10;0,5;Sim/B/B04 Sim/C/C04 Sim/C/C07 Sim/C/C10 ;1,86 (0,78 | 6 | 0) 2,16 (1,15 | 1 | 0) 2,15 (1,14 | 1 | 0) 2,16 (1,29 | 1 | 0) 
P000664;-1,22;0,1;50;0,24;Sim/A/A02;-0,9;0,24;6;0,5
P000664;-1,22;0,1;50;0,24;Sim/B/B01;-1,09;0,29;10;0,4;Sim/A/A04 Sim/A/A06 Sim/A/A07 Sim/B/B02 Sim/C/C02 Sim/C/C03 ;-1,44 (0,25 | 4 | 0,25) -1,93 (0,65 | 8 | 0) -1,7 (0,99 | 6 | 0,17) -1,22 (2,22 | 1 | 0) -1,44 (0,6 | 6 | 0,17) -1,89 (1,27 | 5 | 0) 
P000665;2,02;0,19;65;0,63;Sim/B/B02;2,5;0,34;10;0,9
P000665;2,02;0,19;65;0,63;Sim/B/B03;1,63;0,28;10;0,8
P000665;2,02;0,19;65;0,63;Sim/B/B04;2,38;0,29;10;0,2
P000665;2,02;0,19;65;0,63;Sim/C/C02;1,02;0,32;10;0,8;Sim/B/B03 Sim/C/C02 Sim/C/C04 Sim/C/C07 ;1,63 (0,28 | 10 | 0,8) 1,02 (0,32 | 10 | 0,8) 1,99 (0,77 | 5 | 0) 2 (0,81 | 5 | 0) 
P000666;-4,9;0,25;31;0,03;Sim/A/A01;-4,66;0,25;5;0,2;Sim/A/A03 Sim/A/A06 Sim/B/B01 Sim/B/B02 ;-5,53 (0,91 | 10 | 0) -4,9 (3,9 | 5 | 0) -4,9 (5,86 | 5 | 0) -4,9 (124482,79 | 1 | 0) 
P000667;2,22;0,2;44;0,55;Sim/B/B01;1,43;0,31;10;0,7
P000667;2,22;0,2;44;0,55;Sim/B/B02;2,44;0,33;10;0,7
P000667;2,22;0,2;44;0,55;Sim/B/B04;2,58;0,24;6;0,33;Sim/B/B01 Sim/C/C04 Sim/C/C07 ;1,43 (0,31 | 10 | 0,7) 2,05 (0,73 | 5 | 0) 2,18 (0,66 | 5 | 0) 
P000668;3,95;0,09;64;0,63;Sim/C/C04;4,19;0,25;10;0,5
P000668;3,95;0,09;64;0,63;Sim/C/C06;3,88;0,18;5;0,4
P000668;3,95;0,09;64;0,63;Sim/C/C07;3,9;0,18;9;0,56
P000668;3,95;0,09;64;0,63;Sim/C/C08;4,15;0,24;5;0,4
P000668;3,95;0,09;64;0,63;Sim/C/C09;4,29;0,21;5;0,4
P000668;3,95;0,09;64;0,63;Sim/C/C10;3,8;0,23;5;0,6;Sim/B/B01 Sim/C/C05 Sim/C/C06 Sim/C/C07 Sim/C/C10 ;2,86 (1,28 | 5 | 0,8) 3,51 (0,22 | 4 | 0,5) 3,88 (0,18 | 5 | 0,4) 3,9 (0,18 | 9 | 0,56) 3,8 (0,23 | 5 | 0,6) 
P000669;-0,77;0,08;70;0,36;Sim/A/A02;-1,08;0,23;6;0,33
P000669;-0,77;0,08;70;0,36;Sim/A/A04;-0,73;0,24;5;0,6
P000669;-0,77;0,08;70;0,36;Sim/A/A06;-1,17;0,22;6;0,17
P000669;-0,77;0,08;70;0,36;Sim/B/B01;-0,7;0,26;10;0,4
P000669;-0,77;0,08;70;0,36;Sim/B/B02;-0,88;0,48;10;0
P000669;-0,77;0,08;70;0,36;Sim/C/C01;-1,06;0,23;5;0,4
P000669;-0,77;0,08;70;0,36;Sim/C/C02;-1,02;0,29;10;0,3
P000669;-0,77;0,08;70;0,36;Sim/C/C03;-0,27;0,32;10;0,2;Sim/A/A02 Sim/A/A06 Sim/B/B02 Sim/C/C01 Sim/C/C02 ;-1,08 (0,23 | 6 | 0,33) -1,17 (0,22 | 6 | 0,17) -0,88 (0,48 | 10 | 0) -1,06 (0,23 | 5 | 0,4) -1,02 (0,29 | 10 | 0,3) 
P000670;0,18;0,1;56;0,5;Sim/A/A02;0,24;0,34;10;0,8
P000670;0,18;0,1;56;0,5;Sim/B/B01;0,44;0,3;10;0,5
P000670;0,18;0,1;56;0,5;Sim/B/B02;-0,46;0,25;6;0,17
P000670;0,18;0,1;56;0,5;Sim/B/B03;0,15;0,35;9;0
P000670;0,18;0,1;56;0,5;Sim/C/C02;-0,12;0,25;6;0,5
P000670;0,18;0,1;56;0,5;Sim/C/C03;0,77;0,21;6;0,5;Sim/A/A04 Sim/B/B02 Sim/B/B03 Sim/C/C02 ;0,17 (0,24 | 3 | 0,67) -0,46 (0,25 | 6 | 0,17) 0,15 (0,35 | 9 | 0) -0,12 (0,25 | 6 | 0,5) 
P000671;3,85;0,09;63;0,63;Sim/B/B04;3,89;0,35;10;0,8
P000671;3,85;0,09;63;0,63;Sim/C/C04;3,6;0,24;6;0,5
P000671;3,85;0,09;63;0,63;Sim/C/C06;3,88;0,18;5;0,4
P000671;3,85;0,09;63;0,63;Sim/C/C08;4,15;0,24;5;0,4
P000671;3,85;0,09;63;0,63;Sim/C/C09;4,14;0,22;7;0,29
P000671;3,85;0,09;63;0,63;Sim/C/C10;3,73;0,19;6;0,67;Sim/B/B02 Sim/C/C04 Sim/C/C07 Sim/C/C10 ;2,98 (0,51 | 6 | 0,67) 3,6 (0,24 | 6 | 0,5) 3,77 (0,2 | 4 | 0,5) 3,73 (0,19 | 6 | 0,67) 
P000672;2,95;0,1;62;0,52;Sim/B/B02;2,57;0,35;10;0,8
P000672;2,95;0,1;62;0,52;Sim/B/B03;1,76;0,33;10;0,8
P000672;2,95;0,1;62;0,52;Sim/B/B04;3,04;0,18;7;0,43
P000672;2,95;0,1;62;0,52;Sim/C/C04;2,66;0,38;10;0,3;Sim/B/B02 Sim/B/B03 Sim/C/C04 Sim/C/C05 Sim/C/C07 ;2,57 (0,35 | 10 | 0,8) 1,76 (0,33 | 10 | 0,8) 2,66 (0,38 | 10 | 0,3) 2,18 (0,88 | 7 | 0,14) 2,1 (0,83 | 5 | 0) 
P000673;-2,53;0,15;37;0,35;Sim/A/A02;-3,1;0,39;10;0,1
P000673;-2,53;0,15;37;0,35;Sim/A/A05;-2,34;0,22;5;0,6
P000673;-2,53;0,15;37;0,35;Sim/A/A06;-1,56;0,34;10;0,3;Sim/A/A02 Sim/B/B01 Sim/B/B02 ;-3,1 (0,39 | 10 | 0,1) -2,53 (1,43 | 5 | 0) -2,53 (107,9 | 1 | 0) 
P000674;0,16;0,09;87;0,57;Sim/A/A02;-0,72;0,25;8;0,5
P000674;0,16;0,09;87;0,57;Sim/A/A06;-0,27;0,3;10;0,7
P000674;0,16;0,09;87;0,57;Sim/A/A07;0,31;0,4;10;0,8
P000674;0,16;0,09;87;0,57;Sim/B/B01;-0,09;0,24;6;0,5
P000674;0,16;0,09;87;0,57;Sim/B/B02;0,97;0,33;10;0,6
P000674;0,16;0,09;87;0,57;Sim/B/B03;0,12;0,35;10;0,1
P000674;0,16;0,09;87;0,57;Sim/C/C01;0,66;0,48;10;0,9
P000674;0,16;0,09;87;0,57;Sim/C/C02;0,12;0,25;10;0,5
P000674;0,16;0,09;87;0,57;Sim/C/C03;0,13;0,23;9;0,44;Sim/A/A02 Sim/A/A06 Sim/B/B01 Sim/B/B03 Sim/C/C02 Sim/C/C03 ;-0,72 (0,25 | 8 | 0,5) -0,27 (0,3 | 10 | 0,7) -0,09 (0,24 | 6 | 0,5) 0,12 (0,35 | 10 | 0,1) 0,12 (0,25 | 10 | 0,5) 0,13 (0,23 | 9 | 0,44) 
P000675;-3,59;0,19;31;0,42;Sim/A/A01;-3,79;0,24;5;0,6
P000675;-3,59;0,19;31;0,42;Sim/A/A03;-3,17;0,43;10;0,9;Sim/A/A01 Sim/A/A02 Sim/A/A06 Sim/B/B02 ;-3,79 (0,24 | 5 | 0,6) -3,61 (1,1 | 5 | 0) -3,61 (2,48 | 5 | 0) -3,59 (2511,82 | 1 | 0) 
P000676;-1,98;0,16;23;0,39;Sim/A/A02;-2,2;0,24;6;0,5;Sim/A/A02 Sim/B/B01 ;-2,2 (0,24 | 6 | 0,5) -2 (0,66 | 5 | 0) 
P000677;-1,39;0,11;61;0,3;Sim/A/A07;-1,23;0,34;10;0,3
P000677;-1,39;0,11;61;0,3;Sim/B/B01;-1,35;0,31;10;0,2
P000677;-1,39;0,11;61;0,3;Sim/C/C01;-1,35;0,27;10;0,2
P000677;-1,39;0,11;61;0,3;Sim/C/C02;-1,27;0,42;10;0,3;Sim/A/A04 Sim/A/A06 ;-1,44 (0,25 | 4 | 0,25) -1,92 (0,65 | 7 | 0) 
P000678;0,44;0,1;74;0,61;Sim/A/A02;-0,32;0,26;10;0,6
P000678;0,44;0,1;74;0,61;Sim/B/B01;0,79;0,26;10;0,5
P000678;0,44;0,1;74;0,61;Sim/B/B02;-0,47;0,26;10;0,1
P000678;0,44;0,1;74;0,61;Sim/B/B03;1,44;0,23;9;0,67
P000678;0,44;0,1;74;0,61;Sim/C/C02;0,39;0,29;10;0,6;Sim/A/A02 Sim/B/B02 Sim/C/C02 Sim/C/C03 ;-0,32 (0,26 | 10 | 0,6) -0,47 (0,26 | 10 | 0,1) 0,39 (0,29 | 10 | 0,6) 0,36 (0,24 | 4 | 0,25) 
P000679;5,97;0,77;41;1;;;;;;;
P000680;-1,27;0,11;44;0,27;Sim/A/A02;-1,54;0,24;6;0,5
P000680;-1,27;0,11;44;0,27;Sim/A/A06;-1,23;0,23;5;0,2
P000680;-1,27;0,11;44;0,27;Sim/B/B01;-1,16;0,29;10;0,3
P000680;-1,27;0,11;44;0,27;Sim/C/C01;-1,73;0,44;10;0,1;Sim/A/A02 Sim/B/B02 Sim/C/C01 Sim/C/C02 ;-1,54 (0,24 | 6 | 0,5) -1,27 (2,63 | 1 | 0) -1,73 (0,44 | 10 | 0,1) -1,76 (1,01 | 5 | 0,2) 
P000681;0,51;0,09;77;0,65;Sim/A/A02;0,24;0,34;10;0,8
P000681;0,51;0,09;77;0,65;Sim/A/A04;0,68;0,38;10;0,8
P000681;0,51;0,09;77;0,65;Sim/B/B01;0,54;0,3;10;0,5
P000681;0,51;0,09;77;0,65;Sim/B/B02;0,85;0,28;10;0,6
P000681;0,51;0,09;77;0,65;Sim/B/B03;0,53;0,23;6;0,33
P000681;0,51;0,09;77;0,65;Sim/C/C01;0,21;0,28;10;0,8
P000681;0,51;0,09;77;0,65;Sim/C/C02;0,49;0,29;10;0,6;Sim/A/A02 Sim/C/C01 Sim/C/C02 Sim/C/C03 ;0,24 (0,34 | 10 | 0,8) 0,21 (0,28 | 10 | 0,8) 0,49 (0,29 | 10 | 0,6) 0,35 (0,22 | 4 | 0,25) 
P000682;0,91;0,11;55;0,71;Sim/A/A02;0,83;0,39;10;0,9
P000682;0,91;0,11;55;0,71;Sim/A/A04;0,68;0,38;10;0,8
P000682;0,91;0,11;55;0,71;Sim/B/B01;0,43;0,3;10;0,5
P000682;0,91;0,11;55;0,71;Sim/B/B02;1,75;0,36;10;0,6
P000682;0,91;0,11;55;0,71;Sim/C/C03;0,98;0,25;6;0,67;Sim/A/A02 Sim/A/A04 Sim/B/B01 Sim/B/B03 ;0,83 (0,39 | 10 | 0,9) 0,68 (0,38 | 10 | 0,8) 0,43 (0,3 | 10 | 0,5) 0,73 (0,24 | 3 | 0,33) 
P000683;-0,22;0,09;60;0,57;Sim/A/A02;-0,32;0,26;10;0,6
P000683;-0,22;0,09;60;0,57;Sim/B/B01;-0,37;0,25;6;0,5
P000683;-0,22;0,09;60;0,57;Sim/B/B02;-0,01;0,23;5;0,4
P000683;-0,22;0,09;60;0,57;Sim/C/C01;-0,01;0,23;7;0,57
P000683;-0,22;0,09;60;0,57;Sim/C/C02;-0,76;0,22;8;0,38;Sim/A/A02 Sim/B/B01 Sim/C/C02 Sim/C/C03 ;-0,32 (0,26 | 10 | 0,6) -0,37 (0,25 | 6 | 0,5) -0,76 (0,22 | 8 | 0,38) -1,01 (0,53 | 7 | 0,14) 
P000684;5,32;0,24;46;0,93;Sim/C/C08;5,41;0,38;6;1
P000684;5,32;0,24;46;0,93;Sim/C/C09;5,01;0,25;10;0,8;Sim/B/B02 Sim/C/C09 ;4,03 (1,72 | 5 | 0,8) 5,01 (0,25 | 10 | 0,8) 
P000685;-4,02;0,16;31;0,29;Sim/A/A01;-3,43;0,27;10;0,7
P000685;-4,02;0,16;31;0,29;Sim/A/A03;-4,45;0,22;5;0,2;Sim/A/A02 Sim/A/A03 Sim/B/B01 Sim/B/B02 ;-4,02 (2,12 | 5 | 0) -4,45 (0,22 | 5 | 0,2) -4,02 (4,61 | 5 | 0) -4,02 (9141,62 | 1 | 0) 
P000686;-3,38;0,18;46;0,33;Sim/A/A01;-3,36;0,26;10;0,6
P000686;-3,38;0,18;46;0,33;Sim/A/A03;-3,32;0,36;10;0,7
P000686;-3,38;0,18;46;0,33;Sim/A/A05;-3,4;0,41;10;0,2;Sim/A/A02 Sim/A/A05 Sim/A/A06 Sim/B/B01 Sim/B/B02 ;-3,39 (0,73 | 5 | 0) -3,4 (0,41 | 10 | 0,2) -3,38 (2,17 | 5 | 0) -3,38 (3,58 | 5 | 0) -3,38 (1355,47 | 1 | 0) 
P000687;3,14;0,1;48;0,56;Sim/C/C04;2,89;0,33;10;0,4
P000687;3,14;0,1;48;0,56;Sim/C/C07;2,97;0,23;9;0,44
P000687;3,14;0,1;48;0,56;Sim/C/C10;3,33;0,18;5;0,6;Sim/B/B02 Sim/B/B04 Sim/C/C04 Sim/C/C07 ;3,01 (0,56 | 5 | 0,6) 2,84 (0,23 | 3 | 0,33) 2,89 (0,33 | 10 | 0,4) 2,97 (0,23 | 9 | 0,44) 
P000688;0,55;0,09;75;0,61;Sim/A/A02;-0,1;0,3;10;0,7
P000688;0,55;0,09;75;0,61;Sim/A/A07;-0,07;0,26;10;0,7
P000688;0,55;0,09;75;0,61;Sim/B/B01;0,43;0,3;10;0,5
P000688;0,55;0,09;75;0,61;Sim/B/B02;0,56;0,23;5;0,6
P000688;0,55;0,09;75;0,61;Sim/B/B03;0,13;0,35;10;0,1
P000688;0,55;0,09;75;0,61;Sim/C/C02;0,05;0,24;10;0,4
P000688;0,55;0,09;75;0,61;Sim/C/C03;1,41;0,33;10;1;Sim/A/A02 Sim/A/A07 Sim/B/B01 Sim/B/B03 Sim/C/C02 ;-0,1 (0,3 | 10 | 0,7) -0,07 (0,26 | 10 | 0,7) 0,43 (0,3 | 10 | 0,5) 0,13 (0,35 | 10 | 0,1) 0,05 (0,24 | 10 | 0,4) 
P000689;2,08;0,21;31;0,58;Sim/B/B02;1,96;0,31;10;0,5;Sim/B/B02 Sim/B/B04 Sim/C/C04 Sim/C/C07 Sim/C/C10 ;1,96 (0,31 | 10 | 0,5) 1,9 (0,79 | 5 | 0) 2,07 (1,29 | 1 | 0) 2,06 (1,23 | 1 | 0) 2,07 (1,48 | 1 | 0) 
P000690;-3,7;0,17;31;0,29;Sim/A/A01;-3,79;0,24;5;0,6
P000690;-3,7;0,17;31;0,29;Sim/A/A03;-3,58;0,26;10;0,6;Sim/A/A01 Sim/A/A02 Sim/A/A06 Sim/B/B01 Sim/B/B02 ;-3,79 (0,24 | 5 | 0,6) -3,71 (1,31 | 5 | 0) -3,71 (2,59 | 5 | 0) -3,71 (4,19 | 5 | 0) -3,7 (3558,75 | 1 | 0) 
P000691;-2,33;0,19;32;0,19;Sim/A/A05;-2,75;0,22;5;0,4
P000691;-2,33;0,19;32;0,19;Sim/B/B01;-1,79;0,46;10;0,1;Sim/A/A04 Sim/A/A05 ;-2,35 (0,97 | 5 | 0) -2,75 (0,22 | 5 | 0,4) 
P000692;-0,35;0,08;65;0,48;Sim/A/A02;-0,46;0,25;10;0,6
P000692;-0,35;0,08;65;0,48;Sim/A/A04;-0,73;0,23;6;0,5
P000692;-0,35;0,08;65;0,48;Sim/A/A07;-0,4;0,21;5;0,6
P000692;-0,35;0,08;65;0,48;Sim/B/B01;-0,21;0,25;5;0,6
P000692;-0,35;0,08;65;0,48;Sim/B/B02;-0,14;0,22;5;0,4
P000692;-0,35;0,08;65;0,48;Sim/C/C01;-0,62;0,21;5;0,4
P000692;-0,35;0,08;65;0,48;Sim/C/C02;0,17;0,28;10;0,5
P000692;-0,35;0,08;65;0,48;Sim/C/C03;-0,07;0,28;10;0,4;Sim/A/A02 Sim/A/A04 Sim/A/A06 Sim/A/A07 Sim/B/B03 Sim/C/C01 ;-0,46 (0,25 | 10 | 0,6) -0,73 (0,23 | 6 | 0,5) -0,58 (0,22 | 4 | 0,75) -0,4 (0,21 | 5 | 0,6) -0,35 (0,83 | 5 | 0) -0,62 (0,21 | 5 | 0,4) 
P000693;-4,48;0,18;31;0,1;Sim/A/A01;-3,85;0,24;5;0,4;Sim/A/A03 Sim/A/A06 Sim/B/B01 Sim/B/B02 ;-5,07 (0,51 | 10 | 0,1) -4,49 (3,48 | 5 | 0) -4,49 (5,25 | 5 | 0) -4,48 (36240,86 | 1 | 0) 
P000694;-1,67;0,13;59;0,24;Sim/A/A02;-1,54;0,24;6;0,5
P000694;-1,67;0,13;59;0,24;Sim/B/B01;-1,59;0,37;10;0,1
P000694;-1,67;0,13;59;0,24;Sim/C/C01;-1,6;0,37;10;0,2;Sim/A/A04 Sim/A/A06 ;-2,01 (0,54 | 7 | 0,14) -2,06 (0,72 | 8 | 0) 
P000695;1,62;0,18;37;0,78;Sim/B/B01;1,8;0,43;10;0,9
P000695;1,62;0,18;37;0,78;Sim/B/B02;1,63;0,4;10;0,5
P000695;1,62;0,18;37;0,78;Sim/C/C03;0,98;0,25;6;0,67;Sim/C/C03 ;0,98 (0,25 | 6 | 0,67) 
P000696;0,66;0,11;65;0,65;Sim/A/A02;0,83;0,39;10;0,9
P000696;0,66;0,11;65;0,65;Sim/B/B01;0,46;0,3;10;0,5
P000696;0,66;0,11;65;0,65;Sim/B/B02;1,63;0,4;10;0,5
P000696;0,66;0,11;65;0,65;Sim/C/C01;0,22;0,28;10;0,7
P000696;0,66;0,11;65;0,65;Sim/C/C02;0,31;0,28;10;0,6;Sim/B/B01 Sim/C/C01 Sim/C/C02 Sim/C/C03 ;0,46 (0,3 | 10 | 0,5) 0,22 (0,28 | 10 | 0,7) 0,31 (0,28 | 10 | 0,6) 0,53 (0,2 | 4 | 0,5) 
P000697;0,35;0,1;66;0,59;Sim/A/A02;0,83;0,39;10;0,9
P000697;0,35;0,1;66;0,59;Sim/A/A07;0,23;0,36;10;0,7
P000697;0,35;0,1;66;0,59;Sim/B/B01;0,43;0,3;10;0,5
P000697;0,35;0,1;66;0,59;Sim/B/B03;0,25;0,29;10;0,1
P000697;0,35;0,1;66;0,59;Sim/C/C02;0,41;0,29;10;0,6;Sim/A/A04 Sim/A/A07 Sim/B/B02 Sim/B/B03 ;0,17 (0,24 | 3 | 0,67) 0,23 (0,36 | 10 | 0,7) 0,12 (0,25 | 4 | 0,5) 0,25 (0,29 | 10 | 0,1) 
P000698;-3,06;0,17;41;0,27;Sim/A/A02;-3,12;0,4;10;0
P000698;-3,06;0,17;41;0,27;Sim/A/A05;-3,08;0,25;10;0,3;Sim/A/A02 Sim/A/A05 Sim/A/A06 Sim/B/B01 Sim/B/B02 ;-3,12 (0,4 | 10 | 0) -3,08 (0,25 | 10 | 0,3) -3,07 (1,77 | 5 | 0) -3,06 (2,76 | 5 | 0) -3,06 (528,24 | 1 | 0) 
P000699;1,94;0,22;29;0,62;Sim/B/B02;1,76;0,36;10;0,5;Sim/B/B02 Sim/B/B04 Sim/C/C04 Sim/C/C07 Sim/C/C10 ;1,76 (0,36 | 10 | 0,5) 1,92 (1,33 | 1 | 0) 1,93 (1,54 | 1 | 0) 1,92 (1,38 | 1 | 0) 1,93 (1,83 | 1 | 0) 
P000700;-3,46;0,19;33;0,33;Sim/A/A01;-3,47;0,25;7;0,57
P000700;-3,46;0,19;33;0,33;Sim/A/A03;-3,39;0,34;10;0,7;Sim/A/A01 Sim/A/A02 Sim/A/A06 Sim/B/B01 Sim/B/B02 ;-3,47 (0,25 | 7 | 0,57) -3,47 (0,85 | 5 | 0) -3,46 (2,28 | 5 | 0) -3,46 (3,82 | 5 | 0) -3,46 (1728,95 | 1 | 0) 
P000701;-1,08;0,09;44;0,3;Sim/A/A02;-0,93;0,22;8;0,5
P000701;-1,08;0,09;44;0,3;Sim/A/A04;-1,46;0,24;5;0,2;Sim/A/A04 Sim/A/A07 Sim/B/B01 Sim/C/C02 Sim/C/C03 ;-1,46 (0,24 | 5 | 0,2) -1,62 (0,98 | 5 | 0,2) -2,51 (1,12 | 8 | 0) -1,68 (0,94 | 5 | 0,2) -1,89 (1,27 | 5 | 0,2) 
P000702;0,81;0,11;60;0,68;Sim/A/A02;0,83;0,39;10;0,9
P000702;0,81;0,11;60;0,68;Sim/B/B01;0,75;0,27;10;0,6
P000702;0,81;0,11;60;0,68;Sim/B/B02;1,32;0,43;10;0,6
P000702;0,81;0,11;60;0,68;Sim/B/B03;0,6;0,24;5;0,2
P000702;0,81;0,11;60;0,68;Sim/C/C02;0,97;0,31;10;0,7;Sim/B/B01 Sim/B/B03 Sim/C/C03 ;0,75 (0,27 | 10 | 0,6) 0,6 (0,24 | 5 | 0,2) 0,68 (0,23 | 3 | 0,67) 
P000703;-0,26;0,08;62;0,55;Sim/A/A02;-0,67;0,24;7;0,57
P000703;-0,26;0,08;62;0,55;Sim/A/A04;-0,01;0,2;7;0,71
P000703;-0,26;0,08;62;0,55;Sim/A/A07;-0,1;0,25;10;0,6
P000703;-0,26;0,08;62;0,55;Sim/B/B01;-0,18;0,25;5;0,4
P000703;-0,26;0,08;62;0,55;Sim/B/B02;0;0,22;5;0,6
P000703;-0,26;0,08;62;0,55;Sim/C/C01;-0,32;0,2;7;0,43
P000703;-0,26;0,08;62;0,55;Sim/C/C03;-0,27;0,31;10;0,4;Sim/A/A02 Sim/C/C01 Sim/C/C02 Sim/C/C03 ;-0,67 (0,24 | 7 | 0,57) -0,32 (0,2 | 7 | 0,43) -0,78 (0,25 | 4 | 0,25) -0,27 (0,31 | 10 | 0,4) 
P000704;1,01;0,11;54;0,65;Sim/A/A02;0,83;0,39;10;0,9
P000704;1,01;0,11;54;0,65;Sim/B/B01;1,12;0,25;7;0,57
P000704;1,01;0,11;54;0,65;Sim/B/B02;1,62;0,4;10;0,5
P000704;1,01;0,11;54;0,65;Sim/B/B03;1;0,19;6;0,5
P000704;1,01;0,11;54;0,65;Sim/C/C02;0,7;0,29;10;0,6
P000704;1,01;0,11;54;0,65;Sim/C/C03;0,98;0,25;6;0,67;Sim/A/A02 Sim/A/A04 Sim/B/B03 Sim/C/C02 Sim/C/C03 ;0,83 (0,39 | 10 | 0,9) 0,92 (0,63 | 5 | 0,8) 1 (0,19 | 6 | 0,5) 0,7 (0,29 | 10 | 0,6) 0,98 (0,25 | 6 | 0,67) 
P000705;-0,17;0,09;71;0,46;Sim/A/A02;-0,43;0,24;10;0,6
P000705;-0,17;0,09;71;0,46;Sim/A/A04;-0,79;0,24;6;0,33
P000705;-0,17;0,09;71;0,46;Sim/A/A07;-0,24;0,23;6;0,67
P000705;-0,17;0,09;71;0,46;Sim/B/B01;0,61;0,29;10;0,5
P000705;-0,17;0,09;71;0,46;Sim/B/B02;0,48;0,23;5;0,6
P000705;-0,17;0,09;71;0,46;Sim/C/C01;-0,4;0,21;5;0,4
P000705;-0,17;0,09;71;0,46;Sim/C/C02;0,49;0,3;10;0,6
P000705;-0,17;0,09;71;0,46;Sim/C/C03;-0,35;0,32;10;0,3;Sim/A/A02 Sim/A/A04 Sim/A/A06 Sim/A/A07 Sim/B/B03 Sim/C/C01 Sim/C/C03 ;-0,43 (0,24 | 10 | 0,6) -0,79 (0,24 | 6 | 0,33) -0,74 (0,19 | 4 | 0,5) -0,24 (0,23 | 6 | 0,67) -0,18 (0,66 | 5 | 0) -0,4 (0,21 | 5 | 0,4) -0,35 (0,32 | 10 | 0,3) 
P000706;-0,67;0,08;62;0,35;Sim/A/A02;-0,31;0,26;10;0,6
P000706;-0,67;0,08;62;0,35;Sim/A/A04;-1,05;0,18;7;0,43
P000706;-0,67;0,08;62;0,35;Sim/A/A07;-0,89;0,22;5;0,2
P000706;-0,67;0,08;62;0,35;Sim/B/B01;-0,08;0,24;6;0,33
P000706;-0,67;0,08;62;0,35;Sim/B/B02;-0,46;0,25;6;0,17
P000706;-0,67;0,08;62;0,35;Sim/C/C01;-0,95;0,21;6;0,33
P000706;-0,67;0,08;62;0,35;Sim/C/C03;-0,58;0,34;10;0,3;Sim/A/A04 Sim/A/A07 Sim/B/B03 Sim/C/C01 ;-1,05 (0,18 | 7 | 0,43) -0,89 (0,22 | 5 | 0,2) -0,67 (1,35 | 5 | 0) -0,95 (0,21 | 6 | 0,33) 
P000707;-2,83;0,15;33;0,36;Sim/A/A01;-2,99;0,36;10;0,8
P000707;-2,83;0,15;33;0,36;Sim/A/A02;-2,49;0,24;6;0,33
P000707;-2,83;0,15;33;0,36;Sim/A/A05;-3;0,24;6;0,33;Sim/A/A01 Sim/A/A05 Sim/A/A06 Sim/B/B01 Sim/B/B02 ;-2,99 (0,36 | 10 | 0,8) -3 (0,24 | 6 | 0,33) -2,83 (1,52 | 5 | 0) -2,83 (1,96 | 5 | 0) -2,83 (264,14 | 1 | 0) 
P000708;-0,73;0,08;60;0,45;Sim/A/A02;-0,66;0,24;7;0,57
P000708;-0,73;0,08;60;0,45;Sim/A/A04;-1,29;0,19;8;0,25
P000708;-0,73;0,08;60;0,45;Sim/C/C01;-1,11;0,21;10;0,2
P000708;-0,73;0,08;60;0,45;Sim/C/C02;-0,77;0,23;6;0,5;Sim/A/A04 Sim/B/B01 Sim/C/C01 Sim/C/C02 ;-1,29 (0,19 | 8 | 0,25) -2,51 (1,12 | 9 | 0) -1,11 (0,21 | 10 | 0,2) -0,77 (0,23 | 6 | 0,5) 
P000709;-3,39;0,18;42;0,33;Sim/A/A01;-3,19;0,31;10;0,7
P000709;-3,39;0,18;42;0,33;Sim/A/A03;-3,38;0,34;10;0,7;Sim/A/A02 Sim/A/A05 Sim/A/A06 Sim/B/B01 Sim/B/B02 ;-3,4 (0,74 | 5 | 0) -4,01 (1,07 | 6 | 0) -3,39 (2,18 | 5 | 0) -3,39 (3,61 | 5 | 0) -3,39 (1400,69 | 1 | 0) 
P000710;-0,35;0,08;60;0,48;Sim/A/A02;-0,96;0,23;6;0,5
P000710;-0,35;0,08;60;0,48;Sim/A/A04;-0,59;0,25;7;0,43
P000710;-0,35;0,08;60;0,48;Sim/B/B01;0,05;0,24;6;0,67
P000710;-0,35;0,08;60;0,48;Sim/B/B02;-0,37;0,23;5;0,2
P000710;-0,35;0,08;60;0,48;Sim/C/C01;-0,07;0,24;5;0,8
P000710;-0,35;0,08;60;0,48;Sim/C/C02;-0,29;0,23;5;0,6
P000710;-0,35;0,08;60;0,48;Sim/C/C03;-0,39;0,32;10;0,3;Sim/A/A02 Sim/A/A04 Sim/A/A07 Sim/B/B02 Sim/B/B03 Sim/C/C03 ;-0,96 (0,23 | 6 | 0,5) -0,59 (0,25 | 7 | 0,43) -0,53 (0,2 | 4 | 0,5) -0,37 (0,23 | 5 | 0,2) -0,36 (0,83 | 5 | 0) -0,39 (0,32 | 10 | 0,3) 
P000711;1,66;0,18;44;0,73;Sim/B/B01;1,28;0,27;10;0,8
P000711;1,66;0,18;44;0,73;Sim/B/B02;1,78;0,35;10;0,6
P000711;1,66;0,18;44;0,73;Sim/B/B03;1,82;0,36;10;0,8
P000711;1,66;0,18;44;0,73;Sim/C/C03;1,71;0,49;10;1;Sim/B/B01 Sim/B/B04 Sim/C/C04 Sim/C/C07 Sim/C/C10 ;1,28 (0,27 | 10 | 0,8) 1,6 (2,1 | 1 | 0) 1,66 (2,23 | 1 | 0) 1,66 (1,77 | 1 | 0) 1,66 (2,78 | 1 | 0) 
P000712;3,27;0,1;50;0,54;Sim/C/C04;2,89;0,33;10;0,4
P000712;3,27;0,1;50;0,54;Sim/C/C06;3,24;0,31;10;0,1;Sim/B/B04 Sim/C/C04 Sim/C/C06 Sim/C/C10 ;3,2 (0,25 | 4 | 0,5) 2,89 (0,33 | 10 | 0,4) 3,24 (0,31 | 10 | 0,1) 3,17 (0,22 | 3 | 0,33) 
P000713;0,37;0,09;79;0,67;Sim/A/A02;-0,09;0,3;10;0,7
P000713;0,37;0,09;79;0,67;Sim/A/A07;0,28;0,39;10;0,8
P000713;0,37;0,09;79;0,67;Sim/B/B01;0,43;0,3;10;0,5
P000713;0,37;0,09;79;0,67;Sim/B/B03;0,77;0,22;5;0,4
P000713;0,37;0,09;79;0,67;Sim/C/C01;0,33;0,32;10;0,9
P000713;0,37;0,09;79;0,67;Sim/C/C02;0,51;0,3;10;0,6
P000713;0,37;0,09;79;0,67;Sim/C/C03;-0,02;0,27;10;0,4;Sim/A/A02 Sim/A/A07 Sim/B/B02 Sim/C/C01 Sim/C/C03 ;-0,09 (0,3 | 10 | 0,7) 0,28 (0,39 | 10 | 0,8) 0,22 (0,22 | 4 | 0,5) 0,33 (0,32 | 10 | 0,9) -0,02 (0,27 | 10 | 0,4) 
P000714;-2,37;0,16;26;0,38;Sim/A/A02;-1,98;0,22;6;0,5
P000714;-2,37;0,16;26;0,38;Sim/A/A05;-2,69;0,2;5;0,4;Sim/A/A05 Sim/B/B01 ;-2,69 (0,2 | 5 | 0,4) -2,38 (1,08 | 5 | 0) 
P000715;0,51;0,09;83;0,63;Sim/A/A02;0,24;0,34;10;0,8
P000715;0,51;0,09;83;0,63;Sim/A/A04;0,59;0,34;10;0,8
P000715;0,51;0,09;83;0,63;Sim/B/B01;0,43;0,3;10;0,5
P000715;0,51;0,09;83;0,63;Sim/B/B02;1,05;0,35;10;0,6
P000715;0,51;0,09;83;0,63;Sim/B/B03;0,29;0,27;10;0
P000715;0,51;0,09;83;0,63;Sim/C/C01;0,66;0,48;10;0,9
P000715;0,51;0,09;83;0,63;Sim/C/C02;0,41;0,29;10;0,6
P000715;0,51;0,09;83;0,63;Sim/C/C03;0,62;0,19;6;0,67;Sim/A/A02 Sim/B/B01 Sim/B/B03 Sim/C/C02 ;0,24 (0,34 | 10 | 0,8) 0,43 (0,3 | 10 | 0,5) 0,29 (0,27 | 10 | 0) 0,41 (0,29 | 10 | 0,6) 
P000716;2,44;0,17;48;0,48;Sim/B/B02;2,66;0,37;10;0,7
P000716;2,44;0,17;48;0,48;Sim/C/C07;2,63;0,32;10;0,3;Sim/B/B04 Sim/C/C04 Sim/C/C10 ;2 (0,73 | 6 | 0) 2,12 (0,67 | 5 | 0,2) 2,41 (0,59 | 5 | 0) 
P000717;0,78;0,1;67;0,66;Sim/A/A02;1,1;0,38;6;1
P000717;0,78;0,1;67;0,66;Sim/B/B01;1,17;0,25;9;0,56
P000717;0,78;0,1;67;0,66;Sim/B/B02;1,65;0,39;10;0,6
P000717;0,78;0,1;67;0,66;Sim/B/B03;0,21;0,31;10;0,1
P000717;0,78;0,1;67;0,66;Sim/C/C02;0,82;0,3;10;0,7;Sim/B/B03 Sim/C/C03 ;0,21 (0,31 | 10 | 0,1) 0,38 (0,24 | 3 | 0,33) 
P000718;-2,17;0,16;21;0,33;Sim/A/A02;-2,2;0,24;6;0,5
P000718;-2,17;0,16;21;0,33;Sim/A/A05;-2,07;0,24;5;0,8;Sim/A/A02 Sim/A/A06 Sim/B/B01 ;-2,2 (0,24 | 6 | 0,5) -2,2 (0,94 | 5 | 0) -2,19 (0,84 | 5 | 0) 
P000719;1,04;0,12;50;0,76;Sim/A/A02;0,83;0,39;10;0,9
P000719;1,04;0,12;50;0,76;Sim/B/B01;1,12;0,25;7;0,57
P000719;1,04;0,12;50;0,76;Sim/B/B02;1,18;0,39;10;0,5;Sim/A/A02 Sim/B/B03 Sim/C/C03 ;0,83 (0,39 | 10 | 0,9) 0,9 (0,23 | 4 | 0,5) 0,68 (0,23 | 3 | 0,67) 
P000720;2,56;0,14;52;0,37;Sim/C/C07;2,31;0,47;10;0,1
P000720;2,56;0,14;52;0,37;Sim/C/C10;3,05;0,2;6;0,33;Sim/B/B01 Sim/B/B04 Sim/C/C04 Sim/C/C05 Sim/C/C07 ;2,39 (0,78 | 5 | 0,8) 2 (0,73 | 6 | 0,17) 2,05 (0,73 | 5 | 0) 2,09 (0,9 | 8 | 0) 2,31 (0,47 | 10 | 0,1) 
P000721;2,36;0,19;38;0,5;Sim/B/B02;2,75;0,39;10;0,8;Sim/B/B04 Sim/C/C07 Sim/C/C10 ;2 (0,73 | 6 | 0) 1,92 (0,84 | 6 | 0) 2,32 (0,67 | 5 | 0) 
P000722;-5,27;0,69;21;0;;;;;;;
P000723;0,92;0,11;59;0,69;Sim/A/A02;0,83;0,39;10;0,9
P000723;0,92;0,11;59;0,69;Sim/B/B01;0,69;0,28;10;0,5
P000723;0,92;0,11;59;0,69;Sim/B/B02;1,32;0,43;10;0,6
P000723;0,92;0,11;59;0,69;Sim/C/C02;0,37;0,28;10;0,6
P000723;0,92;0,11;59;0,69;Sim/C/C03;1,36;0,32;10;0,9;Sim/A/A02 Sim/B/B01 Sim/B/B03 Sim/C/C02 ;0,83 (0,39 | 10 | 0,9) 0,69 (0,28 | 10 | 0,5) 0,9 (0,23 | 4 | 0,5) 0,37 (0,28 | 10 | 0,6) 
P000724;-3,88;0,15;28;0,25;Sim/A/A01;-3,72;0,2;8;0,5;Sim/A/A02 Sim/A/A03 Sim/B/B01 Sim/B/B02 ;-3,88 (1,74 | 5 | 0) -4,12 (0,22 | 4 | 0,5) -3,88 (4,42 | 5 | 0) -3,88 (6042,1 | 1 | 0) 
P000725;4,95;0,15;42;0,9;Sim/C/C04;4,36;0,25;10;0,7;Sim/C/C04 Sim/C/C09 ;4,36 (0,25 | 10 | 0,7) 4,71 (0,25 | 3 | 0,67) 
P000726;1,44;0,15;52;0,77;Sim/A/A02;0,83;0,39;10;0,9
P000726;1,44;0,15;52;0,77;Sim/B/B02;0,81;0,26;10;0,5
P000726;1,44;0,15;52;0,77;Sim/B/B03;1,46;0,25;7;0,57
P000726;1,44;0,15;52;0,77;Sim/C/C03;1,5;0,37;10;1;Sim/A/A02 Sim/B/B02 Sim/C/C04 Sim/C/C07 Sim/C/C10 ;0,83 (0,39 | 10 | 0,9) 0,81 (0,26 | 10 | 0,5) 1,44 (3,05 | 1 | 0) 1,44 (2,21 | 1 | 0) 1,44 (3,95 | 1 | 0) 
P000727;-1,52;0,12;62;0,27;Sim/A/A02;-1,68;0,23;6;0,5
P000727;-1,52;0,12;62;0,27;Sim/A/A06;-1,56;0,34;10;0,3
P000727;-1,52;0,12;62;0,27;Sim/B/B01;-1,35;0,31;10;0,2
P000727;-1,52;0,12;62;0,27;Sim/C/C01;-1,35;0,27;10;0,2;Sim/A/A02 Sim/A/A06 Sim/A/A07 Sim/B/B02 ;-1,68 (0,23 | 6 | 0,5) -1,56 (0,34 | 10 | 0,3) -1,53 (0,68 | 5 | 0) -1,52 (1,57 | 5 | 0) 
P000728;2,86;0,13;52;0,52;Sim/B/B01;1,8;0,43;10;0,9
P000728;2,86;0,13;52;0,52;Sim/C/C04;3,21;0,27;10;0,4
P000728;2,86;0,13;52;0,52;Sim/C/C10;2,79;0,28;10;0,2;Sim/B/B01 Sim/B/B03 Sim/C/C07 Sim/C/C10 ;1,8 (0,43 | 10 | 0,9) 2,13 (0,64 | 7 | 0,86) 2,1 (0,83 | 5 | 0) 2,79 (0,28 | 10 | 0,2) 
P000729;2,29;0,18;58;0,47;Sim/B/B02;2,61;0,36;10;0,9
P000729;2,29;0,18;58;0,47;Sim/B/B03;1,71;0,31;10;0,7
P000729;2,29;0,18;58;0,47;Sim/C/C04;2,85;0,34;10;0,3;Sim/B/B03 Sim/B/B04 Sim/C/C05 Sim/C/C07 Sim/C/C10 ;1,71 (0,31 | 10 | 0,7) 1,97 (0,74 | 5 | 0) 2,28 (0,74 | 5 | 0) 2,02 (0,83 | 5 | 0) 2,27 (0,72 | 5 | 0) 
P000730;-4,29;0,16;26;0,15;Sim/A/A01;-4,66;0,25;5;0,2
P000730;-4,29;0,16;26;0,15;Sim/A/A03;-3,95;0,22;5;0,6;Sim/A/A01 Sim/A/A02 Sim/A/A06 Sim/B/B01 Sim/B/B02 ;-4,66 (0,25 | 5 | 0,2) -4,3 (2,98 | 5 | 0) -4,3 (3,3 | 5 | 0) -4,3 (4,98 | 5 | 0) -4,29 (20554,22 | 1 | 0) 
P000731;0,23;0,09;78;0,59;Sim/A/A02;0,24;0,34;10;0,8
P000731;0,23;0,09;78;0,59;Sim/B/B01;0,69;0,28;10;0,5
P000731;0,23;0,09;78;0,59;Sim/B/B02;-0,12;0,23;5;0,4
P000731;0,23;0,09;78;0,59;Sim/B/B03;0,2;0,31;10;0
P000731;0,23;0,09;78;0,59;Sim/C/C01;0,36;0,33;10;0,8
P000731;0,23;0,09;78;0,59;Sim/C/C02;0,29;0,28;10;0,6
P000731;0,23;0,09;78;0,59;Sim/C/C03;0,43;0,17;9;0,56;Sim/A/A04 Sim/B/B02 Sim/B/B03 ;-0,13 (0,24 | 3 | 0,33) -0,12 (0,23 | 5 | 0,4) 0,2 (0,31 | 10 | 0) 
P000732;-2,1;0,16;30;0,33;Sim/A/A02;-2,2;0,24;6;0,5
P000732;-2,1;0,16;30;0,33;Sim/A/A05;-2,32;0,21;5;0,6
P000732;-2,1;0,16;30;0,33;Sim/B/B01;-1,2;0,3;10;0,3;Sim/A/A02 Sim/A/A05 ;-2,2 (0,24 | 6 | 0,5) -2,32 (0,21 | 5 | 0,6) 
P000733;4,86;0,15;46;0,91;;;;;;Sim/C/C09 ;4,49 (0,2 | 4 | 0,5) 
P000734;0,92;0,1;52;0,73;Sim/A/A02;0,83;0,39;10;0,9
P000734;0,92;0,1;52;0,73;Sim/B/B01;1,12;0,25;7;0,57
P000734;0,92;0,1;52;0,73;Sim/B/B02;0,28;0,22;5;0,4
P000734;0,92;0,1;52;0,73;Sim/B/B03;1,16;0,2;5;0,6
P000734;0,92;0,1;52;0,73;Sim/C/C02;0,48;0,29;10;0,7
P000734;0,92;0,1;52;0,73;Sim/C/C03;1,15;0,25;10;0,8;Sim/A/A02 Sim/B/B02 Sim/C/C02 ;0,83 (0,39 | 10 | 0,9) 0,28 (0,22 | 5 | 0,4) 0,48 (0,29 | 10 | 0,7) 
P000735;-5,27;0,69;21;0;;;;;;;
P000736;0,93;0,11;67;0,76;Sim/A/A02;0,24;0,34;10;0,8
P000736;0,93;0,11;67;0,76;Sim/B/B01;0,61;0,29;10;0,5
P000736;0,93;0,11;67;0,76;Sim/B/B02;1,51;0,43;10;0,5
P000736;0,93;0,11;67;0,76;Sim/B/B03;0,93;0,19;7;0,57;Sim/A/A02 Sim/B/B01 Sim/C/C03 ;0,24 (0,34 | 10 | 0,8) 0,61 (0,29 | 10 | 0,5) 0,75 (0,22 | 4 | 0,75) 
P000737;2,77;0,12;63;0,49;Sim/B/B02;2,5;0,34;10;0,8
P000737;2,77;0,12;63;0,49;Sim/C/C04;2,45;0,45;10;0,2
P000737;2,77;0,12;63;0,49;Sim/C/C07;2,94;0,24;8;0,5
P000737;2,77;0,12;63;0,49;Sim/C/C10;2,59;0,4;10;0,2;Sim/B/B02 Sim/B/B03 Sim/C/C04 Sim/C/C05 Sim/C/C10 ;2,5 (0,34 | 10 | 0,8) 2,13 (0,64 | 7 | 0,86) 2,45 (0,45 | 10 | 0,2) 2,09 (0,9 | 8 | 0,13) 2,59 (0,4 | 10 | 0,2) 
P000738;-5,27;0,69;21;0;;;;;;;
P000739;-0,97;0,08;52;0,33;Sim/A/A02;-0,93;0,22;8;0,5
P000739;-0,97;0,08;52;0,33;Sim/A/A04;-1,07;0,18;6;0,33
P000739;-0,97;0,08;52;0,33;Sim/A/A06;-0,96;0,18;5;0,4
P000739;-0,97;0,08;52;0,33;Sim/B/B01;-0,96;0,29;10;0,3
P000739;-0,97;0,08;52;0,33;Sim/C/C02;-0,77;0,24;5;0,4;Sim/A/A04 Sim/B/B02 Sim/C/C03 ;-1,07 (0,18 | 6 | 0,33) -1,06 (0,75 | 5 | 0) -1,89 (1,27 | 5 | 0,2) 
P000740;-0,89;0,09;58;0,47;Sim/A/A02;-1,84;0,23;5;0,6
P000740;-0,89;0,09;58;0,47;Sim/A/A04;-0,83;0,21;6;0,67
P000740;-0,89;0,09;58;0,47;Sim/A/A06;-0,99;0,18;5;0,4
P000740;-0,89;0,09;58;0,47;Sim/B/B01;-0,48;0,24;10;0,6
P000740;-0,89;0,09;58;0,47;Sim/B/B02;-0,75;0,36;10;0
P000740;-0,89;0,09;58;0,47;Sim/C/C01;-0,68;0,21;5;0,6;Sim/A/A02 Sim/A/A05 Sim/A/A06 Sim/C/C03 ;-1,84 (0,23 | 5 | 0,6) -1,4 (0,56 | 7 | 0,86) -0,99 (0,18 | 5 | 0,4) -1,03 (0,53 | 6 | 0,17) 
P000741;-1,86;0,14;45;0,29;Sim/A/A02;-1,98;0,22;6;0,5
P000741;-1,86;0,14;45;0,29;Sim/A/A06;-1,37;0,26;10;0,3;Sim/A/A02 Sim/A/A04 Sim/B/B01 Sim/C/C01 Sim/C/C02 Sim/C/C03 ;-1,98 (0,22 | 6 | 0,5) -2,01 (0,54 | 7 | 0) -1,89 (0,53 | 7 | 0) -2,13 (0,72 | 6 | 0) -1,87 (1,7 | 1 | 0) -1,87 (1,61 | 1 | 0) 
P000742;2,73;0,13;60;0,47;Sim/B/B01;1,8;0,43;10;0,9
P000742;2,73;0,13;60;0,47;Sim/B/B02;2,71;0,38;10;0,7
P000742;2,73;0,13;60;0,47;Sim/C/C04;2,48;0,43;10;0,3;Sim/B/B01 Sim/B/B02 Sim/B/B03 Sim/B/B04 Sim/C/C04 Sim/C/C05 Sim/C/C06 Sim/C/C07 ;1,8 (0,43 | 10 | 0,9) 2,71 (0,38 | 10 | 0,7) 2,31 (0,93 | 5 | 0,8) 2,69 (0,23 | 4 | 0,25) 2,48 (0,43 | 10 | 0,3) 2,12 (0,9 | 7 | 0,14) 2,73 (0,95 | 5 | 0) 2,1 (0,83 | 6 | 0,17) 
P000743;-2,67;0,15;25;0,12;Sim/A/A02;-2,81;0,27;10;0,1
P000743;-2,67;0,15;25;0,12;Sim/A/A05;-2,56;0,2;5;0,4;Sim/A/A02 Sim/A/A06 Sim/B/B01 ;-2,81 (0,27 | 10 | 0,1) -2,68 (1,23 | 5 | 0) -2,68 (1,55 | 5 | 0) 
P000744;5,97;0,77;41;1;;;;;;;
P000745;1,69;0,19;36;0,72;Sim/B/B02;1,63;0,4;10;0,5
P000745;1,69;0,19;36;0,72;Sim/B/B03;1,39;0,23;5;0,8;Sim/B/B02 Sim/B/B03 ;1,63 (0,4 | 10 | 0,5) 1,39 (0,23 | 5 | 0,8) 
P000746;1,78;0,21;33;0,73;Sim/B/B01;1,8;0,43;10;0,9
P000746;1,78;0,21;33;0,73;Sim/B/B02;1,32;0,43;10;0,6;Sim/B/B02 Sim/C/C04 Sim/C/C07 Sim/C/C10 ;1,32 (0,43 | 10 | 0,6) 1,77 (1,9 | 1 | 0) 1,77 (1,58 | 1 | 0) 1,78 (2,32 | 1 | 0) 
P000747;-2,64;0,15;32;0,28;Sim/A/A02;-3,24;0,48;10;0,1
P000747;-2,64;0,15;32;0,28;Sim/A/A05;-2,34;0,22;5;0,6;Sim/A/A02 Sim/A/A06 Sim/B/B01 Sim/B/B02 ;-3,24 (0,48 | 10 | 0,1) -2,64 (1,34 | 5 | 0) -2,64 (1,66 | 5 | 0) -2,64 (150,34 | 1 | 0) 
P000748;1,5;0,15;52;0,81;Sim/B/B02;1,51;0,43;10;0,5
P000748;1,5;0,15;52;0,81;Sim/B/B03;1,23;0,21;5;0,6
P000748;1,5;0,15;52;0,81;Sim/C/C02;1,33;0,43;10;0,9
P000748;1,5;0,15;52;0,81;Sim/C/C03;1,27;0,29;10;0,8;Sim/B/B03 Sim/C/C02 Sim/C/C03 ;1,23 (0,21 | 5 | 0,6) 1,33 (0,43 | 10 | 0,9) 1,27 (0,29 | 10 | 0,8) 
P000749;-3,95;0,16;31;0,32;Sim/A/A01;-4,44;0,23;5;0,4
P000749;-3,95;0,16;31;0,32;Sim/A/A03;-3,41;0,35;10;0,8;Sim/A/A01 Sim/A/A02 Sim/A/A06 Sim/B/B01 Sim/B/B02 ;-4,44 (0,23 | 5 | 0,4) -3,95 (1,91 | 5 | 0) -3,95 (2,88 | 5 | 0) -3,95 (4,51 | 5 | 0) -3,95 (7343,14 | 1 | 0) 
P000750;-4,25;0,15;28;0,18;Sim/A/A01;-4,27;0,23;5;0,4
P000750;-4,25;0,15;28;0,18;Sim/A/A03;-4,26;0,19;5;0,4;Sim/A/A01 Sim/A/A02 Sim/A/A03 Sim/A/A06 ;-4,27 (0,23 | 5 | 0,4) -4,25 (2,84 | 5 | 0) -4,26 (0,19 | 5 | 0,4) -4,25 (3,26 | 5 | 0) 
P000751;-0,61;0,08;65;0,4;Sim/A/A02;-0,56;0,24;8;0,5
P000751;-0,61;0,08;65;0,4;Sim/A/A04;-0,59;0,25;7;0,43
P000751;-0,61;0,08;65;0,4;Sim/A/A06;-0,35;0,26;10;0,8
P000751;-0,61;0,08;65;0,4;Sim/A/A07;-0,57;0,18;5;0,6
P000751;-0,61;0,08;65;0,4;Sim/B/B01;-0,18;0,25;5;0,4
P000751;-0,61;0,08;65;0,4;Sim/B/B02;-0,37;0,23;5;0,2
P000751;-0,61;0,08;65;0,4;Sim/C/C01;-1,3;0,26;10;0,2;Sim/B/B03 Sim/C/C01 Sim/C/C03 ;-0,62 (1,2 | 5 | 0) -1,3 (0,26 | 10 | 0,2) -1,03 (0,53 | 6 | 0,17) 
P000752;0,01;0,09;75;0,52;Sim/A/A02;-0,24;0,27;10;0,7
P000752;0,01;0,09;75;0,52;Sim/A/A04;-0,33;0,25;6;0,5
P000752;0,01;0,09;75;0,52;Sim/A/A06;-0,24;0,31;10;0,8
P000752;0,01;0,09;75;0,52;Sim/A/A07;0,14;0,33;10;0,7
P000752;0,01;0,09;75;0,52;Sim/B/B01;0,15;0,25;9;0,44
P000752;0,01;0,09;75;0,52;Sim/B/B03;0,15;0,34;10;0
P000752;0,01;0,09;75;0,52;Sim/C/C02;-0,46;0,23;6;0,33;Sim/A/A02 Sim/A/A04 Sim/A/A06 Sim/C/C02 ;-0,24 (0,27 | 10 | 0,7) -0,33 (0,25 | 6 | 0,5) -0,24 (0,31 | 10 | 0,8) -0,46 (0,23 | 6 | 0,33) 
P000753;0,2;0,1;65;0,55;Sim/A/A02;0,83;0,39;10;0,9
P000753;0,2;0,1;65;0,55;Sim/A/A04;0,55;0,32;10;0,8
P000753;0,2;0,1;65;0,55;Sim/B/B01;0,14;0,24;10;0,4
P000753;0,2;0,1;65;0,55;Sim/B/B03;0,13;0,35;10;0,1
P000753;0,2;0,1;65;0,55;Sim/C/C01;0,22;0,28;10;0,7
P000753;0,2;0,1;65;0,55;Sim/C/C03;0,49;0,18;7;0,57;Sim/B/B01 Sim/B/B02 Sim/B/B03 Sim/C/C02 ;0,14 (0,24 | 10 | 0,4) -0,32 (0,25 | 4 | 0,25) 0,13 (0,35 | 10 | 0,1) -0,46 (0,24 | 4 | 0,5) 
P000754;-3,53;0,18;35;0,34;Sim/A/A01;-3,65;0,23;8;0,5
P000754;-3,53;0,18;35;0,34;Sim/A/A03;-3,42;0,33;10;0,6;Sim/A/A01 Sim/A/A02 Sim/B/B02 ;-3,65 (0,23 | 8 | 0,5) -3,55 (1 | 5 | 0) -3,53 (2112,18 | 1 | 0) 
P000755;5,97;0,77;41;1;;;;;;;
P000756;2,16;0,2;46;0,63;Sim/B/B01;1,8;0,43;10;0,9
P000756;2,16;0,2;46;0,63;Sim/B/B02;2,24;0,3;10;0,6
P000756;2,16;0,2;46;0,63;Sim/B/B04;2,34;0,32;10;0,2;Sim/B/B01 Sim/B/B03 Sim/C/C04 Sim/C/C07 Sim/C/C10 ;1,8 (0,43 | 10 | 0,9) 2,08 (0,51 | 10 | 0,9) 2,15 (1,17 | 1 | 0) 2,14 (1,15 | 1 | 0) 2,15 (1,32 | 1 | 0) 
P000757;0,54;0,1;56;0,64;Sim/A/A02;0,83;0,39;10;0,9
P000757;0,54;0,1;56;0,64;Sim/B/B01;0,68;0,29;10;0,5
P000757;0,54;0,1;56;0,64;Sim/B/B02;0,29;0,22;5;0,4
P000757;0,54;0,1;56;0,64;Sim/B/B03;0,48;0,24;6;0,33
P000757;0,54;0,1;56;0,64;Sim/C/C02;1,03;0,32;10;0,8
P000757;0,54;0,1;56;0,64;Sim/C/C03;0,33;0,21;5;0,4;Sim/B/B02 Sim/B/B03 Sim/C/C03 ;0,29 (0,22 | 5 | 0,4) 0,48 (0,24 | 6 | 0,33) 0,33 (0,21 | 5 | 0,4) 
P000758;-2,57;0,14;27;0,22;Sim/A/A02;-2,65;0,23;10;0,3
P000758;-2,57;0,14;27;0,22;Sim/A/A05;-2,49;0,19;6;0,5;Sim/A/A02 Sim/A/A06 Sim/B/B01 Sim/B/B02 ;-2,65 (0,23 | 10 | 0,3) -2,58 (1,28 | 5 | 0) -2,58 (1,48 | 5 | 0) -2,57 (124,56 | 1 | 0) 
P000759;1,43;0,15;39;0,72;Sim/B/B01;1,53;0,34;10;0,8
P000759;1,43;0,15;39;0,72;Sim/B/B02;1,75;0,36;10;0,6
P000759;1,43;0,15;39;0,72;Sim/B/B03;1,46;0,25;7;0,57
P000759;1,43;0,15;39;0,72;Sim/C/C03;0,99;0,25;6;0,67;Sim/C/C03 ;0,99 (0,25 | 6 | 0,67) 
P000760;1,7;0,19;36;0,69;Sim/B/B01;1,32;0,28;10;0,7
P000760;1,7;0,19;36;0,69;Sim/B/B02;1,51;0,43;10;0,5;Sim/B/B01 Sim/B/B02 Sim/C/C04 Sim/C/C07 Sim/C/C10 ;1,32 (0,28 | 10 | 0,7) 1,51 (0,43 | 10 | 0,5) 1,7 (2,11 | 1 | 0) 1,7 (1,7 | 1 | 0) 1,7 (2,61 | 1 | 0) 
P000761;-5,27;0,69;21;0;;;;;;;
P000762;0,93;0,12;59;0,63;Sim/A/A02;1,15;0,38;10;1
P000762;0,93;0,12;59;0,63;Sim/A/A04;0,37;0,25;9;0,67
P000762;0,93;0,12;59;0,63;Sim/B/B01;0,84;0,25;10;0,5
P000762;0,93;0,12;59;0,63;Sim/B/B02;1,18;0,39;10;0,5
P000762;0,93;0,12;59;0,63;Sim/B/B03;1,42;0,24;6;0,67
P000762;0,93;0,12;59;0,63;Sim/C/C02;0,63;0,29;10;0,5;Sim/A/A04 Sim/B/B01 Sim/C/C02 Sim/C/C03 ;0,37 (0,25 | 9 | 0,67) 0,84 (0,25 | 10 | 0,5) 0,63 (0,29 | 10 | 0,5) 0,64 (0,21 | 4 | 0,5) 
P000763;-1,86;0,14;49;0,27;Sim/A/A02;-1,98;0,22;6;0,5
P000763;-1,86;0,14;49;0,27;Sim/A/A04;-1,96;0,46;10;0
P000763;-1,86;0,14;49;0,27;Sim/A/A05;-1,56;0,42;10;0,8
P000763;-1,86;0,14;49;0,27;Sim/B/B01;-1,25;0,3;10;0,2;Sim/A/A02 Sim/A/A04 Sim/A/A06 Sim/B/B02 Sim/C/C01 Sim/C/C02 ;-1,98 (0,22 | 6 | 0,5) -1,96 (0,46 | 10 | 0) -1,95 (0,75 | 5 | 0) -1,86 (15,13 | 1 | 0) -2,13 (0,72 | 6 | 0) -1,87 (1,7 | 1 | 0) 
P000764;-0,18;0,09;71;0,49;Sim/A/A02;-0,65;0,24;7;0,57
P000764;-0,18;0,09;71;0,49;Sim/B/B01;-1,17;0,29;10;0,2
P000764;-0,18;0,09;71;0,49;Sim/B/B02;0,81;0,29;10;0,6
P000764;-0,18;0,09;71;0,49;Sim/C/C02;-0,13;0,24;6;0,5
P000764;-0,18;0,09;71;0,49;Sim/C/C03;-0,33;0,32;10;0,4;Sim/A/A02 Sim/B/B01 Sim/C/C01 Sim/C/C03 ;-0,65 (0,24 | 7 | 0,57) -1,17 (0,29 | 10 | 0,2) -0,42 (0,22 | 4 | 0,5) -0,33 (0,32 | 10 | 0,4) 
P000765;2,92;0,11;52;0,52;Sim/C/C04;2,85;0,34;10;0,3
P000765;2,92;0,11;52;0,52;Sim/C/C05;2,87;0,25;7;0,29
P000765;2,92;0,11;52;0,52;Sim/C/C10;3,16;0,17;7;0,29;Sim/B/B04 Sim/C/C04 Sim/C/C05 Sim/C/C07 ;2,84 (0,23 | 3 | 0,33) 2,85 (0,34 | 10 | 0,3) 2,87 (0,25 | 7 | 0,29) 2,1 (0,83 | 5 | 0) 
P000766;0,91;0,1;61;0,72;Sim/A/A02;0,83;0,39;10;0,9
P000766;0,91;0,1;61;0,72;Sim/B/B01;0,79;0,26;10;0,5
P000766;0,91;0,1;61;0,72;Sim/B/B02;1,32;0,43;10;0,6
P000766;0,91;0,1;61;0,72;Sim/B/B03;0,58;0,23;5;0,4
P000766;0,91;0,1;61;0,72;Sim/C/C02;0,6;0,29;10;0,7
P000766;0,91;0,1;61;0,72;Sim/C/C03;1,44;0,35;10;0,9;Sim/A/A02 Sim/B/B01 Sim/B/B03 Sim/C/C02 ;0,83 (0,39 | 10 | 0,9) 0,79 (0,26 | 10 | 0,5) 0,58 (0,23 | 5 | 0,4) 0,6 (0,29 | 10 | 0,7) 
P000767;3,68;0,09;63;0,49;Sim/B/B04;3,51;0,23;7;0,57
P000767;3,68;0,09;63;0,49;Sim/C/C04;3,74;0,24;6;0,5
P000767;3,68;0,09;63;0,49;Sim/C/C08;3,71;0,34;10;0,1
P000767;3,68;0,09;63;0,49;Sim/C/C09;3,76;0,32;10;0,1
P000767;3,68;0,09;63;0,49;Sim/C/C10;3,76;0,24;5;0,6;Sim/B/B02 Sim/B/B04 Sim/C/C05 Sim/C/C06 ;3,26 (0,79 | 5 | 0,8) 3,51 (0,23 | 7 | 0,57) 3,54 (0,24 | 3 | 0,67) 3,6 (0,24 | 3 | 0) 
P000768;1,6;0,17;53;0,74;Sim/B/B01;1,66;0,38;10;0,8
P000768;1,6;0,17;53;0,74;Sim/B/B02;1,77;0,35;10;0,5
P000768;1,6;0,17;53;0,74;Sim/B/B03;1,88;0,39;10;0,9
P000768;1,6;0,17;53;0,74;Sim/C/C02;1,16;0,36;10;0,8
P000768;1,6;0,17;53;0,74;Sim/C/C03;1,36;0,32;10;0,9;Sim/C/C02 Sim/C/C03 Sim/C/C04 Sim/C/C07 ;1,16 (0,36 | 10 | 0,8) 1,36 (0,32 | 10 | 0,9) 1,59 (1,65 | 2 | 0) 1,59 (1,88 | 1 | 0) 
P000769;-0,07;0,09;69;0,43;Sim/A/A02;-0,31;0,26;10;0,6
P000769;-0,07;0,09;69;0,43;Sim/A/A07;-0,17;0,24;7;0,71
P000769;-0,07;0,09;69;0,43;Sim/B/B01;0,12;0,24;10;0,4
P000769;-0,07;0,09;69;0,43;Sim/B/B02;-0,12;0,23;5;0,4
P000769;-0,07;0,09;69;0,43;Sim/B/B03;-0,08;0,48;10;0
P000769;-0,07;0,09;69;0,43;Sim/C/C01;0,07;0,25;9;0,56
P000769;-0,07;0,09;69;0,43;Sim/C/C02;-0,29;0,23;5;0,6
P000769;-0,07;0,09;69;0,43;Sim/C/C03;-0,14;0,3;10;0,3;Sim/A/A02 Sim/A/A07 Sim/B/B02 Sim/B/B03 Sim/C/C02 Sim/C/C03 ;-0,31 (0,26 | 10 | 0,6) -0,17 (0,24 | 7 | 0,71) -0,12 (0,23 | 5 | 0,4) -0,08 (0,48 | 10 | 0) -0,29 (0,23 | 5 | 0,6) -0,14 (0,3 | 10 | 0,3) 
P000770;-5,27;0,69;21;0;;;;;;;
P000771;2,45;0,16;55;0,44;Sim/C/C07;2,63;0,32;10;0,2;Sim/B/B01 Sim/B/B03 Sim/B/B04 Sim/C/C04 Sim/C/C05 Sim/C/C10 ;2,02 (0,55 | 7 | 0,86) 2,13 (0,64 | 7 | 0,86) 2 (0,73 | 6 | 0,17) 2,29 (0,58 | 5 | 0,2) 2,32 (0,63 | 6 | 0) 2,31 (0,67 | 6 | 0) 
P000772;0,4;0,09;73;0,53;Sim/A/A02;-0,08;0,3;10;0,7
P000772;0,4;0,09;73;0,53;Sim/A/A07;0,2;0,36;10;0,7
P000772;0,4;0,09;73;0,53;Sim/B/B01;0,61;0,29;10;0,5
P000772;0,4;0,09;73;0,53;Sim/B/B02;0,79;0,26;10;0,5
P000772;0,4;0,09;73;0,53;Sim/B/B03;0,25;0,29;10;0,1
P000772;0,4;0,09;73;0,53;Sim/C/C02;0,12;0,25;10;0,5;Sim/A/A02 Sim/A/A04 Sim/A/A07 Sim/B/B03 Sim/C/C02 ;-0,08 (0,3 | 10 | 0,7) 0,17 (0,24 | 3 | 0,67) 0,2 (0,36 | 10 | 0,7) 0,25 (0,29 | 10 | 0,1) 0,12 (0,25 | 10 | 0,5) 
P000773;-0,79;0,08;60;0,38;Sim/A/A02;-0,09;0,3;10;0,7
P000773;-0,79;0,08;60;0,38;Sim/A/A04;-0,73;0,24;5;0,6
P000773;-0,79;0,08;60;0,38;Sim/A/A06;-0,95;0,17;6;0,5
P000773;-0,79;0,08;60;0,38;Sim/B/B01;-0,75;0,27;10;0,4
P000773;-0,79;0,08;60;0,38;Sim/B/B02;-0,8;0,42;7;0
P000773;-0,79;0,08;60;0,38;Sim/C/C01;-1,04;0,24;7;0,29
P000773;-0,79;0,08;60;0,38;Sim/C/C02;-0,27;0,23;5;0,4;Sim/A/A06 Sim/A/A07 Sim/B/B02 Sim/C/C01 Sim/C/C03 ;-0,95 (0,17 | 6 | 0,5) -1,67 (1 | 5 | 0,2) -0,8 (0,42 | 7 | 0) -1,04 (0,24 | 7 | 0,29) -1,3 (0,77 | 5 | 0,2) 
P000774;-2;0,16;32;0,38;Sim/A/A02;-2,2;0,24;6;0,5
P000774;-2;0,16;32;0,38;Sim/A/A05;-2,32;0,21;5;0,6
P000774;-2;0,16;32;0,38;Sim/A/A06;-1,36;0,25;10;0,3
P000774;-2;0,16;32;0,38;Sim/B/B01;-1,23;0,3;10;0,3;Sim/A/A02 Sim/A/A05 ;-2,2 (0,24 | 6 | 0,5) -2,32 (0,21 | 5 | 0,6) 
P000775;-2,06;0,15;35;0,2;Sim/A/A02;-1,99;0,23;5;0,4
P000775;-2,06;0,15;35;0,2;Sim/B/B01;-1,43;0,33;10;0,2;Sim/A/A05 Sim/A/A06 Sim/C/C01 Sim/C/C02 ;-2,21 (0,23 | 4 | 0,5) -2,08 (0,86 | 5 | 0) -2,08 (0,72 | 4 | 0) -2,07 (1,85 | 1 | 0) 
P000776;-5,27;0,69;21;0;;;;;;;
P000777;-0,38;0,08;66;0,55;Sim/A/A02;-0,66;0,24;9;0,56
P000777;-0,38;0,08;66;0,55;Sim/A/A04;-0,44;0,24;8;0,5
P000777;-0,38;0,08;66;0,55;Sim/A/A06;-0,96;0,18;5;0,4
P000777;-0,38;0,08;66;0,55;Sim/B/B01;-1,39;0,32;10;0,3
P000777;-0,38;0,08;66;0,55;Sim/C/C01;0,44;0,38;10;0,8
P000777;-0,38;0,08;66;0,55;Sim/C/C02;0,66;0,31;10;0,7
P000777;-0,38;0,08;66;0,55;Sim/C/C03;-0,05;0,28;10;0,4;Sim/A/A02 Sim/A/A04 Sim/A/A06 Sim/B/B01 Sim/B/B02 ;-0,66 (0,24 | 9 | 0,56) -0,44 (0,24 | 8 | 0,5) -0,96 (0,18 | 5 | 0,4) -1,39 (0,32 | 10 | 0,3) -1,39 (3,73 | 1 | 0) 
P000778;1,9;0,21;31;0,71;Sim/B/B02;1,22;0,4;10;0,5;Sim/B/B02 Sim/B/B04 Sim/C/C04 Sim/C/C07 Sim/C/C10 ;1,22 (0,4 | 10 | 0,5) 1,89 (1,49 | 1 | 0) 1,9 (1,61 | 1 | 0) 1,89 (1,42 | 1 | 0) 1,9 (1,92 | 1 | 0) 
P000779;-4,85;0,23;31;0,06;Sim/A/A01;-4,66;0,25;5;0,2;Sim/A/A03 Sim/A/A06 Sim/B/B01 Sim/B/B02 ;-5,53 (0,91 | 10 | 0,1) -4,86 (3,85 | 5 | 0) -4,86 (5,79 | 5 | 0) -4,85 (107848,89 | 1 | 0) 
P000780;0,32;0,09;72;0,58;Sim/A/A02;0,24;0,34;10;0,8
P000780;0,32;0,09;72;0,58;Sim/A/A04;0,77;0,43;10;0,9
P000780;0,32;0,09;72;0,58;Sim/A/A07;-0,29;0,23;5;0,6
P000780;0,32;0,09;72;0,58;Sim/B/B01;0,69;0,28;10;0,5
P000780;0,32;0,09;72;0,58;Sim/B/B03;0,29;0,27;10;0
P000780;0,32;0,09;72;0,58;Sim/C/C01;0,16;0,26;10;0,8
P000780;0,32;0,09;72;0,58;Sim/C/C02;0,21;0,27;10;0,5;Sim/A/A02 Sim/A/A07 Sim/B/B02 Sim/B/B03 Sim/C/C01 Sim/C/C02 ;0,24 (0,34 | 10 | 0,8) -0,29 (0,23 | 5 | 0,6) 0,29 (0,23 | 4 | 0,5) 0,29 (0,27 | 10 | 0) 0,16 (0,26 | 10 | 0,8) 0,21 (0,27 | 10 | 0,5) 
P000781;0,55;0,1;60;0,7;Sim/A/A02;1,09;0,38;10;1
P000781;0,55;0,1;60;0,7;Sim/A/A04;0,24;0,24;6;0,67
P000781;0,55;0,1;60;0,7;Sim/B/B01;1,39;0,3;10;0,8
P000781;0,55;0,1;60;0,7;Sim/B/B02;0,04;0,21;6;0,5
P000781;0,55;0,1;60;0,7;Sim/C/C01;0,45;0,38;10;0,8
P000781;0,55;0,1;60;0,7;Sim/C/C02;0,57;0,3;10;0,6;Sim/A/A04 Sim/B/B02 Sim/C/C01 Sim/C/C03 ;0,24 (0,24 | 6 | 0,67) 0,04 (0,21 | 6 | 0,5) 0,45 (0,38 | 10 | 0,8) 0,25 (0,25 | 4 | 0,25) 
P000782;1,42;0,14;56;0,79;Sim/A/A04;0,82;0,46;10;0,9
P000782;1,42;0,14;56;0,79;Sim/B/B02;1,32;0,43;10;0,6
P000782;1,42;0,14;56;0,79;Sim/B/B03;1,16;0,2;5;0,6;Sim/A/A04 Sim/B/B02 Sim/B/B03 ;0,82 (0,46 | 10 | 0,9) 1,32 (0,43 | 10 | 0,6) 1,16 (0,2 | 5 | 0,6) 
P000783;-0,15;0,08;80;0,53;Sim/A/A02;-0,09;0,3;10;0,7
P000783;-0,15;0,08;80;0,53;Sim/A/A04;-0,79;0,24;6;0,33
P000783;-0,15;0,08;80;0,53;Sim/A/A06;-0,06;0,42;10;0,8
P000783;-0,15;0,08;80;0,53;Sim/A/A07;-0;0,28;10;0,7
P000783;-0,15;0,08;80;0,53;Sim/B/B01;-0,02;0,23;10;0,4
P000783;-0,15;0,08;80;0,53;Sim/C/C01;0,03;0,24;8;0,63
P000783;-0,15;0,08;80;0,53;Sim/C/C02;-0,21;0,22;7;0,43
P000783;-0,15;0,08;80;0,53;Sim/C/C03;0,16;0,22;10;0,5;Sim/A/A04 Sim/B/B02 Sim/B/B03 Sim/C/C02 ;-0,79 (0,24 | 6 | 0,33) -0,32 (0,25 | 4 | 0,25) -0,15 (0,63 | 5 | 0) -0,21 (0,22 | 7 | 0,43) 
P000784;-1,4;0,11;47;0,15;Sim/A/A02;-1,11;0,22;6;0,33
P000784;-1,4;0,11;47;0,15;Sim/A/A04;-1,08;0,17;6;0,5;Sim/A/A06 Sim/A/A07 Sim/B/B01 Sim/C/C01 Sim/C/C02 ;-1,93 (0,65 | 8 | 0) -1,7 (0,99 | 6 | 0,17) -2,51 (1,12 | 8 | 0) -2,14 (0,72 | 7 | 0) -1,44 (0,6 | 6 | 0,17) 
P000785;3,16;0,09;52;0,56;Sim/B/B04;2,65;0,21;8;0,25
P000785;3,16;0,09;52;0,56;Sim/C/C04;3,21;0,27;10;0,4
P000785;3,16;0,09;52;0,56;Sim/C/C05;3,28;0,19;6;0,5
P000785;3,16;0,09;52;0,56;Sim/C/C07;3,61;0,21;5;0,6
P000785;3,16;0,09;52;0,56;Sim/C/C10;2,94;0,24;5;0,4;Sim/B/B04 Sim/C/C10 ;2,65 (0,21 | 8 | 0,25) 2,94 (0,24 | 5 | 0,4) 
P000786;0,62;0,11;47;0,66;Sim/A/A02;0,83;0,39;10;0,9
P000786;0,62;0,11;47;0,66;Sim/B/B01;0,43;0,3;10;0,5
P000786;0,62;0,11;47;0,66;Sim/B/B02;0,21;0,21;6;0,5
P000786;0,62;0,11;47;0,66;Sim/C/C02;-0,12;0,25;6;0,5
P000786;0,62;0,11;47;0,66;Sim/C/C03;0,98;0,25;6;0,67;Sim/B/B01 Sim/B/B02 Sim/C/C02 ;0,43 (0,3 | 10 | 0,5) 0,21 (0,21 | 6 | 0,5) -0,12 (0,25 | 6 | 0,5) 
P000787;-1,83;0,14;57;0,21;Sim/A/A02;-1,99;0,23;5;0,4
P000787;-1,83;0,14;57;0,21;Sim/B/B01;-1,59;0,37;10;0,1
P000787;-1,83;0,14;57;0,21;Sim/C/C01;-1,66;0,4;10;0,1;Sim/A/A02 Sim/A/A04 Sim/A/A06 ;-1,99 (0,23 | 5 | 0,4) -2,06 (0,59 | 7 | 0,14) -2,05 (0,74 | 7 | 0) 
P000788;-5,27;0,69;21;0;;;;;;;
P000789;0,84;0,1;56;0,63;Sim/A/A02;1,12;0,38;7;1
P000789;0,84;0,1;56;0,63;Sim/B/B01;0,61;0,29;10;0,5
P000789;0,84;0,1;56;0,63;Sim/B/B02;1,85;0,33;10;0,6
P000789;0,84;0,1;56;0,63;Sim/B/B03;0,12;0,35;10;0,1
P000789;0,84;0,1;56;0,63;Sim/C/C03;0,98;0,25;6;0,67;Sim/B/B01 Sim/B/B03 ;0,61 (0,29 | 10 | 0,5) 0,12 (0,35 | 10 | 0,1) 
P000790;1,15;0,12;53;0,7;Sim/B/B01;0,92;0,25;8;0,63
P000790;1,15;0,12;53;0,7;Sim/B/B02;1,83;0,34;10;0,5
P000790;1,15;0,12;53;0,7;Sim/C/C03;1,15;0,25;10;0,8;Sim/A/A04 Sim/B/B01 Sim/B/B03 Sim/C/C04 Sim/C/C07 ;0,99 (0,65 | 5 | 0,8) 0,92 (0,25 | 8 | 0,63) 0,9 (0,23 | 4 | 0,5) 1,15 (3,04 | 1 | 0) 1,15 (3 | 1 | 0) 
P000791;0,9;0,11;56;0,7;Sim/A/A02;0,24;0,34;10;0,8
P000791;0,9;0,11;56;0,7;Sim/B/B01;1,07;0,24;7;0,57
P000791;0,9;0,11;56;0,7;Sim/B/B02;0,57;0,23;6;0,5
P000791;0,9;0,11;56;0,7;Sim/B/B03;1,44;0,24;6;0,67
P000791;0,9;0,11;56;0,7;Sim/C/C02;1,06;0,33;10;0,8
P000791;0,9;0,11;56;0,7;Sim/C/C03;0,83;0,2;7;0,57;Sim/A/A02 Sim/A/A04 Sim/B/B02 Sim/C/C03 ;0,24 (0,34 | 10 | 0,8) 0,17 (0,24 | 3 | 0,67) 0,57 (0,23 | 6 | 0,5) 0,83 (0,2 | 7 | 0,57) 
P000792;0,54;0,1;70;0,63;Sim/A/A02;0,24;0,34;10;0,8
P000792;0,54;0,1;70;0,63;Sim/B/B01;0,69;0,28;10;0,5
P000792;0,54;0,1;70;0,63;Sim/B/B02;-0,47;0,26;10;0,1
P000792;0,54;0,1;70;0,63;Sim/C/C02;0,62;0,29;10;0,6
P000792;0,54;0,1;70;0,63;Sim/C/C03;0,46;0,2;5;0,4;Sim/A/A02 Sim/B/B02 Sim/C/C03 ;0,24 (0,34 | 10 | 0,8) -0,47 (0,26 | 10 | 0,1) 0,46 (0,2 | 5 | 0,4) 
P000793;-5,27;0,69;21;0;;;;;;;
P000794;2,14;0,21;36;0,64;Sim/B/B01;1,52;0,34;10;0,7
P000794;2,14;0,21;36;0,64;Sim/B/B02;2,54;0,34;10;0,8;Sim/B/B01 Sim/B/B04 Sim/C/C04 Sim/C/C07 Sim/C/C10 ;1,52 (0,34 | 10 | 0,7) 1,97 (0,74 | 5 | 0) 2,13 (1,19 | 1 | 0) 2,13 (1,17 | 1 | 0) 2,13 (1,35 | 1 | 0) 
P000795;-1,4;0,12;54;0,19;Sim/B/B01;-1,42;0,33;10;0,3
P000795;-1,4;0,12;54;0,19;Sim/C/C01;-1,68;0,41;10;0,2
P000795;-1,4;0,12;54;0,19;Sim/C/C02;-1,3;0,44;10;0,1;Sim/A/A06 Sim/A/A07 Sim/B/B01 Sim/B/B02 Sim/C/C01 ;-1,93 (0,65 | 8 | 0) -1,94 (1,26 | 7 | 0) -1,42 (0,33 | 10 | 0,3) -1,4 (3,82 | 1 | 0) -1,68 (0,41 | 10 | 0,2) 
P000796;1,28;0,12;79;0,56;Sim/A/A02;1,31;0,42;10;1
P000796;1,28;0,12;79;0,56;Sim/B/B01;1,49;0,33;10;0,8
P000796;1,28;0,12;79;0,56;Sim/B/B02;1;0,35;10;0,5
P000796;1,28;0,12;79;0,56;Sim/B/B03;0,86;0,19;6;0,33
P000796;1,28;0,12;79;0,56;Sim/C/C03;1,41;0,33;10;1
P000796;1,28;0,12;79;0,56;Sim/C/C07;2,31;0,47;10;0,1;Sim/B/B02 Sim/B/B03 Sim/C/C05 Sim/C/C10 ;1 (0,35 | 10 | 0,5) 0,86 (0,19 | 6 | 0,33) 1,28 (3,05 | 5 | 0) 1,28 (2,46 | 5 | 0) 
P000797;3,21;0,1;47;0,57;Sim/C/C04;3,32;0,25;10;0,4
P000797;3,21;0,1;47;0,57;Sim/C/C05;3,56;0,21;5;0,6
P000797;3,21;0,1;47;0,57;Sim/C/C10;3,13;0,19;5;0,4;Sim/B/B03 Sim/B/B04 Sim/C/C07 Sim/C/C10 ;2,23 (0,89 | 5 | 0,8) 3,06 (0,21 | 4 | 0,5) 2,1 (0,83 | 5 | 0,2) 3,13 (0,19 | 5 | 0,4) 
P000798;4,88;0,15;45;0,89;Sim/C/C04;4,07;0,24;10;0,6;Sim/C/C04 ;4,07 (0,24 | 10 | 0,6) 
P000799;-0,8;0,08;52;0,46;Sim/A/A02;-0,83;0,24;8;0,63
P000799;-0,8;0,08;52;0,46;Sim/A/A04;-0,33;0,25;7;0,57
P000799;-0,8;0,08;52;0,46;Sim/A/A07;-0,6;0,17;6;0,5
P000799;-0,8;0,08;52;0,46;Sim/B/B01;-0,82;0,27;10;0,4
P000799;-0,8;0,08;52;0,46;Sim/B/B02;-0,29;0,22;5;0,4
P000799;-0,8;0,08;52;0,46;Sim/C/C01;-1,08;0,23;6;0,5
P000799;-0,8;0,08;52;0,46;Sim/C/C02;-0,77;0,23;6;0,5;Sim/A/A02 Sim/A/A06 Sim/B/B01 Sim/C/C01 ;-0,83 (0,24 | 8 | 0,63) -1,14 (0,23 | 4 | 0) -0,82 (0,27 | 10 | 0,4) -1,08 (0,23 | 6 | 0,5) 
P000800;4,64;0,12;53;0,87;Sim/C/C04;4,61;0,28;10;0,8
P000800;4,64;0,12;53;0,87;Sim/C/C06;4,55;0,27;10;0,9
P000800;4,64;0,12;53;0,87;Sim/C/C10;4,66;0,45;10;1;Sim/C/C04 Sim/C/C06 Sim/C/C09 ;4,61 (0,28 | 10 | 0,8) 4,55 (0,27 | 10 | 0,9) 4,48 (0,2 | 4 | 0,5) 
P000801;0,98;0,11;51;0,71;Sim/A/A02;1,12;0,38;7;1
P000801;0,98;0,11;51;0,71;Sim/B/B01;1,12;0,25;7;0,57
P000801;0,98;0,11;51;0,71;Sim/B/B02;0,49;0,23;5;0,6
P000801;0,98;0,11;51;0,71;Sim/B/B03;0,6;0,24;5;0,2
P000801;0,98;0,11;51;0,71;Sim/C/C02;1,13;0,35;10;0,8
P000801;0,98;0,11;51;0,71;Sim/C/C03;1,53;0,39;10;0,9;Sim/B/B02 Sim/B/B03 ;0,49 (0,23 | 5 | 0,6) 0,6 (0,24 | 5 | 0,2) 
P000802;1,24;0,12;71;0,75;Sim/A/A02;0,83;0,39;10;0,9
P000802;1,24;0,12;71;0,75;Sim/A/A04;0,82;0,46;10;0,9
P000802;1,24;0,12;71;0,75;Sim/B/B01;1,22;0,26;10;0,7
P000802;1,24;0,12;71;0,75;Sim/B/B02;1,49;0,43;10;0,6
P000802;1,24;0,12;71;0,75;Sim/B/B03;1,16;0,2;5;0,6
P000802;1,24;0,12;71;0,75;Sim/C/C02;1,33;0,43;10;0,9
P000802;1,24;0,12;71;0,75;Sim/C/C03;1,67;0,46;10;0,9;Sim/A/A02 Sim/A/A04 Sim/B/B01 Sim/B/B03 Sim/C/C07 ;0,83 (0,39 | 10 | 0,9) 0,82 (0,46 | 10 | 0,9) 1,22 (0,26 | 10 | 0,7) 1,16 (0,2 | 5 | 0,6) 1,24 (2,72 | 1 | 0) 
P000803;-2,04;0,15;26;0,46;Sim/A/A02;-2,2;0,24;6;0,5
P000803;-2,04;0,15;26;0,46;Sim/A/A05;-1,78;0,29;10;0,9;Sim/A/A02 Sim/A/A06 Sim/B/B01 ;-2,2 (0,24 | 6 | 0,5) -2,05 (0,84 | 5 | 0) -2,06 (0,71 | 5 | 0) 
P000804;-3,2;0,2;43;0,33;Sim/A/A02;-3,25;0,49;10;0
P000804;-3,2;0,2;43;0,33;Sim/A/A03;-3,27;0,38;10;0,8;Sim/A/A02 Sim/A/A03 Sim/A/A05 Sim/B/B01 Sim/B/B02 ;-3,25 (0,49 | 10 | 0) -3,27 (0,38 | 10 | 0,8) -3,92 (1,05 | 6 | 0,17) -3,2 (3,11 | 5 | 0) -3,2 (803,11 | 1 | 0) 
P000805;-1,97;0,16;41;0,34;Sim/A/A02;-2,2;0,24;6;0,5
P000805;-1,97;0,16;41;0,34;Sim/A/A05;-2,39;0,21;5;0,6
P000805;-1,97;0,16;41;0,34;Sim/A/A06;-1,38;0,27;10;0,3
P000805;-1,97;0,16;41;0,34;Sim/B/B01;-1,12;0,29;10;0,4
P000805;-1,97;0,16;41;0,34;Sim/B/B02;-0,89;0,48;10;0,1;Sim/A/A02 Sim/A/A05 ;-2,2 (0,24 | 6 | 0,5) -2,39 (0,21 | 5 | 0,6) 
P000806;5,97;0,77;41;1;;;;;;;
P000807;-0,31;0,08;69;0,49;Sim/A/A02;-0,09;0,3;10;0,7
P000807;-0,31;0,08;69;0,49;Sim/A/A04;-0,33;0,25;6;0,5
P000807;-0,31;0,08;69;0,49;Sim/A/A06;-0,24;0,31;10;0,8
P000807;-0,31;0,08;69;0,49;Sim/A/A07;-0,39;0,21;5;0,6
P000807;-0,31;0,08;69;0,49;Sim/B/B01;-0,18;0,25;5;0,4
P000807;-0,31;0,08;69;0,49;Sim/B/B02;-0,63;0,29;10;0
P000807;-0,31;0,08;69;0,49;Sim/C/C01;0,03;0,24;8;0,63
P000807;-0,31;0,08;69;0,49;Sim/C/C02;-0,46;0,23;5;0,4
P000807;-0,31;0,08;69;0,49;Sim/C/C03;-0,27;0,31;10;0,4;Sim/A/A04 Sim/A/A07 Sim/B/B02 Sim/C/C02 ;-0,33 (0,25 | 6 | 0,5) -0,39 (0,21 | 5 | 0,6) -0,63 (0,29 | 10 | 0) -0,46 (0,23 | 5 | 0,4) 
P000808;3,72;0,09;73;0,55;Sim/B/B04;3,68;0,26;10;0,9
P000808;3,72;0,09;73;0,55;Sim/C/C04;4,08;0,25;9;0,56
P000808;3,72;0,09;73;0,55;Sim/C/C06;4,28;0,21;5;1
P000808;3,72;0,09;73;0,55;Sim/C/C08;3,69;0,35;10;0
P000808;3,72;0,09;73;0,55;Sim/C/C09;4,14;0,22;7;0,29
P000808;3,72;0,09;73;0,55;Sim/C/C10;3,01;0,22;5;0,2;Sim/B/B02 Sim/B/B04 Sim/C/C07 Sim/C/C08 Sim/C/C10 ;3,3 (0,83 | 5 | 0,8) 3,68 (0,26 | 10 | 0,9) 2,18 (0,84 | 7 | 0) 3,69 (0,35 | 10 | 0) 3,01 (0,22 | 5 | 0,2) 
P000809;-5,27;0,69;21;0;;;;;;;
P000810;2,96;0,1;62;0,44;Sim/B/B01;1,53;0,34;10;0,8
P000810;2,96;0,1;62;0,44;Sim/C/C04;3,38;0,25;9;0,44
P000810;2,96;0,1;62;0,44;Sim/C/C05;3,13;0,19;7;0,43
P000810;2,96;0,1;62;0,44;Sim/C/C07;2,67;0,31;10;0,1
P000810;2,96;0,1;62;0,44;Sim/C/C10;3,05;0,2;6;0,33;Sim/B/B01 Sim/B/B03 Sim/B/B04 Sim/C/C06 Sim/C/C07 ;1,53 (0,34 | 10 | 0,8) 2,31 (0,93 | 5 | 0,8) 2,84 (0,23 | 3 | 0,33) 2,86 (0,67 | 7 | 0) 2,67 (0,31 | 10 | 0,1) 
P000811;-2,58;0,16;24;0,17;Sim/A/A02;-2,81;0,27;10;0,1;Sim/A/A02 Sim/B/B01 ;-2,81 (0,27 | 10 | 0,1) -2,58 (1,38 | 5 | 0) 
P000812;-1,04;0,09;53;0,26;Sim/A/A04;-0,58;0,25;7;0,57
P000812;-1,04;0,09;53;0,26;Sim/B/B01;-0,45;0,25;8;0,5
P000812;-1,04;0,09;53;0,26;Sim/B/B02;-0,89;0,48;10;0,1
P000812;-1,04;0,09;53;0,26;Sim/C/C01;-1,68;0,41;10;0,2;Sim/A/A02 Sim/A/A06 Sim/C/C01 Sim/C/C02 ;-1,09 (0,25 | 4 | 0,5) -1,14 (0,23 | 4 | 0) -1,68 (0,41 | 10 | 0,2) -1,95 (1,13 | 6 | 0) 
P000813;-0,16;0,08;75;0,56;Sim/A/A02;-0,54;0,25;8;0,5
P000813;-0,16;0,08;75;0,56;Sim/A/A04;-0,68;0,25;6;0,5
P000813;-0,16;0,08;75;0,56;Sim/A/A06;0,05;0,5;10;0,8
P000813;-0,16;0,08;75;0,56;Sim/A/A07;0,35;0,44;10;0,9
P000813;-0,16;0,08;75;0,56;Sim/B/B01;-0,18;0,25;5;0,4
P000813;-0,16;0,08;75;0,56;Sim/B/B02;-0,37;0,23;5;0,2
P000813;-0,16;0,08;75;0,56;Sim/C/C01;0,45;0,38;10;0,8
P000813;-0,16;0,08;75;0,56;Sim/C/C02;-0,13;0,24;6;0,5
P000813;-0,16;0,08;75;0,56;Sim/C/C03;-0,02;0,26;10;0,4;Sim/A/A02 Sim/A/A04 Sim/B/B01 Sim/B/B02 Sim/B/B03 ;-0,54 (0,25 | 8 | 0,5) -0,68 (0,25 | 6 | 0,5) -0,18 (0,25 | 5 | 0,4) -0,37 (0,23 | 5 | 0,2) -0,16 (0,63 | 5 | 0) 
P000814;5,25;0,2;47;0,91;Sim/C/C08;5,48;0,38;10;1
P000814;5,25;0,2;47;0,91;Sim/C/C09;4,84;0,22;7;0,71;Sim/B/B01 Sim/B/B02 Sim/C/C09 ;2,65 (1,22 | 5 | 0,8) 4,03 (1,72 | 5 | 0,8) 4,84 (0,22 | 7 | 0,71) 
P000815;5,27;0,24;42;0,98;Sim/C/C08;5,07;0,21;5;0,8;Sim/C/C08 ;5,07 (0,21 | 5 | 0,8) 
P000816;5,97;0,77;41;1;;;;;;;
P000817;1,03;0,12;54;0,72;Sim/A/A02;0,83;0,39;10;0,9
P000817;1,03;0,12;54;0,72;Sim/B/B01;0,98;0,25;7;0,57
P000817;1,03;0,12;54;0,72;Sim/B/B02;0,82;0,27;10;0,5
P000817;1,03;0,12;54;0,72;Sim/C/C02;0,87;0,3;10;0,7;Sim/A/A02 Sim/A/A04 Sim/B/B01 Sim/B/B02 Sim/C/C02 Sim/C/C03 ;0,83 (0,39 | 10 | 0,9) 0,92 (0,55 | 7 | 0,86) 0,98 (0,25 | 7 | 0,57) 0,82 (0,27 | 10 | 0,5) 0,87 (0,3 | 10 | 0,7) 0,64 (0,21 | 4 | 0,5) 
P000818;1,86;0,2;39;0,51;Sim/B/B02;1,7;0,38;10;0,5
P000818;1,86;0,2;39;0,51;Sim/B/B03;1,68;0,3;10;0,6;Sim/B/B02 Sim/B/B03 Sim/C/C04 Sim/C/C07 Sim/C/C10 ;1,7 (0,38 | 10 | 0,5) 1,68 (0,3 | 10 | 0,6) 1,86 (1,7 | 1 | 0) 1,85 (1,47 | 1 | 0) 1,86 (2,04 | 1 | 0) 
P000819;-1,04;0,09;45;0,31;Sim/A/A04;-1,24;0,19;5;0,4
P000819;-1,04;0,09;45;0,31;Sim/A/A06;-0,96;0,18;5;0,4
P000819;-1,04;0,09;45;0,31;Sim/A/A07;-0,57;0,18;5;0,6
P000819;-1,04;0,09;45;0,31;Sim/B/B01;-1,78;0,46;10;0,1;Sim/A/A02 Sim/A/A04 Sim/B/B01 Sim/C/C02 ;-1,09 (0,25 | 4 | 0,5) -1,24 (0,19 | 5 | 0,4) -1,78 (0,46 | 10 | 0,1) -1,44 (0,6 | 6 | 0,17) 
P000820;3,37;0,09;74;0,45;Sim/C/C04;3,45;0,25;8;0,5
P000820;3,37;0,09;74;0,45;Sim/C/C06;3,24;0,31;10;0,1
P000820;3,37;0,09;74;0,45;Sim/C/C07;3,02;0,22;8;0,5
P000820;3,37;0,09;74;0,45;Sim/C/C08;3,63;0,37;10;0,2
P000820;3,37;0,09;74;0,45;Sim/C/C09;3,75;0,33;10;0,1
P000820;3,37;0,09;74;0,45;Sim/C/C10;3,51;0,18;5;0,6;Sim/B/B03 Sim/B/B04 Sim/C/C06 Sim/C/C07 ;2,55 (1,2 | 5 | 0,8) 3,2 (0,25 | 4 | 0,5) 3,24 (0,31 | 10 | 0,1) 3,02 (0,22 | 8 | 0,5) 
P000821;-2,91;0,15;41;0,29;Sim/A/A01;-2,83;0,41;10;0,8
P000821;-2,91;0,15;41;0,29;Sim/A/A02;-2,87;0,28;10;0,1
P000821;-2,91;0,15;41;0,29;Sim/A/A05;-2,93;0,21;10;0,3;Sim/A/A05 Sim/A/A06 Sim/B/B01 Sim/B/B02 ;-2,93 (0,21 | 10 | 0,3) -2,92 (1,6 | 5 | 0) -2,91 (2,14 | 5 | 0) -2,91 (338,57 | 1 | 0) 
P000822;-0,78;0,08;57;0,42;Sim/A/A02;-1,54;0,24;6;0,5
P000822;-0,78;0,08;57;0,42;Sim/A/A04;-0,71;0,24;6;0,67
P000822;-0,78;0,08;57;0,42;Sim/A/A06;-0,8;0,18;5;0,6
P000822;-0,78;0,08;57;0,42;Sim/A/A07;-1,02;0,25;6;0,17
P000822;-0,78;0,08;57;0,42;Sim/B/B01;-0,18;0,24;6;0,5
P000822;-0,78;0,08;57;0,42;Sim/B/B02;0,11;0,2;7;0,57
P000822;-0,78;0,08;57;0,42;Sim/C/C01;-1,06;0,23;5;0,4
P000822;-0,78;0,08;57;0,42;Sim/C/C02;-0,9;0,25;10;0,3;Sim/A/A02 Sim/A/A06 Sim/A/A07 Sim/C/C01 Sim/C/C02 Sim/C/C03 ;-1,54 (0,24 | 6 | 0,5) -0,8 (0,18 | 5 | 0,6) -1,02 (0,25 | 6 | 0,17) -1,06 (0,23 | 5 | 0,4) -0,9 (0,25 | 10 | 0,3) -1,03 (0,53 | 6 | 0,17) 
P000823;5,97;0,77;41;1;;;;;;;
P000824;5,97;0,77;41;1;;;;;;;
P000825;-4,13;0,16;25;0,16;Sim/A/A01;-3,94;0,21;6;0,5;Sim/A/A02 Sim/A/A03 Sim/A/A06 Sim/B/B01 Sim/B/B02 ;-4,13 (2,45 | 5 | 0) -4,34 (0,24 | 3 | 0,33) -4,13 (3,11 | 5 | 0) -4,13 (4,76 | 5 | 0) -4,13 (12621,57 | 1 | 0) 
P000826;-5,27;0,69;21;0;;;;;;;
P000827;0,59;0,1;68;0,62;Sim/A/A02;0,83;0,39;10;0,9
P000827;0,59;0,1;68;0,62;Sim/A/A04;0,68;0,38;10;0,8
P000827;0,59;0,1;68;0,62;Sim/B/B01;0,15;0,25;9;0,44
P000827;0,59;0,1;68;0,62;Sim/B/B02;1,48;0,44;10;0,6
P000827;0,59;0,1;68;0,62;Sim/B/B03;0,06;0,39;10;0,1
P000827;0,59;0,1;68;0,62;Sim/C/C02;0,39;0,29;10;0,6;Sim/B/B01 Sim/B/B03 Sim/C/C02 ;0,15 (0,25 | 9 | 0,44) 0,06 (0,39 | 10 | 0,1) 0,39 (0,29 | 10 | 0,6) 
P000828;-1,5;0,13;54;0,28;Sim/A/A02;-0,97;0,24;6;0,5
P000828;-1,5;0,13;54;0,28;Sim/C/C01;-1,36;0,28;10;0,2;Sim/A/A04 Sim/A/A06 Sim/B/B01 Sim/C/C02 ;-2,01 (0,54 | 7 | 0) -1,87 (0,54 | 10 | 0,1) -2,51 (1,12 | 8 | 0,13) -1,52 (0,7 | 5 | 0) 
P000829;-3,89;0,18;26;0,27;Sim/A/A01;-4,27;0,23;5;0,4;Sim/A/A01 Sim/A/A02 Sim/A/A06 Sim/B/B02 ;-4,27 (0,23 | 5 | 0,4) -3,91 (1,8 | 5 | 0) -3,91 (2,83 | 5 | 0) -3,89 (6199 | 1 | 0) 
P000830;-3,36;0,2;37;0,3;Sim/A/A03;-3,55;0,3;10;0,7;Sim/A/A02 Sim/A/A03 Sim/A/A05 Sim/A/A06 Sim/B/B01 Sim/B/B02 ;-3,38 (0,71 | 5 | 0) -3,55 (0,3 | 10 | 0,7) -3,92 (1,05 | 6 | 0) -3,36 (2,14 | 5 | 0) -3,36 (3,53 | 5 | 0) -3,36 (1274,87 | 1 | 0) 
P000831;-2,41;0,15;22;0,27;Sim/A/A02;-2,2;0,24;6;0,5
P000831;-2,41;0,15;22;0,27;Sim/A/A05;-2,5;0,19;6;0,5;Sim/A/A05 Sim/A/A06 Sim/B/B01 ;-2,5 (0,19 | 6 | 0,5) -2,42 (1,06 | 5 | 0) -2,41 (1,13 | 5 | 0) 
P000832;-2;0,14;44;0,23;Sim/A/A02;-2,01;0,23;7;0,29
P000832;-2;0,14;44;0,23;Sim/A/A05;-1,88;0,26;10;0,7
P000832;-2;0,14;44;0,23;Sim/B/B01;-1,73;0,43;10;0,1;Sim/A/A02 Sim/A/A04 Sim/A/A06 Sim/C/C01 Sim/C/C02 ;-2,01 (0,23 | 7 | 0,29) -2,02 (0,56 | 6 | 0) -2,01 (0,88 | 5 | 0) -2,01 (0,67 | 4 | 0) -2 (1,79 | 1 | 0) 
P000833;-3,45;0,2;29;0,34;Sim/A/A01;-3,66;0,22;7;0,57;Sim/A/A01 Sim/A/A02 Sim/A/A06 Sim/B/B01 Sim/B/B02 ;-3,66 (0,22 | 7 | 0,57) -3,47 (0,85 | 5 | 0) -3,46 (2,27 | 5 | 0) -3,45 (3,8 | 5 | 0) -3,45 (1688,61 | 1 | 0) 
P000834;-1,95;0,15;35;0,17;Sim/A/A02;-1,54;0,24;6;0,5
P000834;-1,95;0,15;35;0,17;Sim/A/A04;-1,92;0,42;10;0,1;Sim/A/A05 Sim/B/B01 Sim/C/C01 Sim/C/C02 ;-2,21 (0,23 | 4 | 0,5) -1,97 (0,64 | 5 | 0) -1,97 (0,64 | 4 | 0) -1,95 (1,76 | 1 | 0) 
P000835;3,99;0,09;70;0,69;Sim/C/C04;3,44;0,24;10;0,5
P000835;3,99;0,09;70;0,69;Sim/C/C07;3,58;0,21;5;0,4
P000835;3,99;0,09;70;0,69;Sim/C/C08;4,15;0,24;5;0,4;Sim/B/B03 Sim/C/C04 Sim/C/C07 Sim/C/C09 ;2,26 (0,85 | 6 | 0,83) 3,44 (0,24 | 10 | 0,5) 3,58 (0,21 | 5 | 0,4) 3,32 (0,68 | 8 | 0,13) 
P000836;5,16;0,19;39;0,95;Sim/C/C09;5,19;0,33;10;0,9;Sim/C/C08 ;5,07 (0,22 | 4 | 0,75) 
P000837;1;0,11;69;0,71;Sim/A/A02;0,24;0,34;10;0,8
P000837;1;0,11;69;0,71;Sim/B/B01;0,84;0,25;10;0,5
P000837;1;0,11;69;0,71;Sim/B/B02;1,48;0,44;10;0,6
P000837;1;0,11;69;0,71;Sim/B/B03;1,41;0,25;5;0,6
P000837;1;0,11;69;0,71;Sim/C/C02;0,81;0,3;10;0,7
P000837;1;0,11;69;0,71;Sim/C/C03;1,01;0,23;9;0,67;Sim/A/A02 Sim/B/B01 Sim/C/C02 ;0,24 (0,34 | 10 | 0,8) 0,84 (0,25 | 10 | 0,5) 0,81 (0,3 | 10 | 0,7) 
P000838;2,73;0,13;60;0,6;Sim/B/B02;2,57;0,35;10;0,8
P000838;2,73;0,13;60;0,6;Sim/C/C03;1,67;0,46;10;0,9
P000838;2,73;0,13;60;0,6;Sim/C/C05;2,96;0,21;7;0,29
P000838;2,73;0,13;60;0,6;Sim/C/C10;3,04;0,22;5;0,4;Sim/B/B02 Sim/B/B03 Sim/C/C03 Sim/C/C04 Sim/C/C07 ;2,57 (0,35 | 10 | 0,8) 2,08 (0,51 | 10 | 0,9) 1,67 (0,46 | 10 | 0,9) 2,05 (0,73 | 5 | 0) 2,1 (0,83 | 5 | 0) 
P000839;-2,54;0,15;22;0,18;Sim/A/A02;-2,48;0,23;7;0,29
P000839;-2,54;0,15;22;0,18;Sim/A/A05;-2,56;0,2;5;0,4;Sim/A/A05 Sim/A/A06 Sim/B/B01 ;-2,56 (0,2 | 5 | 0,4) -2,56 (1,14 | 5 | 0) -2,55 (1,33 | 5 | 0) 
P000840;-2,13;0,15;26;0,31;Sim/A/A02;-1,98;0,22;6;0,5
P000840;-2,13;0,15;26;0,31;Sim/A/A05;-2,32;0,21;5;0,6
P000840;-2,13;0,15;26;0,31;Sim/B/B01;-1,79;0,46;10;0,1;Sim/A/A05 ;-2,32 (0,21 | 5 | 0,6) 
P000841;0,82;0,1;60;0,68;Sim/A/A02;0,83;0,39;10;0,9
P000841;0,82;0,1;60;0,68;Sim/B/B01;0,69;0,28;10;0,5
P000841;0,82;0,1;60;0,68;Sim/B/B02;0,8;0,26;10;0,5
P000841;0,82;0,1;60;0,68;Sim/B/B03;0,6;0,24;5;0,2
P000841;0,82;0,1;60;0,68;Sim/C/C02;0,93;0,31;10;0,8
P000841;0,82;0,1;60;0,68;Sim/C/C03;0,98;0,25;6;0,67;Sim/B/B01 Sim/B/B02 Sim/B/B03 ;0,69 (0,28 | 10 | 0,5) 0,8 (0,26 | 10 | 0,5) 0,6 (0,24 | 5 | 0,2) 
P000842;2,15;0,18;64;0,41;Sim/B/B01;1,43;0,31;10;0,7
P000842;2,15;0,18;64;0,41;Sim/B/B02;2,41;0,32;10;0,7
P000842;2,15;0,18;64;0,41;Sim/C/C04;2,7;0,37;10;0,3;Sim/B/B01 Sim/B/B03 Sim/B/B04 Sim/C/C05 Sim/C/C10 ;1,43 (0,31 | 10 | 0,7) 2,13 (0,64 | 7 | 0,86) 1,86 (0,78 | 6 | 0,17) 2,14 (0,95 | 5 | 0) 2,14 (0,87 | 5 | 0) 
P000843;2,63;0,14;63;0,44;Sim/B/B01;1,89;0,46;10;0,8
P000843;2,63;0,14;63;0,44;Sim/B/B02;2,57;0,35;10;0,8
P000843;2,63;0,14;63;0,44;Sim/C/C07;2,99;0,24;6;0,33
P000843;2,63;0,14;63;0,44;Sim/C/C10;2,55;0,44;10;0,2;Sim/B/B01 Sim/B/B02 Sim/C/C04 Sim/C/C05 Sim/C/C06 Sim/C/C10 ;1,89 (0,46 | 10 | 0,8) 2,57 (0,35 | 10 | 0,8) 2,05 (0,73 | 5 | 0,2) 2,09 (0,9 | 8 | 0) 2,62 (1,02 | 5 | 0) 2,55 (0,44 | 10 | 0,2) 
P000844;-0,53;0,08;58;0,43;Sim/A/A02;-0,99;0,23;7;0,57
P000844;-0,53;0,08;58;0,43;Sim/A/A04;-0,41;0,25;7;0,57
P000844;-0,53;0,08;58;0,43;Sim/B/B01;-0,45;0,25;8;0,5
P000844;-0,53;0,08;58;0,43;Sim/B/B02;-0,55;0,25;10;0,1
P000844;-0,53;0,08;58;0,43;Sim/C/C03;-0,39;0,32;10;0,3;Sim/A/A02 Sim/A/A06 Sim/A/A07 Sim/B/B02 ;-0,99 (0,23 | 7 | 0,57) -0,58 (0,22 | 4 | 0,75) -0,55 (0,2 | 4 | 0,5) -0,55 (0,25 | 10 | 0,1) 
P000845;0,13;0,09;88;0,58;Sim/A/A02;0,41;0,35;10;0,8
P000845;0,13;0,09;88;0,58;Sim/A/A07;0,16;0,34;10;0,6
P000845;0,13;0,09;88;0,58;Sim/B/B01;0,4;0,3;10;0,6
P000845;0,13;0,09;88;0,58;Sim/B/B02;-0,12;0,23;5;0,4
P000845;0,13;0,09;88;0,58;Sim/B/B03;0,11;0,36;10;0
P000845;0,13;0,09;88;0,58;Sim/C/C01;0,61;0,46;10;0,9
P000845;0,13;0,09;88;0,58;Sim/C/C02;0,72;0,3;10;0,7
P000845;0,13;0,09;88;0,58;Sim/C/C03;-0,3;0,32;10;0,3;Sim/A/A04 Sim/A/A06 Sim/B/B02 Sim/B/B03 Sim/C/C03 ;-0,13 (0,24 | 3 | 0,33) 0,08 (0,51 | 10 | 0,9) -0,12 (0,23 | 5 | 0,4) 0,11 (0,36 | 10 | 0) -0,3 (0,32 | 10 | 0,3) 
P000846;0,71;0,1;69;0,7;Sim/A/A02;0,81;0,39;10;1
P000846;0,71;0,1;69;0,7;Sim/B/B01;0,43;0,3;10;0,5
P000846;0,71;0,1;69;0,7;Sim/B/B02;1,29;0,42;10;0,5
P000846;0,71;0,1;69;0,7;Sim/C/C02;0,5;0,3;10;0,6
P000846;0,71;0,1;69;0,7;Sim/C/C03;0,11;0,24;9;0,44;Sim/B/B01 Sim/C/C02 Sim/C/C03 ;0,43 (0,3 | 10 | 0,5) 0,5 (0,3 | 10 | 0,6) 0,11 (0,24 | 9 | 0,44) 
P000847;2,63;0,18;36;0,56;Sim/B/B03;1,82;0,36;10;0,8;Sim/B/B03 Sim/C/C07 Sim/C/C10 ;1,82 (0,36 | 10 | 0,8) 2,1 (0,83 | 5 | 0,2) 2,05 (1,01 | 7 | 0) 
P000848;-2,47;0,16;29;0,21;Sim/A/A02;-2,87;0,28;10;0,1
P000848;-2,47;0,16;29;0,21;Sim/A/A05;-2,09;0,25;5;0,8;Sim/A/A02 Sim/B/B01 Sim/B/B02 ;-2,87 (0,28 | 10 | 0,1) -2,48 (1,34 | 5 | 0) -2,47 (92,41 | 1 | 0) 
P000849;-3,13;0,17;43;0,3;Sim/A/A01;-3,47;0,25;7;0,57
P000849;-3,13;0,17;43;0,3;Sim/A/A02;-2,87;0,28;10;0,1
P000849;-3,13;0,17;43;0,3;Sim/A/A05;-3,05;0,24;10;0,4;Sim/A/A01 Sim/A/A06 Sim/B/B01 Sim/B/B02 ;-3,47 (0,25 | 7 | 0,57) -3,13 (1,85 | 5 | 0) -3,14 (2,63 | 5 | 0) -3,13 (653,27 | 1 | 0) 
P000850;1,47;0,15;41;0,71;Sim/B/B01;1,66;0,38;10;0,8
P000850;1,47;0,15;41;0,71;Sim/B/B02;1,51;0,43;10;0,5
P000850;1,47;0,15;41;0,71;Sim/B/B03;1,6;0,26;10;0,7
P000850;1,47;0,15;41;0,71;Sim/C/C03;0,99;0,25;6;0,67;Sim/C/C03 ;0,99 (0,25 | 6 | 0,67) 
P000851;1,1;0,12;51;0,76;Sim/A/A02;1,13;0,38;10;1
P000851;1,1;0,12;51;0,76;Sim/B/B01;1,8;0,43;10;0,9
P000851;1,1;0,12;51;0,76;Sim/B/B02;0,79;0,26;10;0,5
P000851;1,1;0,12;51;0,76;Sim/B/B03;0,77;0,22;5;0,4
P000851;1,1;0,12;51;0,76;Sim/C/C03;0,83;0,2;7;0,57;Sim/B/B02 Sim/B/B03 Sim/C/C03 ;0,79 (0,26 | 10 | 0,5) 0,77 (0,22 | 5 | 0,4) 0,83 (0,2 | 7 | 0,57) 
P000852;1,37;0,13;66;0,77;Sim/B/B01;1,04;0,25;9;0,67
P000852;1,37;0,13;66;0,77;Sim/B/B02;1,32;0,43;10;0,5
P000852;1,37;0,13;66;0,77;Sim/B/B03;1,88;0,39;10;0,9
P000852;1,37;0,13;66;0,77;Sim/C/C02;1,33;0,43;10;0,9
P000852;1,37;0,13;66;0,77;Sim/C/C03;1,22;0,27;10;0,8;Sim/A/A04 Sim/B/B01 Sim/B/B02 Sim/C/C02 Sim/C/C03 Sim/C/C04 Sim/C/C07 ;0,92 (0,55 | 7 | 0,86) 1,04 (0,25 | 9 | 0,67) 1,32 (0,43 | 10 | 0,5) 1,33 (0,43 | 10 | 0,9) 1,22 (0,27 | 10 | 0,8) 1,37 (2,59 | 1 | 0) 1,37 (2,36 | 1 | 0) 
P000853;0,39;0,09;73;0,63;Sim/A/A02;-0,08;0,3;10;0,7
P000853;0,39;0,09;73;0,63;Sim/B/B01;0,69;0,28;10;0,5
P000853;0,39;0,09;73;0,63;Sim/B/B02;0,56;0,23;6;0,5
P000853;0,39;0,09;73;0,63;Sim/C/C01;0,16;0,26;10;0,8
P000853;0,39;0,09;73;0,63;Sim/C/C02;0,28;0,28;10;0,5
P000853;0,39;0,09;73;0,63;Sim/C/C03;0,4;0,19;8;0,5;Sim/A/A02 Sim/A/A04 Sim/C/C01 Sim/C/C02 ;-0,08 (0,3 | 10 | 0,7) -0,05 (0,22 | 4 | 0,5) 0,16 (0,26 | 10 | 0,8) 0,28 (0,28 | 10 | 0,5) 
P000854;-2,42;0,15;22;0,23;Sim/A/A02;-2,48;0,23;7;0,29
P000854;-2,42;0,15;22;0,23;Sim/A/A05;-2,32;0,21;5;0,6;Sim/A/A02 Sim/A/A06 Sim/B/B01 ;-2,48 (0,23 | 7 | 0,29) -2,43 (1,07 | 5 | 0) -2,42 (1,15 | 5 | 0) 
P000855;-1,34;0,11;51;0,18;Sim/B/B01;-1,79;0,46;10;0,1
P000855;-1,34;0,11;51;0,18;Sim/C/C02;-1,1;0,33;10;0,2;Sim/A/A04 Sim/A/A06 Sim/A/A07 Sim/B/B01 Sim/C/C03 ;-1,44 (0,25 | 4 | 0,25) -1,93 (0,65 | 8 | 0) -1,7 (0,99 | 6 | 0,17) -1,79 (0,46 | 10 | 0,1) -1,89 (1,27 | 5 | 0) 
P000856;3,33;0,1;43;0,6;Sim/B/B04;3,03;0,19;6;0,5
P000856;3,33;0,1;43;0,6;Sim/C/C07;3,68;0,22;5;0,6;Sim/B/B04 Sim/C/C04 ;3,03 (0,19 | 6 | 0,5) 2,04 (0,72 | 6 | 0) 
P000857;-0,53;0,08;58;0,36;Sim/A/A02;-0,55;0,24;8;0,5
P000857;-0,53;0,08;58;0,36;Sim/A/A06;-0,68;0,17;7;0,57
P000857;-0,53;0,08;58;0,36;Sim/A/A07;-0,44;0,19;6;0,5
P000857;-0,53;0,08;58;0,36;Sim/B/B01;-0,18;0,25;5;0,4
P000857;-0,53;0,08;58;0,36;Sim/C/C01;-0,78;0,2;6;0,33
P000857;-0,53;0,08;58;0,36;Sim/C/C03;-0,39;0,32;10;0,3;Sim/A/A02 Sim/A/A06 Sim/B/B03 Sim/C/C01 Sim/C/C02 ;-0,55 (0,24 | 8 | 0,5) -0,68 (0,17 | 7 | 0,57) -0,53 (1,06 | 5 | 0) -0,78 (0,2 | 6 | 0,33) -0,78 (0,25 | 4 | 0,25) 
P000858;-0,17;0,08;72;0,6;Sim/A/A02;-0,09;0,3;10;0,7
P000858;-0,17;0,08;72;0,6;Sim/A/A04;0,42;0,26;10;0,7
P000858;-0,17;0,08;72;0,6;Sim/B/B01;-1,13;0,29;10;0,3
P000858;-0,17;0,08;72;0,6;Sim/B/B02;-0,48;0,24;8;0,25
P000858;-0,17;0,08;72;0,6;Sim/C/C01;0,33;0,32;10;0,9
P000858;-0,17;0,08;72;0,6;Sim/C/C02;-0,46;0,23;5;0,4;Sim/B/B01 Sim/B/B02 Sim/C/C02 Sim/C/C03 ;-1,13 (0,29 | 10 | 0,3) -0,48 (0,24 | 8 | 0,25) -0,46 (0,23 | 5 | 0,4) -1,03 (0,53 | 6 | 0,17) 
P000859;-5,08;0,36;31;0,03;Sim/A/A01;-4,89;0,33;10;0,1;Sim/A/A03 Sim/A/A06 Sim/B/B01 Sim/B/B02 ;-5,19 (0,74 | 5 | 0) -5,09 (4,1 | 5 | 0) -5,09 (6,14 | 5 | 0) -5,08 (214321,78 | 1 | 0) 
P000860;1,89;0,21;34;0,71;Sim/B/B02;1,75;0,36;10;0,6
P000860;1,89;0,21;34;0,71;Sim/B/B03;1,76;0,33;10;0,8;Sim/B/B02 Sim/B/B03 Sim/B/B04 Sim/C/C04 Sim/C/C07 Sim/C/C10 ;1,75 (0,36 | 10 | 0,6) 1,76 (0,33 | 10 | 0,8) 1,87 (1,51 | 1 | 0) 1,89 (1,63 | 1 | 0) 1,88 (1,43 | 1 | 0) 1,89 (1,95 | 1 | 0) 
P000861;-1,04;0,09;47;0,32;Sim/A/A02;-0,89;0,24;6;0,5
P000861;-1,04;0,09;47;0,32;Sim/A/A04;-1,04;0,18;5;0,4
P000861;-1,04;0,09;47;0,32;Sim/A/A06;-0,78;0,17;5;0,6
P000861;-1,04;0,09;47;0,32;Sim/C/C01;-1,13;0,24;7;0,43
P000861;-1,04;0,09;47;0,32;Sim/C/C02;-0,93;0,26;10;0,4;Sim/A/A07 Sim/B/B01 Sim/C/C01 ;-1,63 (0,97 | 6 | 0) -2,51 (1,12 | 8 | 0) -1,13 (0,24 | 7 | 0,43) 
P000862;-3,67;0,18;27;0,22;Sim/A/A01;-3,47;0,25;7;0,57;Sim/A/A02 Sim/A/A03 Sim/A/A06 Sim/B/B01 Sim/B/B02 ;-3,67 (1,23 | 5 | 0) -3,89 (0,24 | 4 | 0,5) -3,67 (2,55 | 5 | 0) -3,67 (4,14 | 5 | 0) -3,67 (3186,53 | 1 | 0) 
P000863;-3,23;0,22;34;0,38;Sim/A/A01;-3,33;0,27;10;0,7;Sim/A/A01 Sim/A/A02 Sim/A/A06 Sim/B/B01 Sim/B/B02 ;-3,33 (0,27 | 10 | 0,7) -3,27 (0,54 | 7 | 0) -3,23 (1,97 | 5 | 0) -3,23 (3,18 | 5 | 0) -3,23 (864,95 | 1 | 0) 
P000864;1,09;0,11;58;0,76;Sim/A/A02;1,12;0,38;10;1
P000864;1,09;0,11;58;0,76;Sim/B/B01;0,72;0,28;10;0,6
P000864;1,09;0,11;58;0,76;Sim/B/B02;0,82;0,27;10;0,5
P000864;1,09;0,11;58;0,76;Sim/B/B03;1,18;0,2;5;0,6
P000864;1,09;0,11;58;0,76;Sim/C/C02;0,91;0,3;10;0,8
P000864;1,09;0,11;58;0,76;Sim/C/C03;1,44;0,35;10;0,9;Sim/B/B01 Sim/B/B02 Sim/C/C02 ;0,72 (0,28 | 10 | 0,6) 0,82 (0,27 | 10 | 0,5) 0,91 (0,3 | 10 | 0,8) 
P000865;-0,9;0,08;53;0,36;Sim/A/A02;-1,13;0,23;6;0,5
P000865;-0,9;0,08;53;0,36;Sim/A/A04;-0,73;0,24;5;0,6
P000865;-0,9;0,08;53;0,36;Sim/A/A06;-1,23;0,23;5;0,2
P000865;-0,9;0,08;53;0,36;Sim/B/B01;-1,1;0,29;10;0,4
P000865;-0,9;0,08;53;0,36;Sim/C/C02;-0,75;0,23;6;0,33
P000865;-0,9;0,08;53;0,36;Sim/C/C03;-0,88;0,43;10;0,2;Sim/A/A02 Sim/A/A06 Sim/B/B01 ;-1,13 (0,23 | 6 | 0,5) -1,23 (0,23 | 5 | 0,2) -1,1 (0,29 | 10 | 0,4) 
P000866;1;0,11;52;0,77;Sim/A/A02;0,83;0,39;10;0,9
P000866;1;0,11;52;0,77;Sim/B/B01;0,99;0,24;7;0,57
P000866;1;0,11;52;0,77;Sim/B/B02;0,51;0,23;5;0,6
P000866;1;0,11;52;0,77;Sim/B/B03;1,16;0,2;5;0,6
P000866;1;0,11;52;0,77;Sim/C/C02;0,81;0,3;10;0,8
P000866;1;0,11;52;0,77;Sim/C/C03;1,27;0,29;10;0,8;Sim/A/A02 Sim/B/B01 Sim/B/B02 Sim/C/C02 ;0,83 (0,39 | 10 | 0,9) 0,99 (0,24 | 7 | 0,57) 0,51 (0,23 | 5 | 0,6) 0,81 (0,3 | 10 | 0,8) 
P000867;-2,3;0,16;21;0,29;Sim/A/A02;-2,2;0,24;6;0,5
P000867;-2,3;0,16;21;0,29;Sim/A/A05;-2,32;0,21;5;0,6;Sim/A/A05 Sim/A/A06 Sim/B/B01 ;-2,32 (0,21 | 5 | 0,6) -2,32 (1 | 5 | 0) -2,31 (0,99 | 5 | 0) 
P000868;3,37;0,09;64;0,58;Sim/B/B02;2,36;0,32;10;0,6
P000868;3,37;0,09;64;0,58;Sim/B/B04;2,64;0,22;6;0,33
P000868;3,37;0,09;64;0,58;Sim/C/C04;3,56;0,24;8;0,5
P000868;3,37;0,09;64;0,58;Sim/C/C05;4,1;0,27;10;0,7
P000868;3,37;0,09;64;0,58;Sim/C/C06;4,08;0,17;6;0,67
P000868;3,37;0,09;64;0,58;Sim/C/C10;2,77;0,3;10;0,2;Sim/B/B02 Sim/B/B04 Sim/C/C07 Sim/C/C10 ;2,36 (0,32 | 10 | 0,6) 2,64 (0,22 | 6 | 0,33) 3,19 (0,23 | 4 | 0,5) 2,77 (0,3 | 10 | 0,2) 
P000869;0,11;0,09;67;0,69;Sim/A/A02;-0,24;0,27;10;0,7
P000869;0,11;0,09;67;0,69;Sim/A/A07;0,21;0,36;10;0,8
P000869;0,11;0,09;67;0,69;Sim/B/B01;-0,21;0,25;5;0,6
P000869;0,11;0,09;67;0,69;Sim/B/B02;0;0,22;5;0,6
P000869;0,11;0,09;67;0,69;Sim/C/C01;0,02;0,23;9;0,67
P000869;0,11;0,09;67;0,69;Sim/C/C02;0,58;0,3;10;0,7
P000869;0,11;0,09;67;0,69;Sim/C/C03;0,37;0,19;8;0,5;Sim/A/A02 Sim/A/A04 Sim/B/B01 Sim/B/B02 Sim/C/C01 ;-0,24 (0,27 | 10 | 0,7) 0,08 (0,22 | 4 | 0,5) -0,21 (0,25 | 5 | 0,6) 0 (0,22 | 5 | 0,6) 0,02 (0,23 | 9 | 0,67) 
P000870;2;0,19;51;0,43;Sim/B/B02;1,87;0,32;10;0,5
P000870;2;0,19;51;0,43;Sim/B/B03;1,54;0,25;9;0,67
P000870;2;0,19;51;0,43;Sim/B/B04;2,37;0,3;10;0,2
P000870;2;0,19;51;0,43;Sim/C/C07;2,46;0,4;10;0,2;Sim/B/B02 Sim/B/B03 Sim/C/C04 ;1,87 (0,32 | 10 | 0,5) 1,54 (0,25 | 9 | 0,67) 1,96 (0,79 | 5 | 0) 
P000871;2,78;0,12;45;0,51;Sim/B/B02;2,05;0,3;10;0,5
P000871;2,78;0,12;45;0,51;Sim/C/C10;3,1;0,19;5;0,4;Sim/B/B02 Sim/C/C04 Sim/C/C05 ;2,05 (0,3 | 10 | 0,5) 2,29 (0,58 | 5 | 0,2) 2,12 (0,9 | 7 | 0,14) 
P000872;0,58;0,1;67;0,61;Sim/A/A02;0,24;0,34;10;0,8
P000872;0,58;0,1;67;0,61;Sim/A/A07;0,19;0,35;10;0,7
P000872;0,58;0,1;67;0,61;Sim/B/B01;0,78;0,26;10;0,5
P000872;0,58;0,1;67;0,61;Sim/B/B02;1,18;0,39;10;0,5
P000872;0,58;0,1;67;0,61;Sim/B/B03;0,45;0,24;7;0,29
P000872;0,58;0,1;67;0,61;Sim/C/C02;-0,11;0,24;7;0,43;Sim/A/A02 Sim/A/A07 Sim/B/B03 Sim/C/C02 ;0,24 (0,34 | 10 | 0,8) 0,19 (0,35 | 10 | 0,7) 0,45 (0,24 | 7 | 0,29) -0,11 (0,24 | 7 | 0,43) 
P000873;2,44;0,19;33;0,48;;;;;;Sim/B/B04 Sim/C/C07 Sim/C/C10 ;2 (0,73 | 6 | 0,17) 2,02 (0,83 | 5 | 0) 2,4 (0,6 | 5 | 0) 
P000874;-5,27;0,69;21;0;;;;;;;
P000875;-2,12;0,16;22;0,32;Sim/A/A02;-2,2;0,24;6;0,5
P000875;-2,12;0,16;22;0,32;Sim/A/A05;-1,96;0,25;6;0,67;Sim/A/A02 Sim/A/A06 Sim/B/B01 ;-2,2 (0,24 | 6 | 0,5) -2,14 (0,9 | 5 | 0) -2,13 (0,79 | 5 | 0) 
P000876;2,87;0,11;53;0,47;Sim/C/C04;2,72;0,36;10;0,4
P000876;2,87;0,11;53;0,47;Sim/C/C05;2,97;0,22;6;0,33
P000876;2,87;0,11;53;0,47;Sim/C/C10;3,13;0,19;5;0,4;Sim/B/B04 Sim/C/C04 Sim/C/C06 ;2 (0,73 | 6 | 0,17) 2,72 (0,36 | 10 | 0,4) 2,86 (0,67 | 7 | 0) 
P000877;2,57;0,13;72;0,43;Sim/B/B02;2,44;0,33;10;0,7
P000877;2,57;0,13;72;0,43;Sim/B/B04;2,43;0,27;10;0,2
P000877;2,57;0,13;72;0,43;Sim/C/C04;2,71;0,37;10;0,4
P000877;2,57;0,13;72;0,43;Sim/C/C05;2,69;0,3;10;0,2
P000877;2,57;0,13;72;0,43;Sim/C/C07;2,66;0,31;10;0,3
P000877;2,57;0,13;72;0,43;Sim/C/C10;2,59;0,4;10;0,2;Sim/B/B02 Sim/B/B03 Sim/B/B04 ;2,44 (0,33 | 10 | 0,7) 2,31 (0,93 | 5 | 0,8) 2,43 (0,27 | 10 | 0,2) 
P000878;3,41;0,09;76;0,45;Sim/B/B02;2,18;0,3;10;0,5
P000878;3,41;0,09;76;0,45;Sim/B/B04;3,66;0,26;10;0,8
P000878;3,41;0,09;76;0,45;Sim/C/C04;3,48;0,24;8;0,5
P000878;3,41;0,09;76;0,45;Sim/C/C06;3,39;0,24;9;0
P000878;3,41;0,09;76;0,45;Sim/C/C10;3,77;0,24;5;0,6;Sim/B/B02 Sim/B/B03 Sim/C/C06 Sim/C/C07 Sim/C/C08 Sim/C/C09 ;2,18 (0,3 | 10 | 0,5) 2,55 (1,2 | 5 | 0,8) 3,39 (0,24 | 9 | 0) 3,4 (0,23 | 4 | 0,5) 3,39 (0,52 | 9 | 0,11) 3,27 (0,7 | 7 | 0) 
P000879;3,69;0,09;68;0,5;Sim/B/B04;3,75;0,29;10;0,8
P000879;3,69;0,09;68;0,5;Sim/C/C04;3,9;0,25;7;0,43
P000879;3,69;0,09;68;0,5;Sim/C/C07;3,37;0,22;5;0,4
P000879;3,69;0,09;68;0,5;Sim/C/C08;3,66;0,36;10;0
P000879;3,69;0,09;68;0,5;Sim/C/C10;3,8;0,23;5;0,6;Sim/B/B02 Sim/B/B03 Sim/C/C07 Sim/C/C08 Sim/C/C09 ;3,26 (0,79 | 5 | 0,8) 2,55 (1,2 | 5 | 0,8) 3,37 (0,22 | 5 | 0,4) 3,66 (0,36 | 10 | 0) 3,29 (0,68 | 8 | 0) 
P000880;-4,73;0,19;30;0,07;;;;;;Sim/A/A03 Sim/A/A06 Sim/B/B01 Sim/B/B02 ;-5,41 (0,87 | 10 | 0) -4,73 (3,72 | 5 | 0) -4,73 (5,6 | 5 | 0) -4,73 (74092,74 | 1 | 0) 
P000881;3,38;0,1;65;0,43;Sim/B/B04;2,89;0,2;5;0,4
P000881;3,38;0,1;65;0,43;Sim/C/C04;3,16;0,28;10;0,4
P000881;3,38;0,1;65;0,43;Sim/C/C05;4,01;0,24;7;0,57
P000881;3,38;0,1;65;0,43;Sim/C/C08;3,48;0,45;10;0;Sim/B/B01 Sim/B/B02 Sim/B/B04 Sim/C/C04 Sim/C/C09 Sim/C/C10 ;2,39 (0,78 | 5 | 0,8) 3,3 (0,83 | 5 | 0,8) 2,89 (0,2 | 5 | 0,4) 3,16 (0,28 | 10 | 0,4) 3,3 (0,68 | 7 | 0) 3,17 (0,22 | 3 | 0,33) 
P000882;-0,02;0,08;80;0,54;Sim/A/A02;-0,54;0,25;8;0,5
P000882;-0,02;0,08;80;0,54;Sim/A/A06;-0,22;0,33;10;0,7
P000882;-0,02;0,08;80;0,54;Sim/A/A07;0,05;0,31;10;0,7
P000882;-0,02;0,08;80;0,54;Sim/B/B01;-0,09;0,24;6;0,5
P000882;-0,02;0,08;80;0,54;Sim/B/B02;-0,25;0,21;6;0,33
P000882;-0,02;0,08;80;0,54;Sim/B/B03;0,38;0,25;9;0,11
P000882;-0,02;0,08;80;0,54;Sim/C/C01;0,2;0,28;10;0,8
P000882;-0,02;0,08;80;0,54;Sim/C/C02;0,07;0,25;9;0,56
P000882;-0,02;0,08;80;0,54;Sim/C/C03;0,14;0,24;8;0,5;Sim/A/A02 Sim/A/A06 Sim/B/B01 Sim/B/B02 ;-0,54 (0,25 | 8 | 0,5) -0,22 (0,33 | 10 | 0,7) -0,09 (0,24 | 6 | 0,5) -0,25 (0,21 | 6 | 0,33) 
P000883;5,97;0,77;41;1;;;;;;;
P000884;4,87;0,13;55;0,87;Sim/C/C06;4,62;0,31;10;0,9
P000884;4,87;0,13;55;0,87;Sim/C/C08;4,88;0,18;5;0,6
P000884;4,87;0,13;55;0,87;Sim/C/C09;5,06;0,27;10;0,8
P000884;4,87;0,13;55;0,87;Sim/C/C10;4,35;0,31;10;0,8;Sim/C/C06 Sim/C/C10 ;4,62 (0,31 | 10 | 0,9) 4,35 (0,31 | 10 | 0,8) 
P000885;-0,41;0,08;60;0,48;Sim/A/A02;-0,31;0,26;10;0,6
P000885;-0,41;0,08;60;0,48;Sim/A/A04;-0,68;0,25;6;0,5
P000885;-0,41;0,08;60;0,48;Sim/A/A06;-0,54;0,23;5;0,6
P000885;-0,41;0,08;60;0,48;Sim/A/A07;-0,51;0,16;9;0,44
P000885;-0,41;0,08;60;0,48;Sim/B/B01;-0,21;0,25;5;0,6
P000885;-0,41;0,08;60;0,48;Sim/B/B02;-0,28;0,21;7;0,43
P000885;-0,41;0,08;60;0,48;Sim/C/C02;-0;0,25;9;0,44;Sim/A/A04 Sim/A/A06 Sim/A/A07 Sim/C/C01 Sim/C/C03 ;-0,68 (0,25 | 6 | 0,5) -0,54 (0,23 | 5 | 0,6) -0,51 (0,16 | 9 | 0,44) -0,42 (0,22 | 4 | 0,5) -1,3 (0,77 | 5 | 0,2) 
P000886;-2,1;0,15;22;0,32;Sim/A/A02;-2,2;0,24;6;0,5
P000886;-2,1;0,15;22;0,32;Sim/A/A05;-1,93;0,25;6;0,67;Sim/A/A02 Sim/A/A06 Sim/B/B01 ;-2,2 (0,24 | 6 | 0,5) -2,12 (0,89 | 5 | 0) -2,12 (0,77 | 5 | 0) 
P000887;1,8;0,2;38;0,76;Sim/B/B01;1,52;0,34;10;0,7
P000887;1,8;0,2;38;0,76;Sim/B/B02;2,31;0,31;10;0,8
P000887;1,8;0,2;38;0,76;Sim/B/B03;1,39;0,23;5;0,8;Sim/B/B01 Sim/B/B03 Sim/C/C04 Sim/C/C07 Sim/C/C10 ;1,52 (0,34 | 10 | 0,7) 1,39 (0,23 | 5 | 0,8) 1,8 (1,84 | 1 | 0) 1,79 (1,55 | 1 | 0) 1,8 (2,24 | 1 | 0) 
P000888;0,06;0,08;83;0,59;Sim/A/A02;0,24;0,34;10;0,8
P000888;0,06;0,08;83;0,59;Sim/A/A04;-0,27;0,23;6;0,5
P000888;0,06;0,08;83;0,59;Sim/A/A07;0,1;0,32;10;0,9
P000888;0,06;0,08;83;0,59;Sim/B/B01;0,43;0,3;10;0,5
P000888;0,06;0,08;83;0,59;Sim/B/B02;0,34;0,2;8;0,63
P000888;0,06;0,08;83;0,59;Sim/B/B03;0,25;0,29;10;0,1
P000888;0,06;0,08;83;0,59;Sim/C/C01;0,66;0,48;10;0,9
P000888;0,06;0,08;83;0,59;Sim/C/C02;-0,29;0,23;5;0,6
P000888;0,06;0,08;83;0,59;Sim/C/C03;-0,3;0,32;10;0,3;Sim/A/A04 Sim/A/A06 Sim/C/C02 Sim/C/C03 ;-0,27 (0,23 | 6 | 0,5) -0,58 (0,22 | 4 | 0,75) -0,29 (0,23 | 5 | 0,6) -0,3 (0,32 | 10 | 0,3) 
P000889;-2,9;0,16;37;0,32;Sim/A/A01;-2,98;0,37;10;0,7
P000889;-2,9;0,16;37;0,32;Sim/A/A02;-2,65;0,24;7;0,29
P000889;-2,9;0,16;37;0,32;Sim/A/A05;-3,02;0,24;9;0,33;Sim/A/A01 Sim/A/A05 Sim/A/A06 Sim/B/B01 Sim/B/B02 ;-2,98 (0,37 | 10 | 0,7) -3,02 (0,24 | 9 | 0,33) -2,9 (1,59 | 5 | 0) -2,9 (2,11 | 5 | 0) -2,9 (325,5 | 1 | 0) 
P000890;1,9;0,21;33;0,61;Sim/B/B02;1,9;0,32;10;0,5
P000890;1,9;0,21;33;0,61;Sim/B/B03;1,77;0,34;10;0,8;Sim/B/B03 Sim/B/B04 Sim/C/C04 Sim/C/C07 Sim/C/C10 ;1,77 (0,34 | 10 | 0,8) 1,88 (1,03 | 2 | 0) 1,9 (1,61 | 1 | 0) 1,89 (1,42 | 1 | 0) 1,9 (1,92 | 1 | 0) 
P000891;2,62;0,13;60;0,32;Sim/C/C04;2,73;0,36;10;0,3
P000891;2,62;0,13;60;0,32;Sim/C/C06;3,5;0,24;5;0,2
P000891;2,62;0,13;60;0,32;Sim/C/C07;2,74;0,28;10;0,2;Sim/B/B01 Sim/B/B04 Sim/C/C05 Sim/C/C10 ;2,39 (0,78 | 5 | 0,8) 2 (0,73 | 6 | 0) 2,12 (0,9 | 7 | 0) 2,05 (1,01 | 7 | 0) 
P000892;0,71;0,1;64;0,58;Sim/A/A02;1,27;0,41;10;1
P000892;0,71;0,1;64;0,58;Sim/A/A04;0,52;0,31;10;0,8
P000892;0,71;0,1;64;0,58;Sim/B/B01;1,07;0,24;7;0,57
P000892;0,71;0,1;64;0,58;Sim/B/B02;1,51;0,43;10;0,5
P000892;0,71;0,1;64;0,58;Sim/B/B03;0,29;0,27;10;0
P000892;0,71;0,1;64;0,58;Sim/C/C02;0,37;0,28;10;0,6
P000892;0,71;0,1;64;0,58;Sim/C/C03;0,83;0,2;7;0,57;Sim/A/A04 Sim/B/B03 Sim/C/C02 ;0,52 (0,31 | 10 | 0,8) 0,29 (0,27 | 10 | 0) 0,37 (0,28 | 10 | 0,6) 
P000893;5,88;0,67;41;0,98;;;;;;Sim/B/B02 ;3,26 (0,79 | 5 | 0,8) 
P000894;-0,35;0,08;66;0,38;Sim/A/A02;-0,34;0,25;10;0,6
P000894;-0,35;0,08;66;0,38;Sim/A/A07;-0,77;0,18;7;0,29
P000894;-0,35;0,08;66;0,38;Sim/B/B01;0,06;0,25;6;0,5
P000894;-0,35;0,08;66;0,38;Sim/B/B02;-0,88;0,48;10;0,1
P000894;-0,35;0,08;66;0,38;Sim/C/C02;0,11;0,26;10;0,5
P000894;-0,35;0,08;66;0,38;Sim/C/C03;-0,25;0,31;10;0,4;Sim/A/A07 Sim/B/B02 Sim/B/B03 Sim/C/C01 ;-0,77 (0,18 | 7 | 0,29) -0,88 (0,48 | 10 | 0,1) -0,38 (0,9 | 5 | 0) -0,37 (0,22 | 4 | 0,5) 
P000895;-2,02;0,15;33;0,15;Sim/A/A04;-1,92;0,42;10;0,1;Sim/A/A05 Sim/B/B01 Sim/C/C01 Sim/C/C02 ;-2,09 (0,24 | 4 | 0,5) -2,04 (0,7 | 5 | 0) -2,04 (0,69 | 4 | 0) -2,03 (1,81 | 1 | 0) 
P000896;1,98;0,2;51;0,73;Sim/B/B01;1,66;0,38;10;0,8
P000896;1,98;0,2;51;0,73;Sim/B/B02;2,41;0,32;10;0,8
P000896;1,98;0,2;51;0,73;Sim/C/C03;1,44;0,35;10;0,9;Sim/B/B01 Sim/B/B04 Sim/C/C02 Sim/C/C03 Sim/C/C04 Sim/C/C07 ;1,66 (0,38 | 10 | 0,8) 1,97 (0,74 | 5 | 0) 1,47 (0,54 | 6 | 0,83) 1,44 (0,35 | 10 | 0,9) 1,96 (1,13 | 2 | 0) 1,97 (1,33 | 1 | 0) 
P000897;-4,31;0,16;24;0,13;Sim/A/A01;-4,27;0,23;5;0,4;Sim/A/A02 Sim/A/A03 Sim/A/A06 Sim/B/B01 Sim/B/B02 ;-4,31 (3,03 | 5 | 0) -4,34 (0,24 | 3 | 0,33) -4,32 (3,31 | 5 | 0) -4,31 (5,01 | 5 | 0) -4,31 (21599,41 | 1 | 0) 
P000898;-0,22;0,09;62;0,5;Sim/A/A02;0,83;0,39;10;0,9
P000898;-0,22;0,09;62;0,5;Sim/A/A06;-0,06;0,42;10;0,8
P000898;-0,22;0,09;62;0,5;Sim/A/A07;-0,63;0,2;5;0,4
P000898;-0,22;0,09;62;0,5;Sim/B/B01;-0,18;0,25;5;0,4
P000898;-0,22;0,09;62;0,5;Sim/B/B02;-0,37;0,23;5;0,2
P000898;-0,22;0,09;62;0,5;Sim/C/C02;-0,91;0,26;10;0,1;Sim/A/A07 Sim/B/B02 Sim/B/B03 Sim/C/C02 ;-0,63 (0,2 | 5 | 0,4) -0,37 (0,23 | 5 | 0,2) -0,22 (0,69 | 5 | 0) -0,91 (0,26 | 10 | 0,1) 
P000899;-2,47;0,16;29;0,38;Sim/A/A02;-2,2;0,24;6;0,5
P000899;-2,47;0,16;29;0,38;Sim/A/A05;-2,78;0,22;5;0,4;Sim/A/A05 Sim/B/B01 ;-2,78 (0,22 | 5 | 0,4) -2,48 (1,24 | 5 | 0) 
P000900;0,61;0,1;65;0,63;Sim/A/A02;0,83;0,39;10;0,9
P000900;0,61;0,1;65;0,63;Sim/A/A04;0,59;0,34;10;0,8
P000900;0,61;0,1;65;0,63;Sim/B/B01;0,31;0,28;10;0,5
P000900;0,61;0,1;65;0,63;Sim/B/B02;0,8;0,26;10;0,5
P000900;0,61;0,1;65;0,63;Sim/B/B03;0,49;0,23;7;0,29
P000900;0,61;0,1;65;0,63;Sim/C/C02;0,53;0,29;10;0,6;Sim/A/A04 Sim/B/B01 Sim/B/B03 Sim/C/C02 ;0,59 (0,34 | 10 | 0,8) 0,31 (0,28 | 10 | 0,5) 0,49 (0,23 | 7 | 0,29) 0,53 (0,29 | 10 | 0,6) 
P000901;-0,4;0,08;65;0,52;Sim/A/A02;0,24;0,34;10;0,8
P000901;-0,4;0,08;65;0,52;Sim/A/A04;-0,68;0,25;6;0,5
P000901;-0,4;0,08;65;0,52;Sim/A/A06;-0,48;0,24;6;0,67
P000901;-0,4;0,08;65;0,52;Sim/A/A07;0,13;0,33;10;0,7
P000901;-0,4;0,08;65;0,52;Sim/B/B01;-0,94;0,28;10;0,4
P000901;-0,4;0,08;65;0,52;Sim/B/B02;0;0,22;5;0,6
P000901;-0,4;0,08;65;0,52;Sim/C/C03;-0,64;0,34;10;0,2;Sim/A/A04 Sim/A/A06 Sim/B/B01 Sim/C/C01 Sim/C/C02 Sim/C/C03 ;-0,68 (0,25 | 6 | 0,5) -0,48 (0,24 | 6 | 0,67) -0,94 (0,28 | 10 | 0,4) -0,57 (0,22 | 4 | 0,5) -0,78 (0,25 | 4 | 0,25) -0,64 (0,34 | 10 | 0,2) 
P000902;-0,81;0,09;52;0,37;Sim/A/A02;-1,25;0,24;5;0,4
P000902;-0,81;0,09;52;0,37;Sim/B/B01;-0,44;0,24;10;0,6
P000902;-0,81;0,09;52;0,37;Sim/B/B02;-0,72;0,35;10;0
P000902;-0,81;0,09;52;0,37;Sim/C/C01;-0,36;0,22;5;0,6;Sim/A/A02 Sim/A/A04 Sim/A/A07 Sim/C/C02 Sim/C/C03 ;-1,25 (0,24 | 5 | 0,4) -1,15 (0,2 | 4 | 0,5) -0,88 (0,24 | 4 | 0,25) -1,68 (0,94 | 5 | 0,2) -1,03 (0,53 | 6 | 0,17) 
P000903;-2,07;0,16;27;0,33;Sim/A/A02;-2,2;0,24;6;0,5
P000903;-2,07;0,16;27;0,33;Sim/A/A05;-2,07;0,24;5;0,8
P000903;-2,07;0,16;27;0,33;Sim/B/B01;-1,43;0,33;10;0,2;Sim/A/A02 Sim/A/A05 Sim/A/A06 ;-2,2 (0,24 | 6 | 0,5) -2,07 (0,24 | 5 | 0,8) -2,1 (0,89 | 5 | 0) 
P000904;-4,58;0,16;31;0,16;Sim/A/A01;-4,44;0,23;5;0,4
P000904;-4,58;0,16;31;0,16;Sim/A/A03;-4,74;0,28;10;0,3;Sim/A/A03 Sim/A/A06 Sim/B/B01 Sim/B/B02 ;-4,74 (0,28 | 10 | 0,3) -4,59 (3,57 | 5 | 0) -4,59 (5,39 | 5 | 0) -4,58 (48664,1 | 1 | 0) 
P000905;0,51;0,1;61;0,67;Sim/A/A02;0,83;0,39;10;0,9
P000905;0,51;0,1;61;0,67;Sim/A/A07;-0,17;0,24;7;0,71
P000905;0,51;0,1;61;0,67;Sim/B/B01;1,07;0,24;7;0,57
P000905;0,51;0,1;61;0,67;Sim/B/B02;0,51;0,23;5;0,6
P000905;0,51;0,1;61;0,67;Sim/C/C01;0,45;0,38;10;0,8
P000905;0,51;0,1;61;0,67;Sim/C/C02;0,29;0,28;10;0,6;Sim/A/A04 Sim/A/A07 Sim/C/C01 Sim/C/C02 Sim/C/C03 ;0,24 (0,24 | 4 | 0,75) -0,17 (0,24 | 7 | 0,71) 0,45 (0,38 | 10 | 0,8) 0,29 (0,28 | 10 | 0,6) 0,32 (0,23 | 4 | 0,25) 
P000906;3,33;0,09;76;0,47;Sim/B/B02;2,84;0,43;10;0,9
P000906;3,33;0,09;76;0,47;Sim/B/B04;3,48;0,24;5;0,6
P000906;3,33;0,09;76;0,47;Sim/C/C04;3,26;0,26;10;0,4
P000906;3,33;0,09;76;0,47;Sim/C/C05;3,02;0,2;7;0,29
P000906;3,33;0,09;76;0,47;Sim/C/C06;3,32;0,26;10;0,2
P000906;3,33;0,09;76;0,47;Sim/C/C10;3,82;0,22;6;0,67;Sim/B/B02 Sim/B/B03 Sim/C/C04 Sim/C/C05 Sim/C/C06 Sim/C/C07 Sim/C/C09 ;2,84 (0,43 | 10 | 0,9) 2,23 (0,89 | 5 | 0,8) 3,26 (0,26 | 10 | 0,4) 3,02 (0,2 | 7 | 0,29) 3,32 (0,26 | 10 | 0,2) 3,14 (0,24 | 4 | 0,5) 3,32 (0,72 | 5 | 0) 
P000907;3,29;0,1;54;0,63;Sim/B/B01;1,8;0,43;10;0,9
P000907;3,29;0,1;54;0,63;Sim/C/C07;2,69;0,3;10;0,3;Sim/B/B01 Sim/C/C04 Sim/C/C07 ;1,8 (0,43 | 10 | 0,9) 2,05 (0,73 | 5 | 0) 2,69 (0,3 | 10 | 0,3) 
P000908;-1,68;0,14;51;0,24;Sim/A/A02;-1,54;0,24;6;0,5
P000908;-1,68;0,14;51;0,24;Sim/B/B01;-0,96;0,29;10;0,4
P000908;-1,68;0,14;51;0,24;Sim/C/C01;-1,66;0,4;10;0,1;Sim/A/A04 Sim/A/A05 Sim/A/A06 Sim/B/B02 Sim/C/C02 Sim/C/C03 ;-2,06 (0,59 | 7 | 0,14) -2,15 (0,25 | 3 | 0,67) -2,06 (0,72 | 8 | 0,13) -1,69 (1,87 | 5 | 0) -1,85 (1,69 | 1 | 0) -1,84 (1,59 | 1 | 0) 
P000909;-4,31;0,14;29;0,21;Sim/A/A01;-4,27;0,23;5;0,4
P000909;-4,31;0,14;29;0,21;Sim/A/A03;-4,36;0,19;7;0,43;Sim/A/A02 Sim/A/A03 Sim/B/B01 Sim/B/B02 ;-4,31 (3,02 | 5 | 0) -4,36 (0,19 | 7 | 0,43) -4,31 (5 | 5 | 0) -4,31 (21459,5 | 1 | 0) 
P000910;0,95;0,12;54;0,72;Sim/A/A02;1,12;0,38;7;1
P000910;0,95;0,12;54;0,72;Sim/B/B01;1,12;0,24;10;0,6
P000910;0,95;0,12;54;0,72;Sim/B/B02;0,94;0,32;10;0,5
P000910;0,95;0,12;54;0,72;Sim/C/C02;1,33;0,43;10;0,9;Sim/A/A04 Sim/B/B02 Sim/B/B03 Sim/C/C03 ;0,92 (0,63 | 5 | 0,8) 0,94 (0,32 | 10 | 0,5) 0,89 (0,23 | 4 | 0,5) 0,38 (0,24 | 3 | 0,33) 
P000911;1,6;0,18;37;0,68;Sim/B/B01;1,33;0,28;10;0,7
P000911;1,6;0,18;37;0,68;Sim/B/B02;1,18;0,39;10;0,5
P000911;1,6;0,18;37;0,68;Sim/C/C03;1,65;0,47;7;1;Sim/B/B01 Sim/B/B02 Sim/C/C04 Sim/C/C07 Sim/C/C10 ;1,33 (0,28 | 10 | 0,7) 1,18 (0,39 | 10 | 0,5) 1,59 (2,44 | 1 | 0) 1,59 (1,88 | 1 | 0) 1,6 (3,08 | 1 | 0) 
P000912;-5,27;0,69;21;0;;;;;;;
P000913;2,1;0,2;55;0,47;Sim/B/B01;1,53;0,34;10;0,8
P000913;2,1;0,2;55;0,47;Sim/B/B02;1,98;0,3;10;0,6
P000913;2,1;0,2;55;0,47;Sim/C/C04;2,83;0,34;10;0,3;Sim/B/B01 Sim/B/B02 Sim/C/C05 Sim/C/C07 Sim/C/C10 ;1,53 (0,34 | 10 | 0,8) 1,98 (0,3 | 10 | 0,6) 2,09 (0,97 | 6 | 0) 1,92 (0,84 | 6 | 0,17) 2,08 (0,94 | 5 | 0) 
P000914;-0,85;0,08;47;0,4;Sim/A/A02;-1,15;0,23;5;0,6
P000914;-0,85;0,08;47;0,4;Sim/A/A04;-0,71;0,24;6;0,67
P000914;-0,85;0,08;47;0,4;Sim/A/A06;-0,8;0,18;5;0,6
P000914;-0,85;0,08;47;0,4;Sim/B/B01;-1,65;0,4;10;0,2
P000914;-0,85;0,08;47;0,4;Sim/C/C01;-0,8;0,18;7;0,43;Sim/A/A02 Sim/B/B01 Sim/B/B02 Sim/C/C03 ;-1,15 (0,23 | 5 | 0,6) -1,65 (0,4 | 10 | 0,2) -1,66 (8,13 | 1 | 0) -1,89 (1,27 | 5 | 0) 
P000915;-0,73;0,08;55;0,36;Sim/A/A02;-0,83;0,24;7;0,43
P000915;-0,73;0,08;55;0,36;Sim/A/A04;-0,71;0,24;5;0,6
P000915;-0,73;0,08;55;0,36;Sim/A/A06;-0,71;0,18;6;0,5
P000915;-0,73;0,08;55;0,36;Sim/B/B01;-0,68;0,26;10;0,5
P000915;-0,73;0,08;55;0,36;Sim/B/B02;-0,87;0,46;10;0;Sim/A/A02 Sim/A/A07 Sim/B/B02 Sim/C/C03 ;-0,83 (0,24 | 7 | 0,43) -0,88 (0,24 | 4 | 0,25) -0,87 (0,46 | 10 | 0) -1,89 (1,27 | 5 | 0,2) 
P000916;-2,09;0,15;30;0,2;Sim/A/A02;-1,98;0,22;6;0,5;Sim/A/A04 Sim/A/A05 Sim/A/A06 Sim/B/B01 Sim/C/C01 ;-2,11 (0,66 | 5 | 0) -2,09 (0,24 | 4 | 0,5) -2,11 (0,88 | 5 | 0) -2,11 (0,76 | 5 | 0) -2,11 (0,75 | 4 | 0) 
P000917;2;0,21;38;0,63;Sim/B/B01;1,8;0,43;10;0,9
P000917;2;0,21;38;0,63;Sim/B/B02;2,1;0,29;10;0,5;Sim/B/B01 Sim/B/B04 Sim/C/C04 Sim/C/C07 Sim/C/C10 ;1,8 (0,43 | 10 | 0,9) 1,76 (0,88 | 5 | 0,2) 2 (1,41 | 1 | 0) 1,99 (1,3 | 1 | 0) 2 (1,65 | 1 | 0) 
P000918;3,88;0,08;76;0,54;Sim/B/B04;3,62;0,25;10;0,7
P000918;3,88;0,08;76;0,54;Sim/C/C04;4,11;0,25;9;0,56
P000918;3,88;0,08;76;0,54;Sim/C/C06;3,88;0,18;5;0,4
P000918;3,88;0,08;76;0,54;Sim/C/C07;4,11;0,22;10;0,6
P000918;3,88;0,08;76;0,54;Sim/C/C08;3,73;0,33;10;0,1
P000918;3,88;0,08;76;0,54;Sim/C/C10;3,8;0,23;5;0,6;Sim/B/B04 Sim/C/C05 Sim/C/C06 Sim/C/C08 Sim/C/C09 Sim/C/C10 ;3,62 (0,25 | 10 | 0,7) 3,84 (0,24 | 4 | 0,5) 3,88 (0,18 | 5 | 0,4) 3,73 (0,33 | 10 | 0,1) 3,3 (0,68 | 8 | 0) 3,8 (0,23 | 5 | 0,6) 
P000919;2,32;0,18;54;0,43;Sim/B/B01;1,8;0,43;10;0,9
P000919;2,32;0,18;54;0,43;Sim/C/C10;2,55;0,44;10;0,2;Sim/B/B01 Sim/B/B04 Sim/C/C04 Sim/C/C05 Sim/C/C07 ;1,8 (0,43 | 10 | 0,9) 2 (0,73 | 6 | 0,17) 2,15 (0,66 | 5 | 0) 2,3 (0,7 | 5 | 0) 1,92 (0,84 | 6 | 0) 
P000920;5,97;0,77;41;1;;;;;;;
P000921;1,51;0,16;47;0,7;Sim/B/B02;1,71;0,38;10;0,6
P000921;1,51;0,16;47;0,7;Sim/B/B03;1,41;0,24;6;0,5
P000921;1,51;0,16;47;0,7;Sim/C/C02;1,02;0,32;10;0,8
P000921;1,51;0,16;47;0,7;Sim/C/C03;1,44;0,35;10;0,9;Sim/B/B03 Sim/B/B04 Sim/C/C02 Sim/C/C03 Sim/C/C04 Sim/C/C07 ;1,41 (0,24 | 6 | 0,5) 1,5 (2,37 | 1 | 0) 1,02 (0,32 | 10 | 0,8) 1,44 (0,35 | 10 | 0,9) 1,24 (2,07 | 2 | 0) 1,24 (2,71 | 1 | 0) 
P000922;-3,01;0,18;42;0,33;Sim/A/A01;-2,9;0,39;10;0,8
P000922;-3,01;0,18;42;0,33;Sim/A/A02;-3,1;0,39;10;0
P000922;-3,01;0,18;42;0,33;Sim/A/A03;-3,71;0,25;7;0,57;Sim/A/A02 Sim/A/A03 Sim/A/A06 Sim/B/B01 Sim/B/B02 ;-3,1 (0,39 | 10 | 0) -3,71 (0,25 | 7 | 0,57) -3,02 (1,72 | 5 | 0) -3,02 (2,7 | 5 | 0) -3,01 (460,75 | 1 | 0) 
P000923;-3,59;0,18;29;0,28;Sim/A/A01;-3,72;0,2;8;0,5;Sim/A/A01 Sim/A/A02 Sim/A/A06 Sim/B/B01 Sim/B/B02 ;-3,72 (0,2 | 8 | 0,5) -3,6 (1,1 | 5 | 0) -3,59 (2,45 | 5 | 0) -3,59 (4,04 | 5 | 0) -3,59 (2540,46 | 1 | 0) 
P000924;-3,1;0,17;47;0,34;Sim/A/A01;-2,59;0,5;10;0,8
P000924;-3,1;0,17;47;0,34;Sim/A/A02;-3,15;0,42;10;0
P000924;-3,1;0,17;47;0,34;Sim/A/A05;-3,4;0,41;10;0,2;Sim/A/A02 Sim/A/A05 Sim/A/A06 Sim/B/B01 Sim/B/B02 ;-3,15 (0,42 | 10 | 0) -3,4 (0,41 | 10 | 0,2) -3,1 (1,81 | 5 | 0) -3,1 (2,86 | 5 | 0) -3,1 (593,36 | 1 | 0) 
P000925;-2,19;0,16;25;0,28;Sim/A/A02;-2,2;0,24;6;0,5
P000925;-2,19;0,16;25;0,28;Sim/B/B01;-1,71;0,42;10;0,2;Sim/A/A02 Sim/A/A05 Sim/A/A06 ;-2,2 (0,24 | 6 | 0,5) -2,21 (0,23 | 4 | 0,5) -2,21 (0,94 | 5 | 0) 
P000926;-0,96;0,09;47;0,36;Sim/A/A02;-0,99;0,23;7;0,57
P000926;-0,96;0,09;47;0,36;Sim/A/A04;-1,45;0,23;6;0,33
P000926;-0,96;0,09;47;0,36;Sim/B/B01;-1,14;0,29;10;0,3
P000926;-0,96;0,09;47;0,36;Sim/C/C01;-0,81;0,2;5;0,4
P000926;-0,96;0,09;47;0,36;Sim/C/C02;-0,63;0,22;5;0,4;Sim/A/A02 Sim/A/A04 Sim/B/B01 Sim/B/B02 Sim/C/C03 ;-0,99 (0,23 | 7 | 0,57) -1,45 (0,23 | 6 | 0,33) -1,14 (0,29 | 10 | 0,3) -1,15 (1,82 | 1 | 0) -1,03 (0,53 | 6 | 0,17) 
P000927;0,44;0,09;80;0,69;Sim/A/A02;0,24;0,34;10;0,8
P000927;0,44;0,09;80;0,69;Sim/A/A04;0,59;0,34;10;0,8
P000927;0,44;0,09;80;0,69;Sim/B/B01;0,15;0,25;9;0,56
P000927;0,44;0,09;80;0,69;Sim/B/B02;0,31;0,2;7;0,57
P000927;0,44;0,09;80;0,69;Sim/B/B03;0,46;0,24;7;0,29
P000927;0,44;0,09;80;0,69;Sim/C/C01;0,66;0,48;10;0,9
P000927;0,44;0,09;80;0,69;Sim/C/C02;0,37;0,28;10;0,6;Sim/A/A02 Sim/A/A06 Sim/B/B01 Sim/B/B02 Sim/C/C02 ;0,24 (0,34 | 10 | 0,8) 0,09 (0,6 | 6 | 0,83) 0,15 (0,25 | 9 | 0,56) 0,31 (0,2 | 7 | 0,57) 0,37 (0,28 | 10 | 0,6) 
P000928;-3,9;0,17;28;0,21;Sim/A/A01;-3,69;0,23;6;0,5;Sim/A/A02 Sim/A/A03 Sim/A/A06 ;-3,9 (1,78 | 5 | 0) -4,19 (0,23 | 4 | 0,5) -3,9 (2,82 | 5 | 0) 
P000929;0,78;0,1;62;0,73;Sim/A/A02;0,24;0,34;10;0,8
P000929;0,78;0,1;62;0,73;Sim/B/B01;1,23;0,26;10;0,8
P000929;0,78;0,1;62;0,73;Sim/B/B02;0,56;0,23;7;0,43
P000929;0,78;0,1;62;0,73;Sim/B/B03;0,65;0,21;5;0,4
P000929;0,78;0,1;62;0,73;Sim/C/C02;0,6;0,29;10;0,7
P000929;0,78;0,1;62;0,73;Sim/C/C03;1,19;0,26;10;0,8;Sim/A/A02 Sim/A/A04 Sim/B/B02 Sim/B/B03 Sim/C/C02 ;0,24 (0,34 | 10 | 0,8) 0,17 (0,24 | 3 | 0,67) 0,56 (0,23 | 7 | 0,43) 0,65 (0,21 | 5 | 0,4) 0,6 (0,29 | 10 | 0,7) 
P000930;-0,11;0,09;70;0,49;Sim/A/A02;-0,08;0,3;10;0,7
P000930;-0,11;0,09;70;0,49;Sim/A/A07;-0,12;0,25;10;0,6
P000930;-0,11;0,09;70;0,49;Sim/B/B01;0,05;0,24;6;0,67
P000930;-0,11;0,09;70;0,49;Sim/B/B02;0,18;0,2;6;0,5
P000930;-0,11;0,09;70;0,49;Sim/B/B03;0,03;0,41;10;0
P000930;-0,11;0,09;70;0,49;Sim/C/C03;-0,16;0,3;10;0,3;Sim/A/A04 Sim/A/A07 Sim/C/C01 Sim/C/C02 Sim/C/C03 ;-0,13 (0,24 | 3 | 0,33) -0,12 (0,25 | 10 | 0,6) -0,2 (0,22 | 4 | 0,5) -0,46 (0,24 | 4 | 0,5) -0,16 (0,3 | 10 | 0,3) 
P000931;0,15;0,09;76;0,55;Sim/A/A02;-0,72;0,25;8;0,5
P000931;0,15;0,09;76;0,55;Sim/B/B01;-0,37;0,24;9;0,67
P000931;0,15;0,09;76;0,55;Sim/B/B02;0,75;0,27;10;0,5
P000931;0,15;0,09;76;0,55;Sim/B/B03;0,06;0,39;10;0,1
P000931;0,15;0,09;76;0,55;Sim/C/C01;-0,09;0,23;6;0,5
P000931;0,15;0,09;76;0,55;Sim/C/C02;0,12;0,25;10;0,5
P000931;0,15;0,09;76;0,55;Sim/C/C03;0,31;0,22;5;0,4;Sim/A/A02 Sim/A/A06 Sim/B/B01 Sim/B/B03 Sim/C/C01 Sim/C/C02 ;-0,72 (0,25 | 8 | 0,5) 0,09 (0,6 | 6 | 0,83) -0,37 (0,24 | 9 | 0,67) 0,06 (0,39 | 10 | 0,1) -0,09 (0,23 | 6 | 0,5) 0,12 (0,25 | 10 | 0,5) 
P000932;-2,07;0,15;25;0,32;Sim/A/A02;-2,2;0,24;6;0,5
P000932;-2,07;0,15;25;0,32;Sim/A/A05;-1,93;0,25;6;0,67;Sim/A/A02 Sim/B/B01 ;-2,2 (0,24 | 6 | 0,5) -2,09 (0,74 | 5 | 0) 
P000933;0,78;0,11;76;0,7;Sim/A/A02;0,83;0,39;10;0,9
P000933;0,78;0,11;76;0,7;Sim/A/A07;0,24;0,37;10;0,8
P000933;0,78;0,11;76;0,7;Sim/B/B01;0,57;0,3;10;0,5
P000933;0,78;0,11;76;0,7;Sim/B/B02;1,77;0,35;10;0,5
P000933;0,78;0,11;76;0,7;Sim/B/B03;1,44;0,24;6;0,67
P000933;0,78;0,11;76;0,7;Sim/C/C01;0,66;0,48;10;0,9
P000933;0,78;0,11;76;0,7;Sim/C/C03;0,32;0,19;10;0,5;Sim/A/A04 Sim/A/A07 Sim/B/B01 Sim/C/C01 Sim/C/C03 ;0,11 (0,22 | 4 | 0,5) 0,24 (0,37 | 10 | 0,8) 0,57 (0,3 | 10 | 0,5) 0,66 (0,48 | 10 | 0,9) 0,32 (0,19 | 10 | 0,5) 
P000934;-5,27;0,69;21;0;;;;;;;
P000935;-2,71;0,14;34;0,29;Sim/A/A02;-2,94;0,31;10;0,2
P000935;-2,71;0,14;34;0,29;Sim/A/A05;-2,63;0,18;7;0,43;Sim/A/A02 Sim/A/A06 Sim/B/B01 Sim/B/B02 ;-2,94 (0,31 | 10 | 0,2) -2,72 (1,41 | 5 | 0) -2,72 (1,84 | 5 | 0) -2,71 (188,74 | 1 | 0) 
P000936;5,49;0,31;47;0,94;Sim/C/C09;5,22;0,35;10;0,8;Sim/B/B01 Sim/C/C09 ;2,35 (0,78 | 5 | 0,8) 5,22 (0,35 | 10 | 0,8) 
P000937;-2,6;0,16;26;0,15;Sim/A/A02;-1,99;0,23;5;0,4
P000937;-2,6;0,16;26;0,15;Sim/A/A05;-2,93;0,23;6;0,17;Sim/A/A04 Sim/A/A05 Sim/B/B01 ;-2,61 (1,29 | 5 | 0) -2,93 (0,23 | 6 | 0,17) -2,61 (1,42 | 5 | 0) 
P000938;2,96;0,11;62;0,47;Sim/B/B02;2,51;0,34;10;0,8
P000938;2,96;0,11;62;0,47;Sim/C/C04;2,95;0,31;10;0,3
P000938;2,96;0,11;62;0,47;Sim/C/C06;3,15;0,36;10;0,2
P000938;2,96;0,11;62;0,47;Sim/C/C07;2,97;0,23;9;0,33;Sim/B/B02 Sim/C/C04 Sim/C/C05 ;2,51 (0,34 | 10 | 0,8) 2,95 (0,31 | 10 | 0,3) 2,12 (0,9 | 7 | 0) 
P000939;-2,61;0,14;41;0,44;Sim/A/A02;-2,3;0,22;9;0,44
P000939;-2,61;0,14;41;0,44;Sim/A/A05;-2,89;0,21;9;0,33;Sim/A/A05 Sim/A/A06 Sim/B/B01 Sim/B/B02 ;-2,89 (0,21 | 9 | 0,33) -2,61 (1,31 | 5 | 0) -2,61 (1,55 | 5 | 0) -2,61 (137,69 | 1 | 0) 
P000940;-1,3;0,11;54;0,26;Sim/A/A02;-1,54;0,24;6;0,5
P000940;-1,3;0,11;54;0,26;Sim/B/B01;-1,14;0,29;10;0,3
P000940;-1,3;0,11;54;0,26;Sim/C/C01;-1,09;0,2;10;0,4
P000940;-1,3;0,11;54;0,26;Sim/C/C02;-1,21;0,38;10;0,2;Sim/A/A02 Sim/A/A06 Sim/A/A07 Sim/B/B02 ;-1,54 (0,24 | 6 | 0,5) -1,92 (0,65 | 7 | 0) -1,94 (1,26 | 7 | 0) -1,3 (2,85 | 1 | 0) 
P000941;-1,54;0,13;57;0,26;Sim/A/A02;-1,54;0,24;6;0,5
P000941;-1,54;0,13;57;0,26;Sim/A/A05;-2,41;0,23;5;0,4
P000941;-1,54;0,13;57;0,26;Sim/A/A06;-1,32;0,25;7;0,14
P000941;-1,54;0,13;57;0,26;Sim/B/B01;-1,4;0,32;10;0,3
P000941;-1,54;0,13;57;0,26;Sim/C/C02;-1,3;0,45;10;0,3;Sim/A/A02 Sim/A/A05 Sim/A/A07 Sim/C/C03 ;-1,54 (0,24 | 6 | 0,5) -2,41 (0,23 | 5 | 0,4) -1,55 (0,7 | 5 | 0) -1,55 (0,99 | 5 | 0) 
P000942;0,33;0,1;59;0,59;Sim/A/A02;0,83;0,39;10;0,9
P000942;0,33;0,1;59;0,59;Sim/B/B01;0,67;0,28;10;0,5
P000942;0,33;0,1;59;0,59;Sim/B/B03;0,12;0,35;10;0,1
P000942;0,33;0,1;59;0,59;Sim/C/C02;-0,13;0,24;6;0,5;Sim/A/A04 Sim/B/B02 Sim/B/B03 Sim/C/C02 ;0,17 (0,24 | 3 | 0,67) 0,12 (0,25 | 4 | 0,5) 0,12 (0,35 | 10 | 0,1) -0,13 (0,24 | 6 | 0,5) 
P000943;2,85;0,11;61;0,49;Sim/B/B02;2,47;0,33;10;0,7
P000943;2,85;0,11;61;0,49;Sim/C/C04;3,28;0,26;10;0,5
P000943;2,85;0,11;61;0,49;Sim/C/C05;2,87;0,25;7;0,29
P000943;2,85;0,11;61;0,49;Sim/C/C07;2,72;0,29;10;0,2
P000943;2,85;0,11;61;0,49;Sim/C/C10;2,78;0,3;10;0,2;Sim/B/B02 Sim/B/B04 Sim/C/C07 Sim/C/C10 ;2,47 (0,33 | 10 | 0,7) 2,8 (0,22 | 4 | 0,5) 2,72 (0,29 | 10 | 0,2) 2,78 (0,3 | 10 | 0,2) 
P000944;-0,92;0,09;52;0,4;Sim/A/A02;-1,02;0,23;6;0,67
P000944;-0,92;0,09;52;0,4;Sim/A/A04;-0,56;0,24;9;0,56
P000944;-0,92;0,09;52;0,4;Sim/B/B01;-1,71;0,42;10;0,2
P000944;-0,92;0,09;52;0,4;Sim/C/C03;-0,75;0,37;10;0,4;Sim/A/A02 Sim/A/A07 Sim/B/B01 Sim/C/C02 ;-1,02 (0,23 | 6 | 0,67) -1,67 (1 | 5 | 0,2) -1,71 (0,42 | 10 | 0,2) -1,68 (0,94 | 5 | 0,2) 
P000945;2,5;0,18;34;0,53;;;;;;Sim/B/B01 Sim/B/B04 Sim/C/C07 Sim/C/C10 ;2,39 (0,78 | 5 | 0,8) 2 (0,73 | 6 | 0,17) 2,02 (0,83 | 5 | 0,2) 1,85 (1,25 | 6 | 0) 
P000946;-0,08;0,09;77;0,53;Sim/A/A02;-0,65;0,24;7;0,57
P000946;-0,08;0,09;77;0,53;Sim/A/A04;-0,59;0,25;7;0,43
P000946;-0,08;0,09;77;0,53;Sim/A/A07;-0,05;0,27;10;0,6
P000946;-0,08;0,09;77;0,53;Sim/B/B01;0,24;0,27;10;0,4
P000946;-0,08;0,09;77;0,53;Sim/C/C01;-0,09;0,23;6;0,5
P000946;-0,08;0,09;77;0,53;Sim/C/C02;0,55;0,3;10;0,6
P000946;-0,08;0,09;77;0,53;Sim/C/C03;-0,02;0,26;10;0,4;Sim/A/A02 Sim/A/A04 Sim/B/B02 Sim/C/C01 ;-0,65 (0,24 | 7 | 0,57) -0,59 (0,25 | 7 | 0,43) -0,32 (0,25 | 4 | 0,25) -0,09 (0,23 | 6 | 0,5) 
P000947;-5,27;0,69;21;0;;;;;;;
P000948;0,25;0,09;84;0,5;Sim/A/A02;0,41;0,35;10;0,8
P000948;0,25;0,09;84;0,5;Sim/A/A04;0,42;0,26;10;0,7
P000948;0,25;0,09;84;0,5;Sim/A/A07;0,11;0,32;10;0,7
P000948;0,25;0,09;84;0,5;Sim/B/B01;0,14;0,24;10;0,4
P000948;0,25;0,09;84;0,5;Sim/B/B02;0,79;0,26;10;0,5
P000948;0,25;0,09;84;0,5;Sim/B/B03;0,29;0,27;10;0
P000948;0,25;0,09;84;0,5;Sim/C/C01;-0,08;0,23;6;0,5
P000948;0,25;0,09;84;0,5;Sim/C/C02;0,04;0,25;9;0,44
P000948;0,25;0,09;84;0,5;Sim/C/C03;0,13;0,23;9;0,44;Sim/A/A07 Sim/B/B01 Sim/C/C01 Sim/C/C02 Sim/C/C03 ;0,11 (0,32 | 10 | 0,7) 0,14 (0,24 | 10 | 0,4) -0,08 (0,23 | 6 | 0,5) 0,04 (0,25 | 9 | 0,44) 0,13 (0,23 | 9 | 0,44) 
P000949;-5,27;0,69;21;0;;;;;;;
P000950;1,22;0,13;44;0,68;Sim/B/B01;1,43;0,31;10;0,7
P000950;1,22;0,13;44;0,68;Sim/B/B02;0,82;0,27;10;0,5
P000950;1,22;0,13;44;0,68;Sim/B/B03;1,44;0,23;9;0,67
P000950;1,22;0,13;44;0,68;Sim/C/C02;1,29;0,41;10;0,9
P000950;1,22;0,13;44;0,68;Sim/C/C03;0,89;0,24;5;0,6;Sim/B/B02 Sim/C/C03 ;0,82 (0,27 | 10 | 0,5) 0,89 (0,24 | 5 | 0,6) 
P000951;1,42;0,14;58;0,76;Sim/A/A02;0,83;0,39;10;0,9
P000951;1,42;0,14;58;0,76;Sim/B/B01;1,07;0,24;7;0,57
P000951;1,42;0,14;58;0,76;Sim/B/B02;1,62;0,4;10;0,5
P000951;1,42;0,14;58;0,76;Sim/C/C03;1,36;0,32;10;0,9;Sim/A/A02 Sim/B/B01 Sim/C/C03 Sim/C/C04 Sim/C/C07 ;0,83 (0,39 | 10 | 0,9) 1,07 (0,24 | 7 | 0,57) 1,36 (0,32 | 10 | 0,9) 1,41 (1,86 | 2 | 0) 1,41 (2,26 | 1 | 0) 
P000952;-0,4;0,08;59;0,47;Sim/A/A02;-0,65;0,24;7;0,57
P000952;-0,4;0,08;59;0,47;Sim/A/A04;-0,59;0,25;7;0,43
P000952;-0,4;0,08;59;0,47;Sim/B/B01;-0,21;0,25;5;0,6
P000952;-0,4;0,08;59;0,47;Sim/B/B02;-0,63;0,29;10;0,1
P000952;-0,4;0,08;59;0,47;Sim/C/C02;-0,27;0,23;5;0,4
P000952;-0,4;0,08;59;0,47;Sim/C/C03;-0,28;0,32;10;0,4;Sim/A/A02 Sim/A/A04 Sim/B/B02 Sim/C/C01 ;-0,65 (0,24 | 7 | 0,57) -0,59 (0,25 | 7 | 0,43) -0,63 (0,29 | 10 | 0,1) -0,42 (0,22 | 4 | 0,5) 
P000953;-0,35;0,08;74;0,45;Sim/A/A02;0,24;0,34;10;0,8
P000953;-0,35;0,08;74;0,45;Sim/A/A04;-0,9;0,19;7;0,43
P000953;-0,35;0,08;74;0,45;Sim/A/A06;-1,04;0,18;5;0,4
P000953;-0,35;0,08;74;0,45;Sim/B/B01;0,43;0,3;10;0,5
P000953;-0,35;0,08;74;0,45;Sim/B/B02;-0,23;0,21;6;0,33
P000953;-0,35;0,08;74;0,45;Sim/B/B03;0,19;0,32;10;0,1
P000953;-0,35;0,08;74;0,45;Sim/C/C01;-0,07;0,21;10;0,7
P000953;-0,35;0,08;74;0,45;Sim/C/C03;-0,41;0,32;10;0,2;Sim/A/A04 Sim/A/A06 Sim/A/A07 Sim/C/C02 Sim/C/C03 ;-0,9 (0,19 | 7 | 0,43) -1,04 (0,18 | 5 | 0,4) -0,55 (0,25 | 2 | 0,5) -0,46 (0,24 | 4 | 0,5) -0,41 (0,32 | 10 | 0,2) 
P000954;-2,8;0,16;46;0,39;Sim/A/A01;-2,91;0,39;10;0,8
P000954;-2,8;0,16;46;0,39;Sim/A/A02;-3,1;0,39;10;0
P000954;-2,8;0,16;46;0,39;Sim/A/A03;-3,41;0,33;10;0,7
P000954;-2,8;0,16;46;0,39;Sim/A/A05;-2,34;0,22;5;0,6;Sim/A/A01 Sim/A/A02 Sim/A/A03 Sim/A/A06 Sim/B/B01 Sim/B/B02 ;-2,91 (0,39 | 10 | 0,8) -3,1 (0,39 | 10 | 0) -3,41 (0,33 | 10 | 0,7) -2,81 (1,49 | 5 | 0) -2,8 (2,05 | 5 | 0) -2,8 (242,97 | 1 | 0) 
P000955;0,26;0,09;67;0,55;Sim/A/A02;0,24;0,34;10;0,8
P000955;0,26;0,09;67;0,55;Sim/B/B01;0,31;0,28;10;0,5
P000955;0,26;0,09;67;0,55;Sim/B/B03;0,13;0,35;10;0,1
P000955;0,26;0,09;67;0,55;Sim/C/C02;0,99;0,32;10;0,8
P000955;0,26;0,09;67;0,55;Sim/C/C03;-0,03;0,28;10;0,3;Sim/A/A02 Sim/A/A04 Sim/A/A07 Sim/B/B03 Sim/C/C03 ;0,24 (0,34 | 10 | 0,8) 0,17 (0,24 | 3 | 0,67) -0,37 (0,23 | 4 | 0,5) 0,13 (0,35 | 10 | 0,1) -0,03 (0,28 | 10 | 0,3) 
P000956;1,92;0,22;29;0,66;Sim/B/B02;1,51;0,43;10;0,5;Sim/B/B02 Sim/B/B04 Sim/C/C04 Sim/C/C07 Sim/C/C10 ;1,51 (0,43 | 10 | 0,5) 1,91 (1,46 | 1 | 0) 1,92 (1,56 | 1 | 0) 1,91 (1,39 | 1 | 0) 1,92 (1,86 | 1 | 0) 
P000957;-4,65;0,18;35;0,14;Sim/A/A01;-4,86;0,31;10;0,2
P000957;-4,65;0,18;35;0,14;Sim/A/A02;-3,24;0,48;10;0,1;Sim/A/A01 Sim/B/B01 Sim/B/B02 ;-4,86 (0,31 | 10 | 0,2) -4,65 (5,48 | 5 | 0) -4,65 (58556,66 | 1 | 0) 
P000958;-0,33;0,08;71;0,49;Sim/A/A02;-0,09;0,3;10;0,7
P000958;-0,33;0,08;71;0,49;Sim/A/A04;-0,33;0,25;6;0,5
P000958;-0,33;0,08;71;0,49;Sim/A/A06;-0,24;0,31;10;0,8
P000958;-0,33;0,08;71;0,49;Sim/A/A07;-0,38;0,2;6;0,5
P000958;-0,33;0,08;71;0,49;Sim/B/B01;-0,54;0,25;9;0,44
P000958;-0,33;0,08;71;0,49;Sim/B/B02;-0,37;0,23;5;0,2
P000958;-0,33;0,08;71;0,49;Sim/C/C01;-0,09;0,23;6;0,5
P000958;-0,33;0,08;71;0,49;Sim/C/C03;-0,4;0,32;10;0,4;Sim/A/A07 Sim/B/B01 Sim/B/B02 Sim/B/B03 Sim/C/C02 Sim/C/C03 ;-0,38 (0,2 | 6 | 0,5) -0,54 (0,25 | 9 | 0,44) -0,37 (0,23 | 5 | 0,2) -0,33 (0,8 | 5 | 0) -0,46 (0,24 | 4 | 0,5) -0,4 (0,32 | 10 | 0,4) 
P000959;4,47;0,1;65;0,78;Sim/C/C04;4,48;0,26;10;0,7
P000959;4,47;0,1;65;0,78;Sim/C/C06;4,62;0,31;10;0,9
P000959;4,47;0,1;65;0,78;Sim/C/C08;4,58;0,19;5;0,4
P000959;4,47;0,1;65;0,78;Sim/C/C09;4,35;0,2;5;0,4
P000959;4,47;0,1;65;0,78;Sim/C/C10;4,19;0,26;10;0,8;Sim/B/B01 Sim/C/C09 Sim/C/C10 ;2,19 (0,74 | 5 | 0,8) 4,35 (0,2 | 5 | 0,4) 4,19 (0,26 | 10 | 0,8) 
P000960;5,97;0,77;41;1;;;;;;;
P000961;-3,13;0,19;43;0,35;Sim/A/A01;-2,9;0,39;10;0,8
P000961;-3,13;0,19;43;0,35;Sim/A/A02;-3,18;0,44;10;0;Sim/A/A02 Sim/A/A05 Sim/B/B01 Sim/B/B02 ;-3,18 (0,44 | 10 | 0) -3,91 (1,06 | 5 | 0) -3,13 (2,93 | 5 | 0) -3,13 (649,44 | 1 | 0) 
P000962;2,27;0,18;58;0,47;Sim/B/B01;1,89;0,46;10;0,8
P000962;2,27;0,18;58;0,47;Sim/B/B02;2,51;0,34;10;0,8
P000962;2,27;0,18;58;0,47;Sim/C/C10;2,81;0,28;10;0,3;Sim/B/B01 Sim/B/B04 Sim/C/C04 Sim/C/C05 Sim/C/C07 ;1,89 (0,46 | 10 | 0,8) 1,97 (0,74 | 5 | 0) 2,15 (0,66 | 5 | 0) 2,26 (0,75 | 5 | 0) 2,24 (0,62 | 5 | 0) 
P000963;5,97;0,77;41;1;;;;;;;
P000964;-0,05;0,09;71;0,51;Sim/A/A02;0,24;0,34;10;0,8
P000964;-0,05;0,09;71;0,51;Sim/A/A07;-0,13;0,24;9;0,56
P000964;-0,05;0,09;71;0,51;Sim/B/B01;0,31;0,28;10;0,5
P000964;-0,05;0,09;71;0,51;Sim/B/B02;-0,32;0,22;7;0,29
P000964;-0,05;0,09;71;0,51;Sim/B/B03;-0,06;0,47;10;0
P000964;-0,05;0,09;71;0,51;Sim/C/C02;-0,29;0,23;5;0,6
P000964;-0,05;0,09;71;0,51;Sim/C/C03;0,44;0,19;6;0,5;Sim/A/A04 Sim/A/A07 Sim/B/B02 Sim/B/B03 Sim/C/C01 Sim/C/C02 ;-0,13 (0,24 | 3 | 0,33) -0,13 (0,24 | 9 | 0,56) -0,32 (0,22 | 7 | 0,29) -0,06 (0,47 | 10 | 0) -0,3 (0,22 | 4 | 0,5) -0,29 (0,23 | 5 | 0,6) 
P000965;4,41;0,1;59;0,76;Sim/C/C04;4,06;0,24;10;0,5
P000965;4,41;0,1;59;0,76;Sim/C/C05;3,9;0,24;5;0,6
P000965;4,41;0,1;59;0,76;Sim/C/C06;4,24;0,2;5;0,8
P000965;4,41;0,1;59;0,76;Sim/C/C09;4,54;0,17;6;0,5
P000965;4,41;0,1;59;0,76;Sim/C/C10;4,63;0,42;10;0,9;Sim/B/B02 Sim/C/C04 Sim/C/C05 Sim/C/C06 ;4,03 (1,72 | 5 | 0,8) 4,06 (0,24 | 10 | 0,5) 3,9 (0,24 | 5 | 0,6) 4,24 (0,2 | 5 | 0,8) 
P000966;2,66;0,13;56;0,43;Sim/B/B02;2,44;0,33;10;0,7
P000966;2,66;0,13;56;0,43;Sim/C/C04;3,14;0,29;10;0,4
P000966;2,66;0,13;56;0,43;Sim/C/C05;2,65;0,31;10;0,1;Sim/B/B02 Sim/B/B04 Sim/C/C05 Sim/C/C10 ;2,44 (0,33 | 10 | 0,7) 1,97 (0,74 | 5 | 0) 2,65 (0,31 | 10 | 0,1) 2,05 (1,01 | 7 | 0) 
P000967;-0,13;0,09;70;0,59;Sim/A/A02;-0,08;0,3;10;0,7
P000967;-0,13;0,09;70;0,59;Sim/A/A04;-0,57;0,24;7;0,57
P000967;-0,13;0,09;70;0,59;Sim/A/A07;-0,03;0,27;10;0,7
P000967;-0,13;0,09;70;0,59;Sim/B/B01;-0,45;0,24;9;0,56
P000967;-0,13;0,09;70;0,59;Sim/B/B02;0,16;0,2;6;0,5
P000967;-0,13;0,09;70;0,59;Sim/C/C01;-0,09;0,23;6;0,5
P000967;-0,13;0,09;70;0,59;Sim/C/C02;0,12;0,25;10;0,5
P000967;-0,13;0,09;70;0,59;Sim/C/C03;0,14;0,24;8;0,5;Sim/A/A04 Sim/A/A06 Sim/B/B01 ;-0,57 (0,24 | 7 | 0,57) -0,58 (0,22 | 4 | 0,75) -0,45 (0,24 | 9 | 0,56) 
P000968;5,97;0,77;41;1;;;;;;;
P000969;-5,27;0,69;21;0;;;;;;;
P000970;5,14;0,18;44;0,91;Sim/C/C09;5,22;0,35;10;0,8;Sim/B/B03 Sim/C/C08 ;3,39 (2,16 | 5 | 0,8) 4,96 (0,22 | 3 | 0,67) 
P000971;2,95;0,11;52;0,42;Sim/B/B04;3,43;0,23;5;0,6
P000971;2,95;0,11;52;0,42;Sim/C/C04;3,12;0,28;10;0,3
P000971;2,95;0,11;52;0,42;Sim/C/C10;2,94;0,24;5;0,4;Sim/B/B01 Sim/B/B03 Sim/C/C05 Sim/C/C06 Sim/C/C07 Sim/C/C10 ;2,39 (0,78 | 5 | 0,8) 2,55 (1,2 | 5 | 0,8) 2,12 (0,9 | 7 | 0,14) 2,74 (0,94 | 5 | 0) 2,1 (0,83 | 5 | 0,2) 2,94 (0,24 | 5 | 0,4) 
P000972;-0,3;0,08;62;0,58;Sim/A/A02;-0,12;0,3;10;0,7
P000972;-0,3;0,08;62;0,58;Sim/A/A04;-0,33;0,25;6;0,5
P000972;-0,3;0,08;62;0,58;Sim/A/A06;-0,46;0,23;7;0,71
P000972;-0,3;0,08;62;0,58;Sim/B/B01;-0,48;0,25;9;0,56
P000972;-0,3;0,08;62;0,58;Sim/B/B02;-0,23;0,22;5;0,4
P000972;-0,3;0,08;62;0,58;Sim/C/C03;-0,04;0,27;10;0,4;Sim/A/A04 Sim/A/A06 Sim/B/B01 Sim/C/C01 Sim/C/C02 ;-0,33 (0,25 | 6 | 0,5) -0,46 (0,23 | 7 | 0,71) -0,48 (0,25 | 9 | 0,56) -0,37 (0,23 | 4 | 0,5) -0,78 (0,25 | 4 | 0,25) 
P000973;0,09;0,09;68;0,5;Sim/A/A02;-0,32;0,26;10;0,6
P000973;0,09;0,09;68;0,5;Sim/A/A07;-0,27;0,21;7;0,57
P000973;0,09;0,09;68;0,5;Sim/B/B01;0,43;0,3;10;0,5
P000973;0,09;0,09;68;0,5;Sim/B/B02;-0,12;0,23;5;0,4
P000973;0,09;0,09;68;0,5;Sim/B/B03;0,01;0,42;10;0
P000973;0,09;0,09;68;0,5;Sim/C/C01;0,45;0,38;10;0,8
P000973;0,09;0,09;68;0,5;Sim/C/C02;0,29;0,28;10;0,6;Sim/A/A02 Sim/A/A07 Sim/B/B02 Sim/B/B03 ;-0,32 (0,26 | 10 | 0,6) -0,27 (0,21 | 7 | 0,57) -0,12 (0,23 | 5 | 0,4) 0,01 (0,42 | 10 | 0) 
P000974;-2,66;0,16;26;0,15;Sim/A/A02;-2,87;0,28;10;0,1
P000974;-2,66;0,16;26;0,15;Sim/A/A05;-2,47;0,22;5;0,6;Sim/A/A02 Sim/A/A06 Sim/B/B01 Sim/B/B02 ;-2,87 (0,28 | 10 | 0,1) -2,66 (1,36 | 5 | 0) -2,66 (1,63 | 5 | 0) -2,66 (158,66 | 1 | 0) 
P000975;-5,27;0,69;21;0;;;;;;;
P000976;0,59;0,1;64;0,69;Sim/A/A02;0,24;0,34;10;0,8
P000976;0,59;0,1;64;0,69;Sim/B/B01;0,78;0,26;10;0,5
P000976;0,59;0,1;64;0,69;Sim/B/B02;0,56;0,23;6;0,5
P000976;0,59;0,1;64;0,69;Sim/B/B03;0,62;0,23;5;0,4
P000976;0,59;0,1;64;0,69;Sim/C/C02;1,31;0,43;10;0,9
P000976;0,59;0,1;64;0,69;Sim/C/C03;0,49;0,19;6;0,5;Sim/A/A02 Sim/A/A04 Sim/B/B02 Sim/C/C03 ;0,24 (0,34 | 10 | 0,8) 0,17 (0,24 | 3 | 0,67) 0,56 (0,23 | 6 | 0,5) 0,49 (0,19 | 6 | 0,5) 
P000977;-2,69;0,15;46;0,43;Sim/A/A01;-2,9;0,39;10;0,8
P000977;-2,69;0,15;46;0,43;Sim/A/A02;-2,75;0,25;10;0,2
P000977;-2,69;0,15;46;0,43;Sim/A/A03;-3,53;0,29;10;0,7
P000977;-2,69;0,15;46;0,43;Sim/A/A05;-2,34;0,22;5;0,6;Sim/A/A01 Sim/A/A02 Sim/A/A03 Sim/A/A06 Sim/B/B01 Sim/B/B02 ;-2,9 (0,39 | 10 | 0,8) -2,75 (0,25 | 10 | 0,2) -3,53 (0,29 | 10 | 0,7) -2,69 (1,38 | 5 | 0) -2,69 (1,77 | 5 | 0) -2,69 (173,56 | 1 | 0) 
P000978;-0,77;0,08;66;0,38;Sim/A/A02;-0,44;0,24;10;0,6
P000978;-0,77;0,08;66;0,38;Sim/A/A04;-1,14;0,18;8;0,25
P000978;-0,77;0,08;66;0,38;Sim/B/B01;-0,48;0,24;10;0,6
P000978;-0,77;0,08;66;0,38;Sim/B/B02;-0,89;0,48;10;0,1
P000978;-0,77;0,08;66;0,38;Sim/C/C01;-0,81;0,2;5;0,4
P000978;-0,77;0,08;66;0,38;Sim/C/C02;-1,27;0,42;10;0,3;Sim/A/A04 Sim/B/B02 Sim/C/C01 Sim/C/C02 Sim/C/C03 ;-1,14 (0,18 | 8 | 0,25) -0,89 (0,48 | 10 | 0,1) -0,81 (0,2 | 5 | 0,4) -1,27 (0,42 | 10 | 0,3) -1,03 (0,53 | 6 | 0,17) 
P000979;1,69;0,19;42;0,74;Sim/B/B02;1,22;0,4;10;0,5
P000979;1,69;0,19;42;0,74;Sim/C/C03;1,27;0,29;10;0,8;Sim/B/B02 Sim/B/B04 Sim/C/C03 Sim/C/C04 Sim/C/C07 ;1,22 (0,4 | 10 | 0,5) 1,68 (1,9 | 1 | 0) 1,27 (0,29 | 10 | 0,8) 1,39 (2,55 | 1 | 0) 1,4 (2,31 | 1 | 0) 
P000980;0,43;0,1;58;0,62;Sim/A/A02;0,83;0,39;10;0,9
P000980;0,43;0,1;58;0,62;Sim/B/B01;-0,06;0,24;7;0,43
P000980;0,43;0,1;58;0,62;Sim/B/B03;0,4;0,25;8;0,25
P000980;0,43;0,1;58;0,62;Sim/C/C01;0,45;0,38;10;0,8
P000980;0,43;0,1;58;0,62;Sim/C/C02;0,64;0,29;10;0,7;Sim/B/B01 Sim/B/B03 Sim/C/C03 ;-0,06 (0,24 | 7 | 0,43) 0,4 (0,25 | 8 | 0,25) 0,35 (0,22 | 4 | 0,25) 
P000981;-2,1;0,16;26;0,35;Sim/A/A02;-2,2;0,24;6;0,5
P000981;-2,1;0,16;26;0,35;Sim/A/A05;-2,07;0,24;5;0,8
P000981;-2,1;0,16;26;0,35;Sim/B/B01;-1,79;0,46;10;0,1;Sim/A/A02 ;-2,2 (0,24 | 6 | 0,5) 
P000982;-3,22;0,18;46;0,3;Sim/A/A01;-3;0,37;10;0,8
P000982;-3,22;0,18;46;0,3;Sim/A/A05;-3,4;0,41;10;0,2;Sim/A/A02 Sim/A/A05 Sim/A/A06 Sim/B/B01 Sim/B/B02 ;-3,26 (0,5 | 10 | 0) -3,4 (0,41 | 10 | 0,2) -3,22 (1,96 | 5 | 0) -3,22 (3,16 | 5 | 0) -3,22 (847,68 | 1 | 0) 
P000983;1,68;0,18;45;0,73;Sim/B/B01;1,49;0,33;10;0,8
P000983;1,68;0,18;45;0,73;Sim/B/B02;1,48;0,44;10;0,6
P000983;1,68;0,18;45;0,73;Sim/B/B03;2,05;0,49;10;0,8
P000983;1,68;0,18;45;0,73;Sim/C/C03;1,67;0,46;10;0,9;Sim/B/B01 Sim/B/B02 Sim/C/C03 Sim/C/C04 Sim/C/C07 ;1,49 (0,33 | 10 | 0,8) 1,48 (0,44 | 10 | 0,6) 1,67 (0,46 | 10 | 0,9) 1,67 (1,52 | 2 | 0) 1,67 (1,74 | 1 | 0) 
P000984;2,05;0,19;49;0,49;Sim/B/B01;1,26;0,26;10;0,7
P000984;2,05;0,19;49;0,49;Sim/B/B02;2,42;0,32;10;0,6
P000984;2,05;0,19;49;0,49;Sim/C/C07;2,46;0,4;10;0,2;Sim/B/B01 Sim/B/B04 ;1,26 (0,26 | 10 | 0,7) 1,9 (0,76 | 5 | 0) 
P000985;-2,33;0,16;31;0,45;Sim/A/A01;-3,1;0,33;10;0,7
P000985;-2,33;0,16;31;0,45;Sim/A/A02;-1,98;0,22;6;0,5
P000985;-2,33;0,16;31;0,45;Sim/A/A05;-2,69;0,2;5;0,4
P000985;-2,33;0,16;31;0,45;Sim/A/A06;-1,12;0,22;5;0,4;Sim/A/A01 Sim/A/A05 Sim/B/B01 ;-3,1 (0,33 | 10 | 0,7) -2,69 (0,2 | 5 | 0,4) -2,34 (1,03 | 5 | 0) 
P000986;-0,62;0,08;66;0,39;Sim/A/A02;-0,76;0,22;10;0,5
P000986;-0,62;0,08;66;0,39;Sim/A/A04;-0,49;0,25;7;0,43
P000986;-0,62;0,08;66;0,39;Sim/A/A06;-0,6;0,18;10;0,6
P000986;-0,62;0,08;66;0,39;Sim/B/B01;-0,83;0,27;10;0,4
P000986;-0,62;0,08;66;0,39;Sim/B/B02;-0,89;0,48;10;0,1
P000986;-0,62;0,08;66;0,39;Sim/C/C02;-0,29;0,23;5;0,6;Sim/A/A02 Sim/A/A07 Sim/B/B01 Sim/B/B02 Sim/C/C03 ;-0,76 (0,22 | 10 | 0,5) -0,91 (0,25 | 4 | 0,25) -0,83 (0,27 | 10 | 0,4) -0,89 (0,48 | 10 | 0,1) -1,03 (0,53 | 6 | 0,17) 
P000987;0,35;0,1;60;0,6;Sim/A/A02;-0,46;0,25;8;0,63
P000987;0,35;0,1;60;0,6;Sim/A/A04;0,34;0,25;8;0,63
P000987;0,35;0,1;60;0,6;Sim/B/B01;0,05;0,24;7;0,43
P000987;0,35;0,1;60;0,6;Sim/B/B02;-0,17;0,22;6;0,33
P000987;0,35;0,1;60;0,6;Sim/B/B03;0,4;0,25;8;0,25
P000987;0,35;0,1;60;0,6;Sim/C/C02;1,05;0,33;10;0,9
P000987;0,35;0,1;60;0,6;Sim/C/C03;0,98;0,25;6;0,67;Sim/A/A02 Sim/A/A04 Sim/B/B01 Sim/B/B02 ;-0,46 (0,25 | 8 | 0,63) 0,34 (0,25 | 8 | 0,63) 0,05 (0,24 | 7 | 0,43) -0,17 (0,22 | 6 | 0,33) 
P000988;-1,3;0,11;61;0,31;Sim/A/A02;-1,54;0,24;6;0,5
P000988;-1,3;0,11;61;0,31;Sim/B/B01;-1,59;0,37;10;0,1
P000988;-1,3;0,11;61;0,31;Sim/C/C01;-0,94;0,2;6;0,5
P000988;-1,3;0,11;61;0,31;Sim/C/C02;-1,03;0,3;10;0,3;Sim/A/A02 Sim/A/A06 Sim/A/A07 Sim/B/B01 Sim/B/B02 ;-1,54 (0,24 | 6 | 0,5) -1,92 (0,65 | 7 | 0) -1,7 (0,99 | 6 | 0,17) -1,59 (0,37 | 10 | 0,1) -1,59 (6,63 | 1 | 0) 
P000989;2,87;0,1;60;0,45;Sim/B/B04;2,63;0,22;8;0,38
P000989;2,87;0,1;60;0,45;Sim/C/C04;3,22;0,27;10;0,4
P000989;2,87;0,1;60;0,45;Sim/C/C05;2,89;0,23;7;0,29
P000989;2,87;0,1;60;0,45;Sim/C/C07;2,45;0,4;10;0,1
P000989;2,87;0,1;60;0,45;Sim/C/C10;3,07;0,19;10;0,3;Sim/B/B04 Sim/C/C07 ;2,63 (0,22 | 8 | 0,38) 2,45 (0,4 | 10 | 0,1) 
P000990;2,98;0,1;55;0,47;Sim/B/B04;3,24;0,2;6;0,5
P000990;2,98;0,1;55;0,47;Sim/C/C04;2,98;0,3;10;0,4
P000990;2,98;0,1;55;0,47;Sim/C/C07;2,57;0,35;10;0,2
P000990;2,98;0,1;55;0,47;Sim/C/C10;2,55;0,44;10;0,2;Sim/B/B03 Sim/C/C04 Sim/C/C07 Sim/C/C10 ;2,55 (1,2 | 5 | 0,8) 2,98 (0,3 | 10 | 0,4) 2,57 (0,35 | 10 | 0,2) 2,55 (0,44 | 10 | 0,2) 
P000991;-4,08;0,15;28;0,18;Sim/A/A01;-3,83;0,22;7;0,43
P000991;-4,08;0,15;28;0,18;Sim/A/A03;-4,26;0,2;5;0,4;Sim/A/A02 Sim/A/A03 Sim/A/A06 Sim/B/B01 Sim/B/B02 ;-4,08 (2,31 | 5 | 0) -4,26 (0,2 | 5 | 0,4) -4,08 (3,05 | 5 | 0) -4,08 (4,69 | 5 | 0) -4,08 (10926,24 | 1 | 0) 
P000992;1,96;0,22;29;0,66;Sim/B/B02;1,83;0,34;10;0,6;Sim/B/B02 Sim/B/B04 Sim/C/C04 Sim/C/C07 Sim/C/C10 ;1,83 (0,34 | 10 | 0,6) 1,95 (1,27 | 1 | 0) 1,96 (1,49 | 1 | 0) 1,95 (1,35 | 1 | 0) 1,96 (1,75 | 1 | 0) 
P000993;0,01;0,09;73;0,55;Sim/A/A02;-0,63;0,23;10;0,5
P000993;0,01;0,09;73;0,55;Sim/A/A04;-0,2;0,23;5;0,4
P000993;0,01;0,09;73;0,55;Sim/A/A07;0,31;0,4;10;0,8
P000993;0,01;0,09;73;0,55;Sim/B/B01;0,16;0,25;9;0,56
P000993;0,01;0,09;73;0,55;Sim/B/B02;0,29;0,22;5;0,4
P000993;0,01;0,09;73;0,55;Sim/B/B03;0,13;0,35;10;0,1
P000993;0,01;0,09;73;0,55;Sim/C/C01;0,42;0,36;10;0,8
P000993;0,01;0,09;73;0,55;Sim/C/C02;-0,48;0,23;5;0,4;Sim/A/A02 Sim/A/A04 Sim/C/C02 ;-0,63 (0,23 | 10 | 0,5) -0,2 (0,23 | 5 | 0,4) -0,48 (0,23 | 5 | 0,4) 
P000994;1,08;0,11;56;0,71;Sim/B/B02;0,61;0,21;10;0,5
P000994;1,08;0,11;56;0,71;Sim/B/B03;0,6;0,24;5;0,2
P000994;1,08;0,11;56;0,71;Sim/C/C02;0,95;0,31;10;0,7
P000994;1,08;0,11;56;0,71;Sim/C/C03;1,53;0,39;10;0,9;Sim/A/A04 Sim/B/B02 Sim/B/B03 Sim/C/C02 Sim/C/C07 ;0,99 (0,65 | 5 | 0,8) 0,61 (0,21 | 10 | 0,5) 0,6 (0,24 | 5 | 0,2) 0,95 (0,31 | 10 | 0,7) 1,08 (3,22 | 1 | 0) 
P000995;-0,9;0,08;61;0,38;Sim/A/A02;-1,02;0,23;6;0,67
P000995;-0,9;0,08;61;0,38;Sim/A/A04;-0,77;0,2;10;0,5
P000995;-0,9;0,08;61;0,38;Sim/A/A07;-0,49;0,19;5;0,6
P000995;-0,9;0,08;61;0,38;Sim/B/B01;-0,39;0,24;9;0,67
P000995;-0,9;0,08;61;0,38;Sim/B/B02;-0,89;0,48;10;0,1
P000995;-0,9;0,08;61;0,38;Sim/C/C01;-1,59;0,37;10;0,1
P000995;-0,9;0,08;61;0,38;Sim/C/C02;-0,77;0,22;7;0,43;Sim/A/A02 Sim/A/A06 Sim/C/C01 ;-1,02 (0,23 | 6 | 0,67) -1,11 (0,24 | 4 | 0) -1,59 (0,37 | 10 | 0,1) 
P000996;3,79;0,08;74;0,54;Sim/B/B04;3,92;0,36;10;0,8
P000996;3,79;0,08;74;0,54;Sim/C/C04;3,9;0,25;7;0,57
P000996;3,79;0,08;74;0,54;Sim/C/C05;3,9;0,21;8;0,63
P000996;3,79;0,08;74;0,54;Sim/C/C06;3,88;0,18;5;0,4
P000996;3,79;0,08;74;0,54;Sim/C/C08;3,71;0,34;10;0
P000996;3,79;0,08;74;0,54;Sim/C/C10;3,87;0,21;7;0,57;Sim/C/C07 Sim/C/C08 Sim/C/C09 ;3,6 (0,21 | 4 | 0,5) 3,71 (0,34 | 10 | 0) 3,3 (0,68 | 8 | 0) 
P000997;3,4;0,1;44;0,61;Sim/C/C04;3,76;0,25;6;0,5
P000997;3,4;0,1;44;0,61;Sim/C/C05;3,77;0,23;5;0,6;Sim/B/B02 Sim/B/B04 Sim/C/C06 Sim/C/C07 ;3,3 (0,83 | 5 | 0,8) 3 (0,22 | 4 | 0,5) 2,9 (0,65 | 7 | 0,14) 3,14 (0,24 | 4 | 0,5) 
P000998;-4,52;0,15;31;0,13;Sim/A/A01;-4,27;0,23;5;0,4
P000998;-4,52;0,15;31;0,13;Sim/A/A03;-4,81;0,32;10;0,2;Sim/A/A03 Sim/A/A06 Sim/B/B01 Sim/B/B02 ;-4,81 (0,32 | 10 | 0,2) -4,52 (3,51 | 5 | 0) -4,52 (5,3 | 5 | 0) -4,52 (40415,61 | 1 | 0) 
P000999;2,88;0,11;54;0,46;Sim/C/C04;2,9;0,32;10;0,4
P000999;2,88;0,11;54;0,46;Sim/C/C05;3,01;0,21;6;0,33
P000999;2,88;0,11;54;0,46;Sim/C/C10;2,67;0,35;10;0,3;Sim/B/B04 Sim/C/C10 ;2,69 (0,23 | 4 | 0,25) 2,67 (0,35 | 10 | 0,3) 